victim,mix,attackers,solo_min,solo_avg,solo_med,atk_min,atk_avg,atk_med,r_min,r_avg,r_med
adpcm_dec,H14_CACHE_MEM_PRC,"CACHE MEM PR_CACHE",347710,322156.67,318470.00,467779,350103.27,335289.50,1.345,1.087,1.053
adpcm_dec,H3_CACHE_PRC_PRC,"CACHE PR_CACHE PR_CACHE",347710,322156.67,318470.00,379370,346898.77,352017.50,1.091,1.077,1.105
adpcm_dec,N4_PTR_PTR_PRC,"POINTER POINTER PR_CACHE",347710,322156.67,318470.00,388391,328965.60,319905.50,1.117,1.021,1.005
adpcm_dec,N3_BUS_MEM_PRMEMBUS,"BUS MEM PR_MEMBUS",347710,322156.67,318470.00,484297,340893.97,324760.00,1.393,1.058,1.020
adpcm_dec,H1_CACHE_PRC_MTHC,"CACHE PR_CACHE MTH_CACHE",347710,322156.67,318470.00,377814,323083.77,319467.50,1.087,1.003,1.003
adpcm_dec,H17_PRC_PRC_PRT,"PR_CACHE PR_CACHE PR_TLB",347710,322156.67,318470.00,384977,351994.10,352396.50,1.107,1.093,1.107
adpcm_dec,N1_CACHE_BUS_PRMEMBUS,"CACHE BUS PR_MEMBUS",347710,322156.67,318470.00,346839,321220.47,319161.00,0.997,0.997,1.002
adpcm_dec,H16_CACHE_MEM_BUS,"CACHE MEM BUS",347710,322156.67,318470.00,481236,394822.93,386689.00,1.384,1.226,1.214
adpcm_dec,N2_CACHE_MEM_PRROW,"CACHE MEM PR_ROWBUF",347710,322156.67,318470.00,519666,349824.47,320244.00,1.495,1.086,1.006
adpcm_dec,H8_BUS_PRMEMBUS_PRC,"BUS PR_MEMBUS PR_CACHE",347710,322156.67,318470.00,375872,332452.10,320453.50,1.081,1.032,1.006
adpcm_dec,H4_TUNED_KILLER,"CACHE BUS MEM",347710,322156.67,318470.00,1400896,417172.57,362176.50,4.029,1.295,1.137
adpcm_dec,N5_CACHE_BUS_MTHM,"CACHE BUS MTH_MEM",347710,322156.67,318470.00,474350,346326.50,327905.50,1.364,1.075,1.030
adpcm_dec,H5_MEM_PRR_MTHM,"MEM PR_ROWBUF MTH_MEM",347710,322156.67,318470.00,484617,335515.10,319970.50,1.394,1.041,1.005
adpcm_dec,H13_CACHE_BUS_PRC,"CACHE BUS PR_CACHE",347710,322156.67,318470.00,377728,325570.83,320169.50,1.086,1.011,1.005
adpcm_dec,H15_PRC_MTHC_MTHM,"PR_CACHE MTH_CACHE MTH_MEM",347710,322156.67,318470.00,486092,351059.37,323728.50,1.398,1.090,1.017
adpcm_dec,MTH_CACHE3,"MTH_CACHE MTH_CACHE MTH_CACHE",347710,322156.67,318470.00,357523,327083.50,320234.00,1.028,1.015,1.006
adpcm_dec,H12_PRC_PRROW_MTHM,"PR_CACHE PR_ROWBUF MTH_MEM",347710,322156.67,318470.00,486970,340864.27,322015.00,1.401,1.058,1.011
adpcm_dec,H9_PTR_PRPTR_MTHPTR,"POINTER PR_POINTER MTH_POINTER",347710,322156.67,318470.00,369551,325396.83,319746.00,1.063,1.010,1.004
adpcm_dec,PR_CACHE3,"PR_CACHE PR_CACHE PR_CACHE",347710,322156.67,318470.00,391697,332996.00,319858.00,1.127,1.034,1.004
adpcm_enc,H14_CACHE_MEM_PRC,"CACHE MEM PR_CACHE",339030,309927.93,306784.00,380487,313829.40,307652.00,1.122,1.013,1.003
adpcm_enc,H3_CACHE_PRC_PRC,"CACHE PR_CACHE PR_CACHE",339030,309927.93,306784.00,387449,317307.57,308504.00,1.143,1.024,1.006
adpcm_enc,N4_PTR_PTR_PRC,"POINTER POINTER PR_CACHE",339030,309927.93,306784.00,394247,340622.77,351635.50,1.163,1.099,1.146
adpcm_enc,N3_BUS_MEM_PRMEMBUS,"BUS MEM PR_MEMBUS",339030,309927.93,306784.00,447622,347310.80,330040.00,1.320,1.121,1.076
adpcm_enc,H1_CACHE_PRC_MTHC,"CACHE PR_CACHE MTH_CACHE",339030,309927.93,306784.00,371964,316146.17,307703.00,1.097,1.020,1.003
adpcm_enc,H17_PRC_PRC_PRT,"PR_CACHE PR_CACHE PR_TLB",339030,309927.93,306784.00,369412,316849.50,308295.50,1.090,1.022,1.005
adpcm_enc,N1_CACHE_BUS_PRMEMBUS,"CACHE BUS PR_MEMBUS",339030,309927.93,306784.00,362911,315258.80,307697.00,1.070,1.017,1.003
adpcm_enc,H16_CACHE_MEM_BUS,"CACHE MEM BUS",339030,309927.93,306784.00,419169,323414.73,308405.50,1.236,1.044,1.005
adpcm_enc,N2_CACHE_MEM_PRROW,"CACHE MEM PR_ROWBUF",339030,309927.93,306784.00,457392,328130.80,312468.50,1.349,1.059,1.019
adpcm_enc,H8_BUS_PRMEMBUS_PRC,"BUS PR_MEMBUS PR_CACHE",339030,309927.93,306784.00,336026,309120.60,306924.50,0.991,0.997,1.000
adpcm_enc,H4_TUNED_KILLER,"CACHE BUS MEM",339030,309927.93,306784.00,408755,323510.07,308858.00,1.206,1.044,1.007
adpcm_enc,N5_CACHE_BUS_MTHM,"CACHE BUS MTH_MEM",339030,309927.93,306784.00,468720,320408.37,309118.50,1.383,1.034,1.008
adpcm_enc,H5_MEM_PRR_MTHM,"MEM PR_ROWBUF MTH_MEM",339030,309927.93,306784.00,509865,337072.23,310726.00,1.504,1.088,1.013
adpcm_enc,H13_CACHE_BUS_PRC,"CACHE BUS PR_CACHE",339030,309927.93,306784.00,362314,313190.60,308953.00,1.069,1.011,1.007
adpcm_enc,H15_PRC_MTHC_MTHM,"PR_CACHE MTH_CACHE MTH_MEM",339030,309927.93,306784.00,929799,344369.53,309989.00,2.743,1.111,1.010
adpcm_enc,MTH_CACHE3,"MTH_CACHE MTH_CACHE MTH_CACHE",339030,309927.93,306784.00,337076,311947.43,308260.00,0.994,1.007,1.005
adpcm_enc,H12_PRC_PRROW_MTHM,"PR_CACHE PR_ROWBUF MTH_MEM",339030,309927.93,306784.00,453469,344661.83,334199.00,1.338,1.112,1.089
adpcm_enc,H9_PTR_PRPTR_MTHPTR,"POINTER PR_POINTER MTH_POINTER",339030,309927.93,306784.00,353579,317839.43,315353.50,1.043,1.026,1.028
adpcm_enc,PR_CACHE3,"PR_CACHE PR_CACHE PR_CACHE",339030,309927.93,306784.00,402250,329676.83,308740.00,1.186,1.064,1.006
ammunition,H14_CACHE_MEM_PRC,"CACHE MEM PR_CACHE",229462238,229286548.93,229280039.50,232924795,231280792.10,231293576.00,1.015,1.009,1.009
ammunition,H3_CACHE_PRC_PRC,"CACHE PR_CACHE PR_CACHE",229462238,229286548.93,229280039.50,232800638,230283200.13,230084338.50,1.015,1.004,1.004
ammunition,N4_PTR_PTR_PRC,"POINTER POINTER PR_CACHE",229462238,229286548.93,229280039.50,231838924,230407362.07,230421139.50,1.010,1.005,1.005
ammunition,N3_BUS_MEM_PRMEMBUS,"BUS MEM PR_MEMBUS",229462238,229286548.93,229280039.50,233360505,231513524.20,231572749.00,1.017,1.010,1.010
ammunition,H1_CACHE_PRC_MTHC,"CACHE PR_CACHE MTH_CACHE",229462238,229286548.93,229280039.50,231894715,229956502.60,229841713.00,1.011,1.003,1.002
ammunition,H17_PRC_PRC_PRT,"PR_CACHE PR_CACHE PR_TLB",229462238,229286548.93,229280039.50,232111579,230574459.53,230360210.00,1.012,1.006,1.005
ammunition,N1_CACHE_BUS_PRMEMBUS,"CACHE BUS PR_MEMBUS",229462238,229286548.93,229280039.50,231767955,229912432.80,229838148.50,1.010,1.003,1.002
ammunition,H16_CACHE_MEM_BUS,"CACHE MEM BUS",229462238,229286548.93,229280039.50,234052134,231175056.53,231001297.50,1.020,1.008,1.008
ammunition,N2_CACHE_MEM_PRROW,"CACHE MEM PR_ROWBUF",229462238,229286548.93,229280039.50,232765113,230942870.63,230849383.50,1.014,1.007,1.007
ammunition,H8_BUS_PRMEMBUS_PRC,"BUS PR_MEMBUS PR_CACHE",229462238,229286548.93,229280039.50,231731694,229959901.40,229819568.50,1.010,1.003,1.002
ammunition,H4_TUNED_KILLER,"CACHE BUS MEM",229462238,229286548.93,229280039.50,232195919,230986419.63,231181792.50,1.012,1.007,1.008
ammunition,N5_CACHE_BUS_MTHM,"CACHE BUS MTH_MEM",229462238,229286548.93,229280039.50,233395476,230995166.50,230871768.00,1.017,1.007,1.007
ammunition,H5_MEM_PRR_MTHM,"MEM PR_ROWBUF MTH_MEM",229462238,229286548.93,229280039.50,234302763,232134236.07,231980868.50,1.021,1.012,1.012
ammunition,H13_CACHE_BUS_PRC,"CACHE BUS PR_CACHE",229462238,229286548.93,229280039.50,231298158,230029971.50,229951725.50,1.008,1.003,1.003
ammunition,H15_PRC_MTHC_MTHM,"PR_CACHE MTH_CACHE MTH_MEM",229462238,229286548.93,229280039.50,232354217,231139990.57,231049346.50,1.013,1.008,1.008
ammunition,MTH_CACHE3,"MTH_CACHE MTH_CACHE MTH_CACHE",229462238,229286548.93,229280039.50,231082467,229568627.97,229343727.00,1.007,1.001,1.000
ammunition,H12_PRC_PRROW_MTHM,"PR_CACHE PR_ROWBUF MTH_MEM",229462238,229286548.93,229280039.50,232857168,231335427.60,231412754.00,1.015,1.009,1.009
ammunition,H9_PTR_PRPTR_MTHPTR,"POINTER PR_POINTER MTH_POINTER",229462238,229286548.93,229280039.50,230230564,229792081.63,229845417.50,1.003,1.002,1.002
ammunition,PR_CACHE3,"PR_CACHE PR_CACHE PR_CACHE",229462238,229286548.93,229280039.50,230896486,230312976.67,230337407.50,1.006,1.004,1.005
binarysearch,H14_CACHE_MEM_PRC,"CACHE MEM PR_CACHE",7479,2214.73,1878.00,37295,10389.87,2797.00,4.987,4.691,1.489
binarysearch,H3_CACHE_PRC_PRC,"CACHE PR_CACHE PR_CACHE",7479,2214.73,1878.00,10325,2328.57,1844.00,1.381,1.051,0.982
binarysearch,N4_PTR_PTR_PRC,"POINTER POINTER PR_CACHE",7479,2214.73,1878.00,19601,5866.60,2003.50,2.621,2.649,1.067
binarysearch,N3_BUS_MEM_PRMEMBUS,"BUS MEM PR_MEMBUS",7479,2214.73,1878.00,16027,2590.53,1859.50,2.143,1.170,0.990
binarysearch,H1_CACHE_PRC_MTHC,"CACHE PR_CACHE MTH_CACHE",7479,2214.73,1878.00,8124,2131.80,1907.50,1.086,0.963,1.016
binarysearch,H17_PRC_PRC_PRT,"PR_CACHE PR_CACHE PR_TLB",7479,2214.73,1878.00,15146,3296.40,2026.50,2.025,1.488,1.079
binarysearch,N1_CACHE_BUS_PRMEMBUS,"CACHE BUS PR_MEMBUS",7479,2214.73,1878.00,8725,2090.47,1846.50,1.167,0.944,0.983
binarysearch,H16_CACHE_MEM_BUS,"CACHE MEM BUS",7479,2214.73,1878.00,42308,4322.50,2035.00,5.657,1.952,1.084
binarysearch,N2_CACHE_MEM_PRROW,"CACHE MEM PR_ROWBUF",7479,2214.73,1878.00,14375,3183.83,2021.00,1.922,1.438,1.076
binarysearch,H8_BUS_PRMEMBUS_PRC,"BUS PR_MEMBUS PR_CACHE",7479,2214.73,1878.00,9787,2463.80,1974.50,1.309,1.112,1.051
binarysearch,H4_TUNED_KILLER,"CACHE BUS MEM",7479,2214.73,1878.00,12911,2851.50,2111.00,1.726,1.288,1.124
binarysearch,N5_CACHE_BUS_MTHM,"CACHE BUS MTH_MEM",7479,2214.73,1878.00,28939,3454.30,2215.50,3.869,1.560,1.180
binarysearch,H5_MEM_PRR_MTHM,"MEM PR_ROWBUF MTH_MEM",7479,2214.73,1878.00,57674,5648.87,1999.00,7.711,2.551,1.064
binarysearch,H13_CACHE_BUS_PRC,"CACHE BUS PR_CACHE",7479,2214.73,1878.00,13643,3093.07,2069.00,1.824,1.397,1.102
binarysearch,H15_PRC_MTHC_MTHM,"PR_CACHE MTH_CACHE MTH_MEM",7479,2214.73,1878.00,32118,3867.70,2049.50,4.294,1.746,1.091
binarysearch,MTH_CACHE3,"MTH_CACHE MTH_CACHE MTH_CACHE",7479,2214.73,1878.00,12556,2752.83,1981.00,1.679,1.243,1.055
binarysearch,H12_PRC_PRROW_MTHM,"PR_CACHE PR_ROWBUF MTH_MEM",7479,2214.73,1878.00,31070,4546.63,2243.50,4.154,2.053,1.195
binarysearch,H9_PTR_PRPTR_MTHPTR,"POINTER PR_POINTER MTH_POINTER",7479,2214.73,1878.00,7164,2091.57,1897.00,0.958,0.944,1.010
binarysearch,PR_CACHE3,"PR_CACHE PR_CACHE PR_CACHE",7479,2214.73,1878.00,14334,2786.93,1856.00,1.917,1.258,0.988
bitcount,H14_CACHE_MEM_PRC,"CACHE MEM PR_CACHE",51951,30929.43,30184.50,57969,31669.17,30186.00,1.116,1.024,1.000
bitcount,H3_CACHE_PRC_PRC,"CACHE PR_CACHE PR_CACHE",51951,30929.43,30184.50,70986,32072.13,30175.00,1.366,1.037,1.000
bitcount,N4_PTR_PTR_PRC,"POINTER POINTER PR_CACHE",51951,30929.43,30184.50,75679,42295.50,31557.00,1.457,1.367,1.045
bitcount,N3_BUS_MEM_PRMEMBUS,"BUS MEM PR_MEMBUS",51951,30929.43,30184.50,56316,31812.27,30117.50,1.084,1.029,0.998
bitcount,H1_CACHE_PRC_MTHC,"CACHE PR_CACHE MTH_CACHE",51951,30929.43,30184.50,53277,34999.17,30505.00,1.026,1.132,1.011
bitcount,H17_PRC_PRC_PRT,"PR_CACHE PR_CACHE PR_TLB",51951,30929.43,30184.50,66286,31976.33,30227.50,1.276,1.034,1.001
bitcount,N1_CACHE_BUS_PRMEMBUS,"CACHE BUS PR_MEMBUS",51951,30929.43,30184.50,55862,31768.17,30147.50,1.075,1.027,0.999
bitcount,H16_CACHE_MEM_BUS,"CACHE MEM BUS",51951,30929.43,30184.50,54069,31253.73,30209.50,1.041,1.010,1.001
bitcount,N2_CACHE_MEM_PRROW,"CACHE MEM PR_ROWBUF",51951,30929.43,30184.50,48991,30798.03,30098.00,0.943,0.996,0.997
bitcount,H8_BUS_PRMEMBUS_PRC,"BUS PR_MEMBUS PR_CACHE",51951,30929.43,30184.50,53721,31278.00,30154.50,1.034,1.011,0.999
bitcount,H4_TUNED_KILLER,"CACHE BUS MEM",51951,30929.43,30184.50,54469,31386.43,30150.00,1.048,1.015,0.999
bitcount,N5_CACHE_BUS_MTHM,"CACHE BUS MTH_MEM",51951,30929.43,30184.50,111907,38625.37,31786.50,2.154,1.249,1.053
bitcount,H5_MEM_PRR_MTHM,"MEM PR_ROWBUF MTH_MEM",51951,30929.43,30184.50,113572,36538.43,32283.50,2.186,1.181,1.070
bitcount,H13_CACHE_BUS_PRC,"CACHE BUS PR_CACHE",51951,30929.43,30184.50,106108,35725.70,30306.00,2.042,1.155,1.004
bitcount,H15_PRC_MTHC_MTHM,"PR_CACHE MTH_CACHE MTH_MEM",51951,30929.43,30184.50,106165,43068.37,32416.50,2.044,1.392,1.074
bitcount,MTH_CACHE3,"MTH_CACHE MTH_CACHE MTH_CACHE",51951,30929.43,30184.50,50604,31184.10,30479.00,0.974,1.008,1.010
bitcount,H12_PRC_PRROW_MTHM,"PR_CACHE PR_ROWBUF MTH_MEM",51951,30929.43,30184.50,60544,31826.17,30128.00,1.165,1.029,0.998
bitcount,H9_PTR_PRPTR_MTHPTR,"POINTER PR_POINTER MTH_POINTER",51951,30929.43,30184.50,55811,36796.43,35077.00,1.074,1.190,1.162
bitcount,PR_CACHE3,"PR_CACHE PR_CACHE PR_CACHE",51951,30929.43,30184.50,73804,45424.40,33054.50,1.421,1.469,1.095
bitonic,H14_CACHE_MEM_PRC,"CACHE MEM PR_CACHE",26796,22088.53,21759.50,43868,23285.13,21827.50,1.637,1.054,1.003
bitonic,H3_CACHE_PRC_PRC,"CACHE PR_CACHE PR_CACHE",26796,22088.53,21759.50,29616,22142.23,21799.50,1.105,1.002,1.002
bitonic,N4_PTR_PTR_PRC,"POINTER POINTER PR_CACHE",26796,22088.53,21759.50,41086,22666.77,21791.00,1.533,1.026,1.001
bitonic,N3_BUS_MEM_PRMEMBUS,"BUS MEM PR_MEMBUS",26796,22088.53,21759.50,30255,22081.43,21780.50,1.129,1.000,1.001
bitonic,H1_CACHE_PRC_MTHC,"CACHE PR_CACHE MTH_CACHE",26796,22088.53,21759.50,33122,22543.70,21818.00,1.236,1.021,1.003
bitonic,H17_PRC_PRC_PRT,"PR_CACHE PR_CACHE PR_TLB",26796,22088.53,21759.50,42028,22710.53,21849.00,1.568,1.028,1.004
bitonic,N1_CACHE_BUS_PRMEMBUS,"CACHE BUS PR_MEMBUS",26796,22088.53,21759.50,27407,22002.00,21766.50,1.023,0.996,1.000
bitonic,H16_CACHE_MEM_BUS,"CACHE MEM BUS",26796,22088.53,21759.50,30465,22638.83,22106.00,1.137,1.025,1.016
bitonic,N2_CACHE_MEM_PRROW,"CACHE MEM PR_ROWBUF",26796,22088.53,21759.50,41511,23674.23,22349.50,1.549,1.072,1.027
bitonic,H8_BUS_PRMEMBUS_PRC,"BUS PR_MEMBUS PR_CACHE",26796,22088.53,21759.50,34899,22505.20,21782.00,1.302,1.019,1.001
bitonic,H4_TUNED_KILLER,"CACHE BUS MEM",26796,22088.53,21759.50,50537,25699.53,22419.50,1.886,1.163,1.030
bitonic,N5_CACHE_BUS_MTHM,"CACHE BUS MTH_MEM",26796,22088.53,21759.50,59374,23622.73,22179.00,2.216,1.069,1.019
bitonic,H5_MEM_PRR_MTHM,"MEM PR_ROWBUF MTH_MEM",26796,22088.53,21759.50,54311,24457.60,22396.00,2.027,1.107,1.029
bitonic,H13_CACHE_BUS_PRC,"CACHE BUS PR_CACHE",26796,22088.53,21759.50,31690,22824.60,22140.00,1.183,1.033,1.017
bitonic,H15_PRC_MTHC_MTHM,"PR_CACHE MTH_CACHE MTH_MEM",26796,22088.53,21759.50,57280,23645.37,22033.50,2.138,1.070,1.013
bitonic,MTH_CACHE3,"MTH_CACHE MTH_CACHE MTH_CACHE",26796,22088.53,21759.50,26979,22092.30,21780.50,1.007,1.000,1.001
bitonic,H12_PRC_PRROW_MTHM,"PR_CACHE PR_ROWBUF MTH_MEM",26796,22088.53,21759.50,54426,22888.87,21753.50,2.031,1.036,1.000
bitonic,H9_PTR_PRPTR_MTHPTR,"POINTER PR_POINTER MTH_POINTER",26796,22088.53,21759.50,28731,22295.63,21801.50,1.072,1.009,1.002
bitonic,PR_CACHE3,"PR_CACHE PR_CACHE PR_CACHE",26796,22088.53,21759.50,39874,22571.87,21766.50,1.488,1.022,1.000
bsort,H14_CACHE_MEM_PRC,"CACHE MEM PR_CACHE",365671,357361.30,357279.00,375364,358287.47,357524.00,1.027,1.003,1.001
bsort,H3_CACHE_PRC_PRC,"CACHE PR_CACHE PR_CACHE",365671,357361.30,357279.00,375499,364712.60,363532.00,1.027,1.021,1.018
bsort,N4_PTR_PTR_PRC,"POINTER POINTER PR_CACHE",365671,357361.30,357279.00,376735,364523.07,363782.00,1.030,1.020,1.018
bsort,N3_BUS_MEM_PRMEMBUS,"BUS MEM PR_MEMBUS",365671,357361.30,357279.00,382684,361602.67,357842.50,1.047,1.012,1.002
bsort,H1_CACHE_PRC_MTHC,"CACHE PR_CACHE MTH_CACHE",365671,357361.30,357279.00,364254,358256.07,357741.00,0.996,1.003,1.001
bsort,H17_PRC_PRC_PRT,"PR_CACHE PR_CACHE PR_TLB",365671,357361.30,357279.00,367923,360407.73,359213.00,1.006,1.009,1.005
bsort,N1_CACHE_BUS_PRMEMBUS,"CACHE BUS PR_MEMBUS",365671,357361.30,357279.00,363666,358412.57,357972.50,0.995,1.003,1.002
bsort,H16_CACHE_MEM_BUS,"CACHE MEM BUS",365671,357361.30,357279.00,405349,365607.93,358727.00,1.109,1.023,1.004
bsort,N2_CACHE_MEM_PRROW,"CACHE MEM PR_ROWBUF",365671,357361.30,357279.00,380696,360348.63,358195.50,1.041,1.008,1.003
bsort,H8_BUS_PRMEMBUS_PRC,"BUS PR_MEMBUS PR_CACHE",365671,357361.30,357279.00,368943,360637.27,360537.50,1.009,1.009,1.009
bsort,H4_TUNED_KILLER,"CACHE BUS MEM",365671,357361.30,357279.00,383522,360478.93,357807.00,1.049,1.009,1.001
bsort,N5_CACHE_BUS_MTHM,"CACHE BUS MTH_MEM",365671,357361.30,357279.00,370234,359182.80,357737.50,1.012,1.005,1.001
bsort,H5_MEM_PRR_MTHM,"MEM PR_ROWBUF MTH_MEM",365671,357361.30,357279.00,384596,360510.20,358281.00,1.052,1.009,1.003
bsort,H13_CACHE_BUS_PRC,"CACHE BUS PR_CACHE",365671,357361.30,357279.00,382089,361007.10,359024.00,1.045,1.010,1.005
bsort,H15_PRC_MTHC_MTHM,"PR_CACHE MTH_CACHE MTH_MEM",365671,357361.30,357279.00,390000,363202.97,357871.00,1.067,1.016,1.002
bsort,MTH_CACHE3,"MTH_CACHE MTH_CACHE MTH_CACHE",365671,357361.30,357279.00,365165,358737.07,357857.50,0.999,1.004,1.002
bsort,H12_PRC_PRROW_MTHM,"PR_CACHE PR_ROWBUF MTH_MEM",365671,357361.30,357279.00,1129375,391474.83,357864.50,3.089,1.095,1.002
bsort,H9_PTR_PRPTR_MTHPTR,"POINTER PR_POINTER MTH_POINTER",365671,357361.30,357279.00,376760,359997.13,358793.50,1.030,1.007,1.004
bsort,PR_CACHE3,"PR_CACHE PR_CACHE PR_CACHE",365671,357361.30,357279.00,369131,360671.53,359692.00,1.009,1.009,1.007
cjpeg_transupp,H14_CACHE_MEM_PRC,"CACHE MEM PR_CACHE",7231872,7189138.80,7190832.00,7641559,7340456.73,7317498.00,1.057,1.021,1.018
cjpeg_transupp,H3_CACHE_PRC_PRC,"CACHE PR_CACHE PR_CACHE",7231872,7189138.80,7190832.00,7271216,7235582.00,7235013.50,1.005,1.006,1.006
cjpeg_transupp,N4_PTR_PTR_PRC,"POINTER POINTER PR_CACHE",7231872,7189138.80,7190832.00,7315362,7268617.80,7270058.50,1.012,1.011,1.011
cjpeg_transupp,N3_BUS_MEM_PRMEMBUS,"BUS MEM PR_MEMBUS",7231872,7189138.80,7190832.00,8174298,7374948.83,7328913.00,1.130,1.026,1.019
cjpeg_transupp,H1_CACHE_PRC_MTHC,"CACHE PR_CACHE MTH_CACHE",7231872,7189138.80,7190832.00,7300416,7226843.83,7224576.00,1.009,1.005,1.005
cjpeg_transupp,H17_PRC_PRC_PRT,"PR_CACHE PR_CACHE PR_TLB",7231872,7189138.80,7190832.00,7344120,7256796.97,7251670.00,1.016,1.009,1.008
cjpeg_transupp,N1_CACHE_BUS_PRMEMBUS,"CACHE BUS PR_MEMBUS",7231872,7189138.80,7190832.00,7275054,7221208.77,7218214.00,1.006,1.004,1.004
cjpeg_transupp,H16_CACHE_MEM_BUS,"CACHE MEM BUS",7231872,7189138.80,7190832.00,7898577,7366473.07,7305583.00,1.092,1.025,1.016
cjpeg_transupp,N2_CACHE_MEM_PRROW,"CACHE MEM PR_ROWBUF",7231872,7189138.80,7190832.00,7455668,7320220.10,7310914.50,1.031,1.018,1.017
cjpeg_transupp,H8_BUS_PRMEMBUS_PRC,"BUS PR_MEMBUS PR_CACHE",7231872,7189138.80,7190832.00,7295718,7235383.07,7232042.00,1.009,1.006,1.006
cjpeg_transupp,H4_TUNED_KILLER,"CACHE BUS MEM",7231872,7189138.80,7190832.00,8404967,7421697.10,7371473.50,1.162,1.032,1.025
cjpeg_transupp,N5_CACHE_BUS_MTHM,"CACHE BUS MTH_MEM",7231872,7189138.80,7190832.00,8344519,7402343.47,7336115.00,1.154,1.030,1.020
cjpeg_transupp,H5_MEM_PRR_MTHM,"MEM PR_ROWBUF MTH_MEM",7231872,7189138.80,7190832.00,8218373,7461368.03,7369881.00,1.136,1.038,1.025
cjpeg_transupp,H13_CACHE_BUS_PRC,"CACHE BUS PR_CACHE",7231872,7189138.80,7190832.00,7285453,7243301.33,7244843.00,1.007,1.008,1.008
cjpeg_transupp,H15_PRC_MTHC_MTHM,"PR_CACHE MTH_CACHE MTH_MEM",7231872,7189138.80,7190832.00,8314359,7350644.17,7303808.50,1.150,1.022,1.016
cjpeg_transupp,MTH_CACHE3,"MTH_CACHE MTH_CACHE MTH_CACHE",7231872,7189138.80,7190832.00,7226706,7199589.80,7196370.00,0.999,1.001,1.001
cjpeg_transupp,H12_PRC_PRROW_MTHM,"PR_CACHE PR_ROWBUF MTH_MEM",7231872,7189138.80,7190832.00,7945340,7399576.00,7366813.50,1.099,1.029,1.024
cjpeg_transupp,H9_PTR_PRPTR_MTHPTR,"POINTER PR_POINTER MTH_POINTER",7231872,7189138.80,7190832.00,7281179,7231810.73,7230907.00,1.007,1.006,1.006
cjpeg_transupp,PR_CACHE3,"PR_CACHE PR_CACHE PR_CACHE",7231872,7189138.80,7190832.00,7336335,7263146.93,7255794.00,1.014,1.010,1.009
cjpeg_wrbmp,H14_CACHE_MEM_PRC,"CACHE MEM PR_CACHE",280697,269177.17,267154.50,351442,271279.53,267202.50,1.252,1.008,1.000
cjpeg_wrbmp,H3_CACHE_PRC_PRC,"CACHE PR_CACHE PR_CACHE",280697,269177.17,267154.50,289477,274322.73,274533.50,1.031,1.019,1.028
cjpeg_wrbmp,N4_PTR_PTR_PRC,"POINTER POINTER PR_CACHE",280697,269177.17,267154.50,310105,271752.47,267772.00,1.105,1.010,1.002
cjpeg_wrbmp,N3_BUS_MEM_PRMEMBUS,"BUS MEM PR_MEMBUS",280697,269177.17,267154.50,339212,275006.93,269061.50,1.208,1.022,1.007
cjpeg_wrbmp,H1_CACHE_PRC_MTHC,"CACHE PR_CACHE MTH_CACHE",280697,269177.17,267154.50,290973,270285.37,267240.50,1.037,1.004,1.000
cjpeg_wrbmp,H17_PRC_PRC_PRT,"PR_CACHE PR_CACHE PR_TLB",280697,269177.17,267154.50,302332,271086.83,268094.00,1.077,1.007,1.004
cjpeg_wrbmp,N1_CACHE_BUS_PRMEMBUS,"CACHE BUS PR_MEMBUS",280697,269177.17,267154.50,285590,269710.87,267268.00,1.017,1.002,1.000
cjpeg_wrbmp,H16_CACHE_MEM_BUS,"CACHE MEM BUS",280697,269177.17,267154.50,327822,279944.33,272608.00,1.168,1.040,1.020
cjpeg_wrbmp,N2_CACHE_MEM_PRROW,"CACHE MEM PR_ROWBUF",280697,269177.17,267154.50,311667,276999.77,271192.50,1.110,1.029,1.015
cjpeg_wrbmp,H8_BUS_PRMEMBUS_PRC,"BUS PR_MEMBUS PR_CACHE",280697,269177.17,267154.50,290014,269886.50,267820.00,1.033,1.003,1.002
cjpeg_wrbmp,H4_TUNED_KILLER,"CACHE BUS MEM",280697,269177.17,267154.50,338438,281006.23,271300.50,1.206,1.044,1.016
cjpeg_wrbmp,N5_CACHE_BUS_MTHM,"CACHE BUS MTH_MEM",280697,269177.17,267154.50,400547,277164.60,269246.00,1.427,1.030,1.008
cjpeg_wrbmp,H5_MEM_PRR_MTHM,"MEM PR_ROWBUF MTH_MEM",280697,269177.17,267154.50,318831,275728.80,269686.00,1.136,1.024,1.009
cjpeg_wrbmp,H13_CACHE_BUS_PRC,"CACHE BUS PR_CACHE",280697,269177.17,267154.50,318785,273613.07,268233.50,1.136,1.016,1.004
cjpeg_wrbmp,H15_PRC_MTHC_MTHM,"PR_CACHE MTH_CACHE MTH_MEM",280697,269177.17,267154.50,343592,280402.30,269137.50,1.224,1.042,1.007
cjpeg_wrbmp,MTH_CACHE3,"MTH_CACHE MTH_CACHE MTH_CACHE",280697,269177.17,267154.50,293468,271657.37,269282.00,1.045,1.009,1.008
cjpeg_wrbmp,H12_PRC_PRROW_MTHM,"PR_CACHE PR_ROWBUF MTH_MEM",280697,269177.17,267154.50,340807,279084.60,271665.50,1.214,1.037,1.017
cjpeg_wrbmp,H9_PTR_PRPTR_MTHPTR,"POINTER PR_POINTER MTH_POINTER",280697,269177.17,267154.50,286926,271738.13,270495.50,1.022,1.010,1.013
cjpeg_wrbmp,PR_CACHE3,"PR_CACHE PR_CACHE PR_CACHE",280697,269177.17,267154.50,336779,274165.17,267329.50,1.200,1.019,1.001
complex_updates,H14_CACHE_MEM_PRC,"CACHE MEM PR_CACHE",8753,3724.47,3546.00,38001,5561.93,3874.00,4.341,1.493,1.092
complex_updates,H3_CACHE_PRC_PRC,"CACHE PR_CACHE PR_CACHE",8753,3724.47,3546.00,19376,4648.30,3702.00,2.214,1.248,1.044
complex_updates,N4_PTR_PTR_PRC,"POINTER POINTER PR_CACHE",8753,3724.47,3546.00,16106,4032.87,3562.50,1.840,1.083,1.005
complex_updates,N3_BUS_MEM_PRMEMBUS,"BUS MEM PR_MEMBUS",8753,3724.47,3546.00,24908,5928.60,3902.50,2.846,1.592,1.101
complex_updates,H1_CACHE_PRC_MTHC,"CACHE PR_CACHE MTH_CACHE",8753,3724.47,3546.00,15843,4006.57,3547.50,1.810,1.076,1.000
complex_updates,H17_PRC_PRC_PRT,"PR_CACHE PR_CACHE PR_TLB",8753,3724.47,3546.00,14962,4138.93,3550.00,1.709,1.111,1.001
complex_updates,N1_CACHE_BUS_PRMEMBUS,"CACHE BUS PR_MEMBUS",8753,3724.47,3546.00,11185,4155.40,3642.00,1.278,1.116,1.027
complex_updates,H16_CACHE_MEM_BUS,"CACHE MEM BUS",8753,3724.47,3546.00,9838,3898.67,3610.00,1.124,1.047,1.018
complex_updates,N2_CACHE_MEM_PRROW,"CACHE MEM PR_ROWBUF",8753,3724.47,3546.00,10824,3841.43,3566.00,1.237,1.031,1.006
complex_updates,H8_BUS_PRMEMBUS_PRC,"BUS PR_MEMBUS PR_CACHE",8753,3724.47,3546.00,14826,4447.57,3763.50,1.694,1.194,1.061
complex_updates,H4_TUNED_KILLER,"CACHE BUS MEM",8753,3724.47,3546.00,20701,4286.50,3554.50,2.365,1.151,1.002
complex_updates,N5_CACHE_BUS_MTHM,"CACHE BUS MTH_MEM",8753,3724.47,3546.00,37809,5454.10,3856.50,4.320,1.464,1.088
complex_updates,H5_MEM_PRR_MTHM,"MEM PR_ROWBUF MTH_MEM",8753,3724.47,3546.00,35035,6205.27,4094.00,4.003,1.666,1.155
complex_updates,H13_CACHE_BUS_PRC,"CACHE BUS PR_CACHE",8753,3724.47,3546.00,14774,4267.57,3535.50,1.688,1.146,0.997
complex_updates,H15_PRC_MTHC_MTHM,"PR_CACHE MTH_CACHE MTH_MEM",8753,3724.47,3546.00,38525,8147.87,4054.00,4.401,2.188,1.143
complex_updates,MTH_CACHE3,"MTH_CACHE MTH_CACHE MTH_CACHE",8753,3724.47,3546.00,12359,3906.37,3539.00,1.412,1.049,0.998
complex_updates,H12_PRC_PRROW_MTHM,"PR_CACHE PR_ROWBUF MTH_MEM",8753,3724.47,3546.00,10953,4083.00,3550.00,1.251,1.096,1.001
complex_updates,H9_PTR_PRPTR_MTHPTR,"POINTER PR_POINTER MTH_POINTER",8753,3724.47,3546.00,13241,4904.80,4165.50,1.513,1.317,1.175
complex_updates,PR_CACHE3,"PR_CACHE PR_CACHE PR_CACHE",8753,3724.47,3546.00,28459,5318.37,3592.00,3.251,1.428,1.013
cosf,H14_CACHE_MEM_PRC,"CACHE MEM PR_CACHE",43732,31761.03,31220.00,96348,36968.60,31298.50,2.203,1.164,1.003
cosf,H3_CACHE_PRC_PRC,"CACHE PR_CACHE PR_CACHE",43732,31761.03,31220.00,59125,32711.33,31086.00,1.352,1.030,0.996
cosf,N4_PTR_PTR_PRC,"POINTER POINTER PR_CACHE",43732,31761.03,31220.00,60850,32969.00,31066.50,1.391,1.038,0.995
cosf,N3_BUS_MEM_PRMEMBUS,"BUS MEM PR_MEMBUS",43732,31761.03,31220.00,97346,34422.10,31582.50,2.226,1.084,1.012
cosf,H1_CACHE_PRC_MTHC,"CACHE PR_CACHE MTH_CACHE",43732,31761.03,31220.00,63191,38495.33,32060.50,1.445,1.212,1.027
cosf,H17_PRC_PRC_PRT,"PR_CACHE PR_CACHE PR_TLB",43732,31761.03,31220.00,62104,34305.60,31082.00,1.420,1.080,0.996
cosf,N1_CACHE_BUS_PRMEMBUS,"CACHE BUS PR_MEMBUS",43732,31761.03,31220.00,48601,32192.47,31252.50,1.111,1.014,1.001
cosf,H16_CACHE_MEM_BUS,"CACHE MEM BUS",43732,31761.03,31220.00,58128,32637.57,31046.50,1.329,1.028,0.994
cosf,N2_CACHE_MEM_PRROW,"CACHE MEM PR_ROWBUF",43732,31761.03,31220.00,59824,33522.13,31101.50,1.368,1.055,0.996
cosf,H8_BUS_PRMEMBUS_PRC,"BUS PR_MEMBUS PR_CACHE",43732,31761.03,31220.00,63826,33200.87,31095.50,1.459,1.045,0.996
cosf,H4_TUNED_KILLER,"CACHE BUS MEM",43732,31761.03,31220.00,96864,37454.33,31694.00,2.215,1.179,1.015
cosf,N5_CACHE_BUS_MTHM,"CACHE BUS MTH_MEM",43732,31761.03,31220.00,108399,38233.80,31719.50,2.479,1.204,1.016
cosf,H5_MEM_PRR_MTHM,"MEM PR_ROWBUF MTH_MEM",43732,31761.03,31220.00,95560,38817.27,32698.00,2.185,1.222,1.047
cosf,H13_CACHE_BUS_PRC,"CACHE BUS PR_CACHE",43732,31761.03,31220.00,60260,36847.40,31232.50,1.378,1.160,1.000
cosf,H15_PRC_MTHC_MTHM,"PR_CACHE MTH_CACHE MTH_MEM",43732,31761.03,31220.00,96351,39372.17,31836.50,2.203,1.240,1.020
cosf,MTH_CACHE3,"MTH_CACHE MTH_CACHE MTH_CACHE",43732,31761.03,31220.00,47091,33546.80,31236.50,1.077,1.056,1.001
cosf,H12_PRC_PRROW_MTHM,"PR_CACHE PR_ROWBUF MTH_MEM",43732,31761.03,31220.00,139734,42082.17,31837.00,3.195,1.325,1.020
cosf,H9_PTR_PRPTR_MTHPTR,"POINTER PR_POINTER MTH_POINTER",43732,31761.03,31220.00,46951,35522.03,34621.00,1.074,1.118,1.109
cosf,PR_CACHE3,"PR_CACHE PR_CACHE PR_CACHE",43732,31761.03,31220.00,68667,33549.83,31062.00,1.570,1.056,0.995
countnegative,H14_CACHE_MEM_PRC,"CACHE MEM PR_CACHE",40418,34342.77,33869.00,72835,36673.07,33908.50,1.802,1.068,1.001
countnegative,H3_CACHE_PRC_PRC,"CACHE PR_CACHE PR_CACHE",40418,34342.77,33869.00,46834,34944.87,34040.50,1.159,1.018,1.005
countnegative,N4_PTR_PTR_PRC,"POINTER POINTER PR_CACHE",40418,34342.77,33869.00,58566,41206.63,38656.00,1.449,1.200,1.141
countnegative,N3_BUS_MEM_PRMEMBUS,"BUS MEM PR_MEMBUS",40418,34342.77,33869.00,354637,48992.67,34300.00,8.774,1.427,1.013
countnegative,H1_CACHE_PRC_MTHC,"CACHE PR_CACHE MTH_CACHE",40418,34342.77,33869.00,46793,34448.73,33851.50,1.158,1.003,0.999
countnegative,H17_PRC_PRC_PRT,"PR_CACHE PR_CACHE PR_TLB",40418,34342.77,33869.00,52714,46482.63,46486.00,1.304,1.353,1.373
countnegative,N1_CACHE_BUS_PRMEMBUS,"CACHE BUS PR_MEMBUS",40418,34342.77,33869.00,41478,34277.17,33882.50,1.026,0.998,1.000
countnegative,H16_CACHE_MEM_BUS,"CACHE MEM BUS",40418,34342.77,33869.00,79967,38262.83,34181.00,1.978,1.114,1.009
countnegative,N2_CACHE_MEM_PRROW,"CACHE MEM PR_ROWBUF",40418,34342.77,33869.00,63487,36385.60,34238.50,1.571,1.059,1.011
countnegative,H8_BUS_PRMEMBUS_PRC,"BUS PR_MEMBUS PR_CACHE",40418,34342.77,33869.00,47766,34630.00,33882.50,1.182,1.008,1.000
countnegative,H4_TUNED_KILLER,"CACHE BUS MEM",40418,34342.77,33869.00,171054,65982.10,63792.50,4.232,1.921,1.884
countnegative,N5_CACHE_BUS_MTHM,"CACHE BUS MTH_MEM",40418,34342.77,33869.00,42525,34577.50,34006.00,1.052,1.007,1.004
countnegative,H5_MEM_PRR_MTHM,"MEM PR_ROWBUF MTH_MEM",40418,34342.77,33869.00,71955,35772.60,34178.00,1.780,1.042,1.009
countnegative,H13_CACHE_BUS_PRC,"CACHE BUS PR_CACHE",40418,34342.77,33869.00,49811,37559.13,33848.00,1.232,1.094,0.999
countnegative,H15_PRC_MTHC_MTHM,"PR_CACHE MTH_CACHE MTH_MEM",40418,34342.77,33869.00,93490,40536.77,34230.50,2.313,1.180,1.011
countnegative,MTH_CACHE3,"MTH_CACHE MTH_CACHE MTH_CACHE",40418,34342.77,33869.00,44218,34825.97,33870.50,1.094,1.014,1.000
countnegative,H12_PRC_PRROW_MTHM,"PR_CACHE PR_ROWBUF MTH_MEM",40418,34342.77,33869.00,45517,34941.70,33982.00,1.126,1.017,1.003
countnegative,H9_PTR_PRPTR_MTHPTR,"POINTER PR_POINTER MTH_POINTER",40418,34342.77,33869.00,43965,34466.63,33887.00,1.088,1.004,1.001
countnegative,PR_CACHE3,"PR_CACHE PR_CACHE PR_CACHE",40418,34342.77,33869.00,58117,35149.63,33890.50,1.438,1.023,1.001
cover,H14_CACHE_MEM_PRC,"CACHE MEM PR_CACHE",23942,6540.90,5919.50,108632,11129.07,6042.00,4.537,1.701,1.021
cover,H3_CACHE_PRC_PRC,"CACHE PR_CACHE PR_CACHE",23942,6540.90,5919.50,46215,11080.63,6532.50,1.930,1.694,1.104
cover,N4_PTR_PTR_PRC,"POINTER POINTER PR_CACHE",23942,6540.90,5919.50,57444,9244.90,6000.50,2.399,1.413,1.014
cover,N3_BUS_MEM_PRMEMBUS,"BUS MEM PR_MEMBUS",23942,6540.90,5919.50,27898,6873.43,5942.50,1.165,1.051,1.004
cover,H1_CACHE_PRC_MTHC,"CACHE PR_CACHE MTH_CACHE",23942,6540.90,5919.50,44209,7769.33,5947.50,1.847,1.188,1.005
cover,H17_PRC_PRC_PRT,"PR_CACHE PR_CACHE PR_TLB",23942,6540.90,5919.50,63584,11432.30,5953.50,2.656,1.748,1.006
cover,N1_CACHE_BUS_PRMEMBUS,"CACHE BUS PR_MEMBUS",23942,6540.90,5919.50,38371,7805.17,6016.00,1.603,1.193,1.016
cover,H16_CACHE_MEM_BUS,"CACHE MEM BUS",23942,6540.90,5919.50,39598,8536.70,6916.50,1.654,1.305,1.168
cover,N2_CACHE_MEM_PRROW,"CACHE MEM PR_ROWBUF",23942,6540.90,5919.50,109653,14284.30,6969.50,4.580,2.184,1.177
cover,H8_BUS_PRMEMBUS_PRC,"BUS PR_MEMBUS PR_CACHE",23942,6540.90,5919.50,104028,9838.13,5930.50,4.345,1.504,1.002
cover,H4_TUNED_KILLER,"CACHE BUS MEM",23942,6540.90,5919.50,43127,7431.47,6050.50,1.801,1.136,1.022
cover,N5_CACHE_BUS_MTHM,"CACHE BUS MTH_MEM",23942,6540.90,5919.50,115594,12738.43,6910.50,4.828,1.948,1.167
cover,H5_MEM_PRR_MTHM,"MEM PR_ROWBUF MTH_MEM",23942,6540.90,5919.50,115571,14440.03,8333.00,4.827,2.208,1.408
cover,H13_CACHE_BUS_PRC,"CACHE BUS PR_CACHE",23942,6540.90,5919.50,100016,21930.37,7854.50,4.177,3.353,1.327
cover,H15_PRC_MTHC_MTHM,"PR_CACHE MTH_CACHE MTH_MEM",23942,6540.90,5919.50,26328,6775.67,6036.50,1.100,1.036,1.020
cover,MTH_CACHE3,"MTH_CACHE MTH_CACHE MTH_CACHE",23942,6540.90,5919.50,23206,7116.77,6000.50,0.969,1.088,1.014
cover,H12_PRC_PRROW_MTHM,"PR_CACHE PR_ROWBUF MTH_MEM",23942,6540.90,5919.50,106521,14683.00,7875.50,4.449,2.245,1.330
cover,H9_PTR_PRPTR_MTHPTR,"POINTER PR_POINTER MTH_POINTER",23942,6540.90,5919.50,37096,7453.90,6058.50,1.549,1.140,1.023
cover,PR_CACHE3,"PR_CACHE PR_CACHE PR_CACHE",23942,6540.90,5919.50,51600,8376.57,5942.00,2.155,1.281,1.004
cubic,H14_CACHE_MEM_PRC,"CACHE MEM PR_CACHE",2185364,2131178.03,2122218.50,2408189,2272342.37,2264288.00,1.102,1.066,1.067
cubic,H3_CACHE_PRC_PRC,"CACHE PR_CACHE PR_CACHE",2185364,2131178.03,2122218.50,2244914,2211146.93,2211593.00,1.027,1.038,1.042
cubic,N4_PTR_PTR_PRC,"POINTER POINTER PR_CACHE",2185364,2131178.03,2122218.50,2327322,2235277.53,2232088.50,1.065,1.049,1.052
cubic,N3_BUS_MEM_PRMEMBUS,"BUS MEM PR_MEMBUS",2185364,2131178.03,2122218.50,3056240,2356003.93,2329885.00,1.399,1.105,1.098
cubic,H1_CACHE_PRC_MTHC,"CACHE PR_CACHE MTH_CACHE",2185364,2131178.03,2122218.50,2267176,2191561.13,2186199.50,1.037,1.028,1.030
cubic,H17_PRC_PRC_PRT,"PR_CACHE PR_CACHE PR_TLB",2185364,2131178.03,2122218.50,2300296,2236490.43,2230240.50,1.053,1.049,1.051
cubic,N1_CACHE_BUS_PRMEMBUS,"CACHE BUS PR_MEMBUS",2185364,2131178.03,2122218.50,2243694,2176373.47,2171169.00,1.027,1.021,1.023
cubic,H16_CACHE_MEM_BUS,"CACHE MEM BUS",2185364,2131178.03,2122218.50,2386674,2270749.50,2251662.50,1.092,1.065,1.061
cubic,N2_CACHE_MEM_PRROW,"CACHE MEM PR_ROWBUF",2185364,2131178.03,2122218.50,2397809,2257881.87,2260688.00,1.097,1.059,1.065
cubic,H8_BUS_PRMEMBUS_PRC,"BUS PR_MEMBUS PR_CACHE",2185364,2131178.03,2122218.50,2386054,2221898.67,2201090.00,1.092,1.043,1.037
cubic,H4_TUNED_KILLER,"CACHE BUS MEM",2185364,2131178.03,2122218.50,2456622,2226370.43,2191336.00,1.124,1.045,1.033
cubic,N5_CACHE_BUS_MTHM,"CACHE BUS MTH_MEM",2185364,2131178.03,2122218.50,2314649,2184804.93,2170770.50,1.059,1.025,1.023
cubic,H5_MEM_PRR_MTHM,"MEM PR_ROWBUF MTH_MEM",2185364,2131178.03,2122218.50,2793584,2201934.67,2145230.00,1.278,1.033,1.011
cubic,H13_CACHE_BUS_PRC,"CACHE BUS PR_CACHE",2185364,2131178.03,2122218.50,2332296,2212333.33,2204984.50,1.067,1.038,1.039
cubic,H15_PRC_MTHC_MTHM,"PR_CACHE MTH_CACHE MTH_MEM",2185364,2131178.03,2122218.50,2410176,2222273.93,2218513.00,1.103,1.043,1.045
cubic,MTH_CACHE3,"MTH_CACHE MTH_CACHE MTH_CACHE",2185364,2131178.03,2122218.50,2279737,2170729.77,2163348.00,1.043,1.019,1.019
cubic,H12_PRC_PRROW_MTHM,"PR_CACHE PR_ROWBUF MTH_MEM",2185364,2131178.03,2122218.50,2923533,2239298.40,2192702.00,1.338,1.051,1.033
cubic,H9_PTR_PRPTR_MTHPTR,"POINTER PR_POINTER MTH_POINTER",2185364,2131178.03,2122218.50,2249060,2178242.10,2178235.00,1.029,1.022,1.026
cubic,PR_CACHE3,"PR_CACHE PR_CACHE PR_CACHE",2185364,2131178.03,2122218.50,2425132,2253056.77,2235803.50,1.110,1.057,1.054
deg2rad,H14_CACHE_MEM_PRC,"CACHE MEM PR_CACHE",20517,17397.43,17170.00,33924,19694.23,17259.00,1.653,1.132,1.005
deg2rad,H3_CACHE_PRC_PRC,"CACHE PR_CACHE PR_CACHE",20517,17397.43,17170.00,22225,17490.87,17200.50,1.083,1.005,1.002
deg2rad,N4_PTR_PTR_PRC,"POINTER POINTER PR_CACHE",20517,17397.43,17170.00,25804,17592.47,17180.00,1.258,1.011,1.001
deg2rad,N3_BUS_MEM_PRMEMBUS,"BUS MEM PR_MEMBUS",20517,17397.43,17170.00,66495,19359.27,17267.50,3.241,1.113,1.006
deg2rad,H1_CACHE_PRC_MTHC,"CACHE PR_CACHE MTH_CACHE",20517,17397.43,17170.00,21896,17328.70,17158.50,1.067,0.996,0.999
deg2rad,H17_PRC_PRC_PRT,"PR_CACHE PR_CACHE PR_TLB",20517,17397.43,17170.00,28722,17954.13,17173.00,1.400,1.032,1.000
deg2rad,N1_CACHE_BUS_PRMEMBUS,"CACHE BUS PR_MEMBUS",20517,17397.43,17170.00,22424,18056.23,17292.50,1.093,1.038,1.007
deg2rad,H16_CACHE_MEM_BUS,"CACHE MEM BUS",20517,17397.43,17170.00,21393,17510.73,17195.00,1.043,1.007,1.001
deg2rad,N2_CACHE_MEM_PRROW,"CACHE MEM PR_ROWBUF",20517,17397.43,17170.00,32466,18954.30,17623.50,1.582,1.089,1.026
deg2rad,H8_BUS_PRMEMBUS_PRC,"BUS PR_MEMBUS PR_CACHE",20517,17397.43,17170.00,20183,17478.53,17295.00,0.984,1.005,1.007
deg2rad,H4_TUNED_KILLER,"CACHE BUS MEM",20517,17397.43,17170.00,22972,17935.43,17327.50,1.120,1.031,1.009
deg2rad,N5_CACHE_BUS_MTHM,"CACHE BUS MTH_MEM",20517,17397.43,17170.00,121312,21522.23,17269.00,5.913,1.237,1.006
deg2rad,H5_MEM_PRR_MTHM,"MEM PR_ROWBUF MTH_MEM",20517,17397.43,17170.00,36627,18548.63,17269.00,1.785,1.066,1.006
deg2rad,H13_CACHE_BUS_PRC,"CACHE BUS PR_CACHE",20517,17397.43,17170.00,21808,17378.97,17171.50,1.063,0.999,1.000
deg2rad,H15_PRC_MTHC_MTHM,"PR_CACHE MTH_CACHE MTH_MEM",20517,17397.43,17170.00,20971,17376.10,17189.50,1.022,0.999,1.001
deg2rad,MTH_CACHE3,"MTH_CACHE MTH_CACHE MTH_CACHE",20517,17397.43,17170.00,21054,17508.77,17166.50,1.026,1.006,1.000
deg2rad,H12_PRC_PRROW_MTHM,"PR_CACHE PR_ROWBUF MTH_MEM",20517,17397.43,17170.00,40915,19689.80,17490.50,1.994,1.132,1.019
deg2rad,H9_PTR_PRPTR_MTHPTR,"POINTER PR_POINTER MTH_POINTER",20517,17397.43,17170.00,23743,21156.63,21296.50,1.157,1.216,1.240
deg2rad,PR_CACHE3,"PR_CACHE PR_CACHE PR_CACHE",20517,17397.43,17170.00,25239,17659.07,17174.00,1.230,1.015,1.000
dijkstra,H14_CACHE_MEM_PRC,"CACHE MEM PR_CACHE",109073146,108411292.90,108307605.50,114612431,111352647.80,111063990.50,1.051,1.027,1.025
dijkstra,H3_CACHE_PRC_PRC,"CACHE PR_CACHE PR_CACHE",109073146,108411292.90,108307605.50,109931039,109131376.23,109131460.50,1.008,1.007,1.008
dijkstra,N4_PTR_PTR_PRC,"POINTER POINTER PR_CACHE",109073146,108411292.90,108307605.50,110422354,109597832.30,109571739.50,1.012,1.011,1.012
dijkstra,N3_BUS_MEM_PRMEMBUS,"BUS MEM PR_MEMBUS",109073146,108411292.90,108307605.50,114766182,111248937.40,111069333.00,1.052,1.026,1.025
dijkstra,H1_CACHE_PRC_MTHC,"CACHE PR_CACHE MTH_CACHE",109073146,108411292.90,108307605.50,112320435,109104571.90,108931936.50,1.030,1.006,1.006
dijkstra,H17_PRC_PRC_PRT,"PR_CACHE PR_CACHE PR_TLB",109073146,108411292.90,108307605.50,110723155,109795328.17,109769089.00,1.015,1.013,1.013
dijkstra,N1_CACHE_BUS_PRMEMBUS,"CACHE BUS PR_MEMBUS",109073146,108411292.90,108307605.50,109687290,108877202.43,108889628.00,1.006,1.004,1.005
dijkstra,H16_CACHE_MEM_BUS,"CACHE MEM BUS",109073146,108411292.90,108307605.50,113343888,111004691.47,111159873.00,1.039,1.024,1.026
dijkstra,N2_CACHE_MEM_PRROW,"CACHE MEM PR_ROWBUF",109073146,108411292.90,108307605.50,113066287,110455482.93,110413446.50,1.037,1.019,1.019
dijkstra,H8_BUS_PRMEMBUS_PRC,"BUS PR_MEMBUS PR_CACHE",109073146,108411292.90,108307605.50,110045909,109527117.43,109561164.50,1.009,1.010,1.012
dijkstra,H4_TUNED_KILLER,"CACHE BUS MEM",109073146,108411292.90,108307605.50,112883484,111130399.90,111146002.50,1.035,1.025,1.026
dijkstra,N5_CACHE_BUS_MTHM,"CACHE BUS MTH_MEM",109073146,108411292.90,108307605.50,114844184,111159096.80,110776104.50,1.053,1.025,1.023
dijkstra,H5_MEM_PRR_MTHM,"MEM PR_ROWBUF MTH_MEM",109073146,108411292.90,108307605.50,112686972,110629559.60,110754039.00,1.033,1.020,1.023
dijkstra,H13_CACHE_BUS_PRC,"CACHE BUS PR_CACHE",109073146,108411292.90,108307605.50,110078484,109168159.80,109154146.50,1.009,1.007,1.008
dijkstra,H15_PRC_MTHC_MTHM,"PR_CACHE MTH_CACHE MTH_MEM",109073146,108411292.90,108307605.50,113863606,111713780.37,111886368.00,1.044,1.030,1.033
dijkstra,MTH_CACHE3,"MTH_CACHE MTH_CACHE MTH_CACHE",109073146,108411292.90,108307605.50,110184349,109347412.87,109317930.50,1.010,1.009,1.009
dijkstra,H12_PRC_PRROW_MTHM,"PR_CACHE PR_ROWBUF MTH_MEM",109073146,108411292.90,108307605.50,113765082,110854110.67,110968503.50,1.043,1.023,1.025
dijkstra,H9_PTR_PRPTR_MTHPTR,"POINTER PR_POINTER MTH_POINTER",109073146,108411292.90,108307605.50,110124498,109324060.27,109358411.50,1.010,1.008,1.010
dijkstra,PR_CACHE3,"PR_CACHE PR_CACHE PR_CACHE",109073146,108411292.90,108307605.50,110057023,109384575.97,109383213.00,1.009,1.009,1.010
duff,H14_CACHE_MEM_PRC,"CACHE MEM PR_CACHE",10233,5090.00,4736.00,44527,9634.50,5044.00,4.351,1.893,1.065
duff,H3_CACHE_PRC_PRC,"CACHE PR_CACHE PR_CACHE",10233,5090.00,4736.00,14159,5214.83,4815.50,1.384,1.025,1.017
duff,N4_PTR_PTR_PRC,"POINTER POINTER PR_CACHE",10233,5090.00,4736.00,19361,7259.50,5303.00,1.892,1.426,1.120
duff,N3_BUS_MEM_PRMEMBUS,"BUS MEM PR_MEMBUS",10233,5090.00,4736.00,42490,7525.10,4834.50,4.152,1.478,1.021
duff,H1_CACHE_PRC_MTHC,"CACHE PR_CACHE MTH_CACHE",10233,5090.00,4736.00,9699,5064.13,4772.50,0.948,0.995,1.008
duff,H17_PRC_PRC_PRT,"PR_CACHE PR_CACHE PR_TLB",10233,5090.00,4736.00,16715,5559.27,4766.50,1.633,1.092,1.006
duff,N1_CACHE_BUS_PRMEMBUS,"CACHE BUS PR_MEMBUS",10233,5090.00,4736.00,11586,5195.93,4736.00,1.132,1.021,1.000
duff,H16_CACHE_MEM_BUS,"CACHE MEM BUS",10233,5090.00,4736.00,32928,7294.63,5116.00,3.218,1.433,1.080
duff,N2_CACHE_MEM_PRROW,"CACHE MEM PR_ROWBUF",10233,5090.00,4736.00,31608,9950.27,5120.50,3.089,1.955,1.081
duff,H8_BUS_PRMEMBUS_PRC,"BUS PR_MEMBUS PR_CACHE",10233,5090.00,4736.00,12684,5331.40,4819.00,1.240,1.047,1.018
duff,H4_TUNED_KILLER,"CACHE BUS MEM",10233,5090.00,4736.00,34708,6312.47,4781.50,3.392,1.240,1.010
duff,N5_CACHE_BUS_MTHM,"CACHE BUS MTH_MEM",10233,5090.00,4736.00,30259,7190.73,5185.50,2.957,1.413,1.095
duff,H5_MEM_PRR_MTHM,"MEM PR_ROWBUF MTH_MEM",10233,5090.00,4736.00,29949,6960.83,5078.50,2.927,1.368,1.072
duff,H13_CACHE_BUS_PRC,"CACHE BUS PR_CACHE",10233,5090.00,4736.00,19201,5541.20,4790.00,1.876,1.089,1.011
duff,H15_PRC_MTHC_MTHM,"PR_CACHE MTH_CACHE MTH_MEM",10233,5090.00,4736.00,13393,5058.50,4724.50,1.309,0.994,0.998
duff,MTH_CACHE3,"MTH_CACHE MTH_CACHE MTH_CACHE",10233,5090.00,4736.00,15808,5446.50,4734.50,1.545,1.070,1.000
duff,H12_PRC_PRROW_MTHM,"PR_CACHE PR_ROWBUF MTH_MEM",10233,5090.00,4736.00,14215,5069.97,4735.00,1.389,0.996,1.000
duff,H9_PTR_PRPTR_MTHPTR,"POINTER PR_POINTER MTH_POINTER",10233,5090.00,4736.00,13067,6228.53,5110.00,1.277,1.224,1.079
duff,PR_CACHE3,"PR_CACHE PR_CACHE PR_CACHE",10233,5090.00,4736.00,15737,5327.27,4754.50,1.538,1.047,1.004
epic,H14_CACHE_MEM_PRC,"CACHE MEM PR_CACHE",5585468,5541179.23,5542324.00,6371206,5816989.47,5771000.50,1.141,1.050,1.041
epic,H3_CACHE_PRC_PRC,"CACHE PR_CACHE PR_CACHE",5585468,5541179.23,5542324.00,5831991,5643957.67,5614563.50,1.044,1.019,1.013
epic,N4_PTR_PTR_PRC,"POINTER POINTER PR_CACHE",5585468,5541179.23,5542324.00,5806773,5694580.10,5683250.50,1.040,1.028,1.025
epic,N3_BUS_MEM_PRMEMBUS,"BUS MEM PR_MEMBUS",5585468,5541179.23,5542324.00,6336466,5790600.73,5804569.00,1.134,1.045,1.047
epic,H1_CACHE_PRC_MTHC,"CACHE PR_CACHE MTH_CACHE",5585468,5541179.23,5542324.00,5854368,5659700.87,5658092.00,1.048,1.021,1.021
epic,H17_PRC_PRC_PRT,"PR_CACHE PR_CACHE PR_TLB",5585468,5541179.23,5542324.00,6021975,5727849.63,5686494.00,1.078,1.034,1.026
epic,N1_CACHE_BUS_PRMEMBUS,"CACHE BUS PR_MEMBUS",5585468,5541179.23,5542324.00,5694708,5604811.20,5599613.50,1.020,1.011,1.010
epic,H16_CACHE_MEM_BUS,"CACHE MEM BUS",5585468,5541179.23,5542324.00,6518545,6004687.37,5970052.00,1.167,1.084,1.077
epic,N2_CACHE_MEM_PRROW,"CACHE MEM PR_ROWBUF",5585468,5541179.23,5542324.00,6440227,5968769.30,5899896.50,1.153,1.077,1.065
epic,H8_BUS_PRMEMBUS_PRC,"BUS PR_MEMBUS PR_CACHE",5585468,5541179.23,5542324.00,5837340,5667741.67,5659833.00,1.045,1.023,1.021
epic,H4_TUNED_KILLER,"CACHE BUS MEM",5585468,5541179.23,5542324.00,6492689,5888749.73,5864967.00,1.162,1.063,1.058
epic,N5_CACHE_BUS_MTHM,"CACHE BUS MTH_MEM",5585468,5541179.23,5542324.00,6635911,5726697.50,5660746.00,1.188,1.033,1.021
epic,H5_MEM_PRR_MTHM,"MEM PR_ROWBUF MTH_MEM",5585468,5541179.23,5542324.00,6770268,5923512.67,5822822.50,1.212,1.069,1.051
epic,H13_CACHE_BUS_PRC,"CACHE BUS PR_CACHE",5585468,5541179.23,5542324.00,5654113,5603351.23,5603077.50,1.012,1.011,1.011
epic,H15_PRC_MTHC_MTHM,"PR_CACHE MTH_CACHE MTH_MEM",5585468,5541179.23,5542324.00,7683432,5873377.83,5801206.50,1.376,1.060,1.047
epic,MTH_CACHE3,"MTH_CACHE MTH_CACHE MTH_CACHE",5585468,5541179.23,5542324.00,5628184,5581566.47,5581462.00,1.008,1.007,1.007
epic,H12_PRC_PRROW_MTHM,"PR_CACHE PR_ROWBUF MTH_MEM",5585468,5541179.23,5542324.00,6529409,5733398.37,5695217.50,1.169,1.035,1.028
epic,H9_PTR_PRPTR_MTHPTR,"POINTER PR_POINTER MTH_POINTER",5585468,5541179.23,5542324.00,5709336,5619714.43,5614739.00,1.022,1.014,1.013
epic,PR_CACHE3,"PR_CACHE PR_CACHE PR_CACHE",5585468,5541179.23,5542324.00,5734208,5629500.93,5628311.00,1.027,1.016,1.016
fac,H14_CACHE_MEM_PRC,"CACHE MEM PR_CACHE",5445,1000.17,749.00,23047,1662.47,760.00,4.233,1.662,1.015
fac,H3_CACHE_PRC_PRC,"CACHE PR_CACHE PR_CACHE",5445,1000.17,749.00,8409,1074.70,747.50,1.544,1.075,0.998
fac,N4_PTR_PTR_PRC,"POINTER POINTER PR_CACHE",5445,1000.17,749.00,11063,1272.90,713.50,2.032,1.273,0.953
fac,N3_BUS_MEM_PRMEMBUS,"BUS MEM PR_MEMBUS",5445,1000.17,749.00,26487,1814.57,719.00,4.864,1.814,0.960
fac,H1_CACHE_PRC_MTHC,"CACHE PR_CACHE MTH_CACHE",5445,1000.17,749.00,7156,1217.43,767.00,1.314,1.217,1.024
fac,H17_PRC_PRC_PRT,"PR_CACHE PR_CACHE PR_TLB",5445,1000.17,749.00,6858,947.27,707.50,1.260,0.947,0.945
fac,N1_CACHE_BUS_PRMEMBUS,"CACHE BUS PR_MEMBUS",5445,1000.17,749.00,4590,1137.03,739.00,0.843,1.137,0.987
fac,H16_CACHE_MEM_BUS,"CACHE MEM BUS",5445,1000.17,749.00,19953,1531.47,748.00,3.664,1.531,0.999
fac,N2_CACHE_MEM_PRROW,"CACHE MEM PR_ROWBUF",5445,1000.17,749.00,39008,3361.93,714.50,7.164,3.361,0.954
fac,H8_BUS_PRMEMBUS_PRC,"BUS PR_MEMBUS PR_CACHE",5445,1000.17,749.00,10529,1126.87,705.50,1.934,1.127,0.942
fac,H4_TUNED_KILLER,"CACHE BUS MEM",5445,1000.17,749.00,48306,3724.77,775.00,8.872,3.724,1.035
fac,N5_CACHE_BUS_MTHM,"CACHE BUS MTH_MEM",5445,1000.17,749.00,30893,2355.50,833.50,5.674,2.355,1.113
fac,H5_MEM_PRR_MTHM,"MEM PR_ROWBUF MTH_MEM",5445,1000.17,749.00,25766,1692.97,766.00,4.732,1.693,1.023
fac,H13_CACHE_BUS_PRC,"CACHE BUS PR_CACHE",5445,1000.17,749.00,7967,1086.03,729.50,1.463,1.086,0.974
fac,H15_PRC_MTHC_MTHM,"PR_CACHE MTH_CACHE MTH_MEM",5445,1000.17,749.00,18434,3796.03,1084.50,3.385,3.795,1.448
fac,MTH_CACHE3,"MTH_CACHE MTH_CACHE MTH_CACHE",5445,1000.17,749.00,4690,919.90,730.50,0.861,0.920,0.975
fac,H12_PRC_PRROW_MTHM,"PR_CACHE PR_ROWBUF MTH_MEM",5445,1000.17,749.00,20867,1497.70,738.50,3.832,1.497,0.986
fac,H9_PTR_PRPTR_MTHPTR,"POINTER PR_POINTER MTH_POINTER",5445,1000.17,749.00,8039,1133.20,758.00,1.476,1.133,1.012
fac,PR_CACHE3,"PR_CACHE PR_CACHE PR_CACHE",5445,1000.17,749.00,10225,1958.20,891.50,1.878,1.958,1.190
fft,H14_CACHE_MEM_PRC,"CACHE MEM PR_CACHE",1017630,976866.63,970965.50,2019009,1107340.17,1058713.50,1.984,1.134,1.090
fft,H3_CACHE_PRC_PRC,"CACHE PR_CACHE PR_CACHE",1017630,976866.63,970965.50,1074894,1024165.10,1023995.50,1.056,1.048,1.055
fft,N4_PTR_PTR_PRC,"POINTER POINTER PR_CACHE",1017630,976866.63,970965.50,1137300,1020880.67,1012601.50,1.118,1.045,1.043
fft,N3_BUS_MEM_PRMEMBUS,"BUS MEM PR_MEMBUS",1017630,976866.63,970965.50,1208242,1071975.57,1066462.50,1.187,1.097,1.098
fft,H1_CACHE_PRC_MTHC,"CACHE PR_CACHE MTH_CACHE",1017630,976866.63,970965.50,1062401,993007.97,982522.50,1.044,1.017,1.012
fft,H17_PRC_PRC_PRT,"PR_CACHE PR_CACHE PR_TLB",1017630,976866.63,970965.50,1100195,1029979.57,1027629.50,1.081,1.054,1.058
fft,N1_CACHE_BUS_PRMEMBUS,"CACHE BUS PR_MEMBUS",1017630,976866.63,970965.50,1065437,994013.40,990627.50,1.047,1.018,1.020
fft,H16_CACHE_MEM_BUS,"CACHE MEM BUS",1017630,976866.63,970965.50,1823108,1085075.93,1047840.50,1.792,1.111,1.079
fft,N2_CACHE_MEM_PRROW,"CACHE MEM PR_ROWBUF",1017630,976866.63,970965.50,1180637,1067759.77,1067575.00,1.160,1.093,1.099
fft,H8_BUS_PRMEMBUS_PRC,"BUS PR_MEMBUS PR_CACHE",1017630,976866.63,970965.50,1042237,986516.33,983596.00,1.024,1.010,1.013
fft,H4_TUNED_KILLER,"CACHE BUS MEM",1017630,976866.63,970965.50,1079128,997474.33,984865.00,1.060,1.021,1.014
fft,N5_CACHE_BUS_MTHM,"CACHE BUS MTH_MEM",1017630,976866.63,970965.50,1304709,1030369.80,1008178.50,1.282,1.055,1.038
fft,H5_MEM_PRR_MTHM,"MEM PR_ROWBUF MTH_MEM",1017630,976866.63,970965.50,1106124,1064463.30,1060743.00,1.087,1.090,1.092
fft,H13_CACHE_BUS_PRC,"CACHE BUS PR_CACHE",1017630,976866.63,970965.50,1020442,990803.93,987741.50,1.003,1.014,1.017
fft,H15_PRC_MTHC_MTHM,"PR_CACHE MTH_CACHE MTH_MEM",1017630,976866.63,970965.50,1995941,1056638.03,1013106.00,1.961,1.082,1.043
fft,MTH_CACHE3,"MTH_CACHE MTH_CACHE MTH_CACHE",1017630,976866.63,970965.50,1040394,994728.77,988598.00,1.022,1.018,1.018
fft,H12_PRC_PRROW_MTHM,"PR_CACHE PR_ROWBUF MTH_MEM",1017630,976866.63,970965.50,1088865,1002679.17,993928.00,1.070,1.026,1.024
fft,H9_PTR_PRPTR_MTHPTR,"POINTER PR_POINTER MTH_POINTER",1017630,976866.63,970965.50,1059054,1003707.83,997048.50,1.041,1.027,1.027
fft,PR_CACHE3,"PR_CACHE PR_CACHE PR_CACHE",1017630,976866.63,970965.50,1071578,1000750.90,996689.50,1.053,1.024,1.026
filterbank,H14_CACHE_MEM_PRC,"CACHE MEM PR_CACHE",15689881,15644196.60,15643357.50,16202743,15775069.23,15771437.50,1.033,1.008,1.008
filterbank,H3_CACHE_PRC_PRC,"CACHE PR_CACHE PR_CACHE",15689881,15644196.60,15643357.50,15975840,15696021.70,15682114.00,1.018,1.003,1.002
filterbank,N4_PTR_PTR_PRC,"POINTER POINTER PR_CACHE",15689881,15644196.60,15643357.50,15754397,15661332.30,15653100.50,1.004,1.001,1.001
filterbank,N3_BUS_MEM_PRMEMBUS,"BUS MEM PR_MEMBUS",15689881,15644196.60,15643357.50,15839303,15727270.17,15724734.00,1.010,1.005,1.005
filterbank,H1_CACHE_PRC_MTHC,"CACHE PR_CACHE MTH_CACHE",15689881,15644196.60,15643357.50,15837778,15679201.20,15672459.50,1.009,1.002,1.002
filterbank,H17_PRC_PRC_PRT,"PR_CACHE PR_CACHE PR_TLB",15689881,15644196.60,15643357.50,15783227,15705079.73,15693778.00,1.006,1.004,1.003
filterbank,N1_CACHE_BUS_PRMEMBUS,"CACHE BUS PR_MEMBUS",15689881,15644196.60,15643357.50,15702355,15636040.87,15632877.00,1.001,0.999,0.999
filterbank,H16_CACHE_MEM_BUS,"CACHE MEM BUS",15689881,15644196.60,15643357.50,15876235,15706135.73,15684865.00,1.012,1.004,1.003
filterbank,N2_CACHE_MEM_PRROW,"CACHE MEM PR_ROWBUF",15689881,15644196.60,15643357.50,16073280,15747141.00,15728516.00,1.024,1.007,1.005
filterbank,H8_BUS_PRMEMBUS_PRC,"BUS PR_MEMBUS PR_CACHE",15689881,15644196.60,15643357.50,15772639,15659554.07,15641226.50,1.005,1.001,1.000
filterbank,H4_TUNED_KILLER,"CACHE BUS MEM",15689881,15644196.60,15643357.50,15978788,15749747.50,15739668.00,1.018,1.007,1.006
filterbank,N5_CACHE_BUS_MTHM,"CACHE BUS MTH_MEM",15689881,15644196.60,15643357.50,16601252,15832017.27,15736669.00,1.058,1.012,1.006
filterbank,H5_MEM_PRR_MTHM,"MEM PR_ROWBUF MTH_MEM",15689881,15644196.60,15643357.50,16081649,15807199.30,15803300.50,1.025,1.010,1.010
filterbank,H13_CACHE_BUS_PRC,"CACHE BUS PR_CACHE",15689881,15644196.60,15643357.50,15728105,15662547.67,15656270.50,1.002,1.001,1.001
filterbank,H15_PRC_MTHC_MTHM,"PR_CACHE MTH_CACHE MTH_MEM",15689881,15644196.60,15643357.50,15921589,15719116.57,15702523.50,1.015,1.005,1.004
filterbank,MTH_CACHE3,"MTH_CACHE MTH_CACHE MTH_CACHE",15689881,15644196.60,15643357.50,15812312,15653842.57,15628238.00,1.008,1.001,0.999
filterbank,H12_PRC_PRROW_MTHM,"PR_CACHE PR_ROWBUF MTH_MEM",15689881,15644196.60,15643357.50,17152350,15835165.30,15745942.00,1.093,1.012,1.007
filterbank,H9_PTR_PRPTR_MTHPTR,"POINTER PR_POINTER MTH_POINTER",15689881,15644196.60,15643357.50,15800446,15677741.23,15681155.00,1.007,1.002,1.002
filterbank,PR_CACHE3,"PR_CACHE PR_CACHE PR_CACHE",15689881,15644196.60,15643357.50,15815016,15698713.90,15702357.50,1.008,1.003,1.004
fir2dim,H14_CACHE_MEM_PRC,"CACHE MEM PR_CACHE",32809,13686.27,13003.50,56355,18547.43,14010.50,1.718,1.355,1.077
fir2dim,H3_CACHE_PRC_PRC,"CACHE PR_CACHE PR_CACHE",32809,13686.27,13003.50,25871,13900.47,12948.00,0.789,1.016,0.996
fir2dim,N4_PTR_PTR_PRC,"POINTER POINTER PR_CACHE",32809,13686.27,13003.50,36599,14006.17,12941.00,1.116,1.023,0.995
fir2dim,N3_BUS_MEM_PRMEMBUS,"BUS MEM PR_MEMBUS",32809,13686.27,13003.50,42915,20166.17,18344.00,1.308,1.473,1.411
fir2dim,H1_CACHE_PRC_MTHC,"CACHE PR_CACHE MTH_CACHE",32809,13686.27,13003.50,30434,14068.67,12944.50,0.928,1.028,0.995
fir2dim,H17_PRC_PRC_PRT,"PR_CACHE PR_CACHE PR_TLB",32809,13686.27,13003.50,34011,14099.03,13019.50,1.037,1.030,1.001
fir2dim,N1_CACHE_BUS_PRMEMBUS,"CACHE BUS PR_MEMBUS",32809,13686.27,13003.50,24575,14026.23,13302.00,0.749,1.025,1.023
fir2dim,H16_CACHE_MEM_BUS,"CACHE MEM BUS",32809,13686.27,13003.50,61817,16826.43,13443.00,1.884,1.229,1.034
fir2dim,N2_CACHE_MEM_PRROW,"CACHE MEM PR_ROWBUF",32809,13686.27,13003.50,63358,16500.43,13459.00,1.931,1.206,1.035
fir2dim,H8_BUS_PRMEMBUS_PRC,"BUS PR_MEMBUS PR_CACHE",32809,13686.27,13003.50,26843,13627.40,12919.00,0.818,0.996,0.994
fir2dim,H4_TUNED_KILLER,"CACHE BUS MEM",32809,13686.27,13003.50,66107,15941.93,13273.50,2.015,1.165,1.021
fir2dim,N5_CACHE_BUS_MTHM,"CACHE BUS MTH_MEM",32809,13686.27,13003.50,54394,17570.27,14044.00,1.658,1.284,1.080
fir2dim,H5_MEM_PRR_MTHM,"MEM PR_ROWBUF MTH_MEM",32809,13686.27,13003.50,65523,22284.07,13702.00,1.997,1.628,1.054
fir2dim,H13_CACHE_BUS_PRC,"CACHE BUS PR_CACHE",32809,13686.27,13003.50,25980,13475.37,12931.50,0.792,0.985,0.994
fir2dim,H15_PRC_MTHC_MTHM,"PR_CACHE MTH_CACHE MTH_MEM",32809,13686.27,13003.50,20910,13951.27,13389.50,0.637,1.019,1.030
fir2dim,MTH_CACHE3,"MTH_CACHE MTH_CACHE MTH_CACHE",32809,13686.27,13003.50,21250,14021.27,13391.50,0.648,1.024,1.030
fir2dim,H12_PRC_PRROW_MTHM,"PR_CACHE PR_ROWBUF MTH_MEM",32809,13686.27,13003.50,32094,13621.87,12890.00,0.978,0.995,0.991
fir2dim,H9_PTR_PRPTR_MTHPTR,"POINTER PR_POINTER MTH_POINTER",32809,13686.27,13003.50,28125,13777.50,12991.00,0.857,1.007,0.999
fir2dim,PR_CACHE3,"PR_CACHE PR_CACHE PR_CACHE",32809,13686.27,13003.50,58613,15638.43,13062.00,1.786,1.143,1.004
fmref,H14_CACHE_MEM_PRC,"CACHE MEM PR_CACHE",745194,663309.87,654648.00,844111,735036.37,724186.00,1.133,1.108,1.106
fmref,H3_CACHE_PRC_PRC,"CACHE PR_CACHE PR_CACHE",745194,663309.87,654648.00,761952,700217.50,706282.50,1.022,1.056,1.079
fmref,N4_PTR_PTR_PRC,"POINTER POINTER PR_CACHE",745194,663309.87,654648.00,829143,695301.27,688975.50,1.113,1.048,1.052
fmref,N3_BUS_MEM_PRMEMBUS,"BUS MEM PR_MEMBUS",745194,663309.87,654648.00,854288,712259.47,691984.50,1.146,1.074,1.057
fmref,H1_CACHE_PRC_MTHC,"CACHE PR_CACHE MTH_CACHE",745194,663309.87,654648.00,821491,678318.63,667908.50,1.102,1.023,1.020
fmref,H17_PRC_PRC_PRT,"PR_CACHE PR_CACHE PR_TLB",745194,663309.87,654648.00,771400,704294.33,700426.50,1.035,1.062,1.070
fmref,N1_CACHE_BUS_PRMEMBUS,"CACHE BUS PR_MEMBUS",745194,663309.87,654648.00,763623,669680.83,657857.00,1.025,1.010,1.005
fmref,H16_CACHE_MEM_BUS,"CACHE MEM BUS",745194,663309.87,654648.00,836409,682050.13,665232.50,1.122,1.028,1.016
fmref,N2_CACHE_MEM_PRROW,"CACHE MEM PR_ROWBUF",745194,663309.87,654648.00,1093500,707817.43,686574.50,1.467,1.067,1.049
fmref,H8_BUS_PRMEMBUS_PRC,"BUS PR_MEMBUS PR_CACHE",745194,663309.87,654648.00,762400,672882.63,670133.50,1.023,1.014,1.024
fmref,H4_TUNED_KILLER,"CACHE BUS MEM",745194,663309.87,654648.00,1143738,708965.33,675332.50,1.535,1.069,1.032
fmref,N5_CACHE_BUS_MTHM,"CACHE BUS MTH_MEM",745194,663309.87,654648.00,781495,665959.10,657238.00,1.049,1.004,1.004
fmref,H5_MEM_PRR_MTHM,"MEM PR_ROWBUF MTH_MEM",745194,663309.87,654648.00,870070,716119.40,700922.50,1.168,1.080,1.071
fmref,H13_CACHE_BUS_PRC,"CACHE BUS PR_CACHE",745194,663309.87,654648.00,768177,676108.37,671053.50,1.031,1.019,1.025
fmref,H15_PRC_MTHC_MTHM,"PR_CACHE MTH_CACHE MTH_MEM",745194,663309.87,654648.00,887291,730632.43,724258.00,1.191,1.101,1.106
fmref,MTH_CACHE3,"MTH_CACHE MTH_CACHE MTH_CACHE",745194,663309.87,654648.00,769516,671176.80,669083.00,1.033,1.012,1.022
fmref,H12_PRC_PRROW_MTHM,"PR_CACHE PR_ROWBUF MTH_MEM",745194,663309.87,654648.00,887885,688378.07,675570.00,1.191,1.038,1.032
fmref,H9_PTR_PRPTR_MTHPTR,"POINTER PR_POINTER MTH_POINTER",745194,663309.87,654648.00,799101,689450.90,684994.50,1.072,1.039,1.046
fmref,PR_CACHE3,"PR_CACHE PR_CACHE PR_CACHE",745194,663309.87,654648.00,768533,688472.07,678701.50,1.031,1.038,1.037
g723_enc,H14_CACHE_MEM_PRC,"CACHE MEM PR_CACHE",1079714,1037075.33,1030599.50,1784566,1206829.93,1166027.50,1.653,1.164,1.131
g723_enc,H3_CACHE_PRC_PRC,"CACHE PR_CACHE PR_CACHE",1079714,1037075.33,1030599.50,1122462,1058745.93,1056952.50,1.040,1.021,1.026
g723_enc,N4_PTR_PTR_PRC,"POINTER POINTER PR_CACHE",1079714,1037075.33,1030599.50,1274451,1116166.53,1100291.00,1.180,1.076,1.068
g723_enc,N3_BUS_MEM_PRMEMBUS,"BUS MEM PR_MEMBUS",1079714,1037075.33,1030599.50,1317418,1073575.93,1047344.50,1.220,1.035,1.016
g723_enc,H1_CACHE_PRC_MTHC,"CACHE PR_CACHE MTH_CACHE",1079714,1037075.33,1030599.50,1129306,1082269.30,1082837.50,1.046,1.044,1.051
g723_enc,H17_PRC_PRC_PRT,"PR_CACHE PR_CACHE PR_TLB",1079714,1037075.33,1030599.50,1109893,1081667.13,1085268.50,1.028,1.043,1.053
g723_enc,N1_CACHE_BUS_PRMEMBUS,"CACHE BUS PR_MEMBUS",1079714,1037075.33,1030599.50,1106953,1073684.93,1071764.50,1.025,1.035,1.040
g723_enc,H16_CACHE_MEM_BUS,"CACHE MEM BUS",1079714,1037075.33,1030599.50,1279130,1146747.60,1132702.50,1.185,1.106,1.099
g723_enc,N2_CACHE_MEM_PRROW,"CACHE MEM PR_ROWBUF",1079714,1037075.33,1030599.50,1151904,1067872.90,1057757.50,1.067,1.030,1.026
g723_enc,H8_BUS_PRMEMBUS_PRC,"BUS PR_MEMBUS PR_CACHE",1079714,1037075.33,1030599.50,1140931,1080761.80,1080120.00,1.057,1.042,1.048
g723_enc,H4_TUNED_KILLER,"CACHE BUS MEM",1079714,1037075.33,1030599.50,1258163,1074069.00,1051279.50,1.165,1.036,1.020
g723_enc,N5_CACHE_BUS_MTHM,"CACHE BUS MTH_MEM",1079714,1037075.33,1030599.50,1193526,1108878.27,1128329.00,1.105,1.069,1.095
g723_enc,H5_MEM_PRR_MTHM,"MEM PR_ROWBUF MTH_MEM",1079714,1037075.33,1030599.50,1243253,1120934.43,1125514.00,1.151,1.081,1.092
g723_enc,H13_CACHE_BUS_PRC,"CACHE BUS PR_CACHE",1079714,1037075.33,1030599.50,1101085,1057546.97,1050935.50,1.020,1.020,1.020
g723_enc,H15_PRC_MTHC_MTHM,"PR_CACHE MTH_CACHE MTH_MEM",1079714,1037075.33,1030599.50,1359793,1128276.73,1114500.50,1.259,1.088,1.081
g723_enc,MTH_CACHE3,"MTH_CACHE MTH_CACHE MTH_CACHE",1079714,1037075.33,1030599.50,1101493,1049739.47,1046941.50,1.020,1.012,1.016
g723_enc,H12_PRC_PRROW_MTHM,"PR_CACHE PR_ROWBUF MTH_MEM",1079714,1037075.33,1030599.50,1145932,1058581.73,1049276.50,1.061,1.021,1.018
g723_enc,H9_PTR_PRPTR_MTHPTR,"POINTER PR_POINTER MTH_POINTER",1079714,1037075.33,1030599.50,1130397,1075074.37,1072618.50,1.047,1.037,1.041
g723_enc,PR_CACHE3,"PR_CACHE PR_CACHE PR_CACHE",1079714,1037075.33,1030599.50,1184436,1105827.20,1103142.00,1.097,1.066,1.070
gsm_dec,H14_CACHE_MEM_PRC,"CACHE MEM PR_CACHE",3828172,3774464.87,3780579.50,4908699,4099008.20,4052198.00,1.282,1.086,1.072
gsm_dec,H3_CACHE_PRC_PRC,"CACHE PR_CACHE PR_CACHE",3828172,3774464.87,3780579.50,4059127,3916651.93,3924459.50,1.060,1.038,1.038
gsm_dec,N4_PTR_PTR_PRC,"POINTER POINTER PR_CACHE",3828172,3774464.87,3780579.50,4025694,3879033.07,3869529.50,1.052,1.028,1.024
gsm_dec,N3_BUS_MEM_PRMEMBUS,"BUS MEM PR_MEMBUS",3828172,3774464.87,3780579.50,4403140,4044543.73,4013529.50,1.150,1.072,1.062
gsm_dec,H1_CACHE_PRC_MTHC,"CACHE PR_CACHE MTH_CACHE",3828172,3774464.87,3780579.50,4179093,3884625.17,3833959.00,1.092,1.029,1.014
gsm_dec,H17_PRC_PRC_PRT,"PR_CACHE PR_CACHE PR_TLB",3828172,3774464.87,3780579.50,3991474,3880137.77,3868370.00,1.043,1.028,1.023
gsm_dec,N1_CACHE_BUS_PRMEMBUS,"CACHE BUS PR_MEMBUS",3828172,3774464.87,3780579.50,4003400,3845140.67,3832351.50,1.046,1.019,1.014
gsm_dec,H16_CACHE_MEM_BUS,"CACHE MEM BUS",3828172,3774464.87,3780579.50,4956087,4066839.93,4038672.00,1.295,1.077,1.068
gsm_dec,N2_CACHE_MEM_PRROW,"CACHE MEM PR_ROWBUF",3828172,3774464.87,3780579.50,4036258,3869998.10,3834863.00,1.054,1.025,1.014
gsm_dec,H8_BUS_PRMEMBUS_PRC,"BUS PR_MEMBUS PR_CACHE",3828172,3774464.87,3780579.50,3959688,3853584.37,3862355.00,1.034,1.021,1.022
gsm_dec,H4_TUNED_KILLER,"CACHE BUS MEM",3828172,3774464.87,3780579.50,4497121,4031387.27,4015021.50,1.175,1.068,1.062
gsm_dec,N5_CACHE_BUS_MTHM,"CACHE BUS MTH_MEM",3828172,3774464.87,3780579.50,5167461,4053700.60,4014948.00,1.350,1.074,1.062
gsm_dec,H5_MEM_PRR_MTHM,"MEM PR_ROWBUF MTH_MEM",3828172,3774464.87,3780579.50,5068854,4165125.73,4130166.00,1.324,1.104,1.092
gsm_dec,H13_CACHE_BUS_PRC,"CACHE BUS PR_CACHE",3828172,3774464.87,3780579.50,3968590,3871656.87,3858441.00,1.037,1.026,1.021
gsm_dec,H15_PRC_MTHC_MTHM,"PR_CACHE MTH_CACHE MTH_MEM",3828172,3774464.87,3780579.50,5198709,4102888.57,4015066.00,1.358,1.087,1.062
gsm_dec,MTH_CACHE3,"MTH_CACHE MTH_CACHE MTH_CACHE",3828172,3774464.87,3780579.50,3884507,3806737.97,3799539.50,1.015,1.009,1.005
gsm_dec,H12_PRC_PRROW_MTHM,"PR_CACHE PR_ROWBUF MTH_MEM",3828172,3774464.87,3780579.50,4348237,4009691.83,3993918.00,1.136,1.062,1.056
gsm_dec,H9_PTR_PRPTR_MTHPTR,"POINTER PR_POINTER MTH_POINTER",3828172,3774464.87,3780579.50,4035950,3852749.17,3833438.50,1.054,1.021,1.014
gsm_dec,PR_CACHE3,"PR_CACHE PR_CACHE PR_CACHE",3828172,3774464.87,3780579.50,4221612,3970098.20,3958017.50,1.103,1.052,1.047
gsm_enc,H14_CACHE_MEM_PRC,"CACHE MEM PR_CACHE",12041963,11880678.23,11869785.50,13629593,12696807.40,12525292.50,1.132,1.069,1.055
gsm_enc,H3_CACHE_PRC_PRC,"CACHE PR_CACHE PR_CACHE",12041963,11880678.23,11869785.50,14221141,12290922.07,12173953.00,1.181,1.035,1.026
gsm_enc,N4_PTR_PTR_PRC,"POINTER POINTER PR_CACHE",12041963,11880678.23,11869785.50,12898867,12412937.43,12415116.00,1.071,1.045,1.046
gsm_enc,N3_BUS_MEM_PRMEMBUS,"BUS MEM PR_MEMBUS",12041963,11880678.23,11869785.50,13797327,12812857.87,12734862.00,1.146,1.078,1.073
gsm_enc,H1_CACHE_PRC_MTHC,"CACHE PR_CACHE MTH_CACHE",12041963,11880678.23,11869785.50,12572831,12214963.03,12196230.50,1.044,1.028,1.028
gsm_enc,H17_PRC_PRC_PRT,"PR_CACHE PR_CACHE PR_TLB",12041963,11880678.23,11869785.50,14325463,12498907.10,12375254.50,1.190,1.052,1.043
gsm_enc,N1_CACHE_BUS_PRMEMBUS,"CACHE BUS PR_MEMBUS",12041963,11880678.23,11869785.50,13982672,12204545.80,12084451.50,1.161,1.027,1.018
gsm_enc,H16_CACHE_MEM_BUS,"CACHE MEM BUS",12041963,11880678.23,11869785.50,15475466,12958845.90,12759745.50,1.285,1.091,1.075
gsm_enc,N2_CACHE_MEM_PRROW,"CACHE MEM PR_ROWBUF",12041963,11880678.23,11869785.50,14552909,12984277.03,12915095.00,1.209,1.093,1.088
gsm_enc,H8_BUS_PRMEMBUS_PRC,"BUS PR_MEMBUS PR_CACHE",12041963,11880678.23,11869785.50,13350950,12233247.53,12137043.00,1.109,1.030,1.023
gsm_enc,H4_TUNED_KILLER,"CACHE BUS MEM",12041963,11880678.23,11869785.50,13752150,12756352.10,12716766.50,1.142,1.074,1.071
gsm_enc,N5_CACHE_BUS_MTHM,"CACHE BUS MTH_MEM",12041963,11880678.23,11869785.50,13799641,12767392.83,12696813.00,1.146,1.075,1.070
gsm_enc,H5_MEM_PRR_MTHM,"MEM PR_ROWBUF MTH_MEM",12041963,11880678.23,11869785.50,14004325,13026055.97,12946954.50,1.163,1.096,1.091
gsm_enc,H13_CACHE_BUS_PRC,"CACHE BUS PR_CACHE",12041963,11880678.23,11869785.50,13084508,12317613.57,12240266.50,1.087,1.037,1.031
gsm_enc,H15_PRC_MTHC_MTHM,"PR_CACHE MTH_CACHE MTH_MEM",12041963,11880678.23,11869785.50,15315216,13015269.00,12906525.00,1.272,1.095,1.087
gsm_enc,MTH_CACHE3,"MTH_CACHE MTH_CACHE MTH_CACHE",12041963,11880678.23,11869785.50,12888220,12145267.23,12002950.50,1.070,1.022,1.011
gsm_enc,H12_PRC_PRROW_MTHM,"PR_CACHE PR_ROWBUF MTH_MEM",12041963,11880678.23,11869785.50,13565145,12399821.77,12291547.00,1.126,1.044,1.036
gsm_enc,H9_PTR_PRPTR_MTHPTR,"POINTER PR_POINTER MTH_POINTER",12041963,11880678.23,11869785.50,13311614,12226562.83,12118845.00,1.105,1.029,1.021
gsm_enc,PR_CACHE3,"PR_CACHE PR_CACHE PR_CACHE",12041963,11880678.23,11869785.50,13241180,12432373.10,12343562.00,1.100,1.046,1.040
h264_dec,H14_CACHE_MEM_PRC,"CACHE MEM PR_CACHE",545137,525468.03,522541.50,1283418,632422.97,610838.50,2.354,1.204,1.169
h264_dec,H3_CACHE_PRC_PRC,"CACHE PR_CACHE PR_CACHE",545137,525468.03,522541.50,584034,536909.60,532001.00,1.071,1.022,1.018
h264_dec,N4_PTR_PTR_PRC,"POINTER POINTER PR_CACHE",545137,525468.03,522541.50,593110,537768.70,531113.50,1.088,1.023,1.016
h264_dec,N3_BUS_MEM_PRMEMBUS,"BUS MEM PR_MEMBUS",545137,525468.03,522541.50,595834,535740.33,527979.00,1.093,1.020,1.010
h264_dec,H1_CACHE_PRC_MTHC,"CACHE PR_CACHE MTH_CACHE",545137,525468.03,522541.50,565689,543511.80,550891.00,1.038,1.034,1.054
h264_dec,H17_PRC_PRC_PRT,"PR_CACHE PR_CACHE PR_TLB",545137,525468.03,522541.50,613831,546215.77,537159.50,1.126,1.039,1.028
h264_dec,N1_CACHE_BUS_PRMEMBUS,"CACHE BUS PR_MEMBUS",545137,525468.03,522541.50,552216,536289.70,535404.00,1.013,1.021,1.025
h264_dec,H16_CACHE_MEM_BUS,"CACHE MEM BUS",545137,525468.03,522541.50,644517,574772.27,562336.50,1.182,1.094,1.076
h264_dec,N2_CACHE_MEM_PRROW,"CACHE MEM PR_ROWBUF",545137,525468.03,522541.50,652536,583318.80,584345.00,1.197,1.110,1.118
h264_dec,H8_BUS_PRMEMBUS_PRC,"BUS PR_MEMBUS PR_CACHE",545137,525468.03,522541.50,569347,548158.20,552246.50,1.044,1.043,1.057
h264_dec,H4_TUNED_KILLER,"CACHE BUS MEM",545137,525468.03,522541.50,646164,547286.67,529536.00,1.185,1.042,1.013
h264_dec,N5_CACHE_BUS_MTHM,"CACHE BUS MTH_MEM",545137,525468.03,522541.50,598799,534015.30,528423.50,1.098,1.016,1.011
h264_dec,H5_MEM_PRR_MTHM,"MEM PR_ROWBUF MTH_MEM",545137,525468.03,522541.50,639156,554771.50,539452.00,1.172,1.056,1.032
h264_dec,H13_CACHE_BUS_PRC,"CACHE BUS PR_CACHE",545137,525468.03,522541.50,583692,534189.03,530194.50,1.071,1.017,1.015
h264_dec,H15_PRC_MTHC_MTHM,"PR_CACHE MTH_CACHE MTH_MEM",545137,525468.03,522541.50,1146706,586314.27,569223.50,2.104,1.116,1.089
h264_dec,MTH_CACHE3,"MTH_CACHE MTH_CACHE MTH_CACHE",545137,525468.03,522541.50,574727,541389.07,540082.00,1.054,1.030,1.034
h264_dec,H12_PRC_PRROW_MTHM,"PR_CACHE PR_ROWBUF MTH_MEM",545137,525468.03,522541.50,602002,539822.73,531254.50,1.104,1.027,1.017
h264_dec,H9_PTR_PRPTR_MTHPTR,"POINTER PR_POINTER MTH_POINTER",545137,525468.03,522541.50,565156,541893.10,539566.50,1.037,1.031,1.033
h264_dec,PR_CACHE3,"PR_CACHE PR_CACHE PR_CACHE",545137,525468.03,522541.50,621842,558528.40,555755.00,1.141,1.063,1.064
huff_enc,H14_CACHE_MEM_PRC,"CACHE MEM PR_CACHE",1540189,1493305.57,1481519.50,2152002,1593512.77,1571523.00,1.397,1.067,1.061
huff_enc,H3_CACHE_PRC_PRC,"CACHE PR_CACHE PR_CACHE",1540189,1493305.57,1481519.50,1606080,1531596.47,1528589.00,1.043,1.026,1.032
huff_enc,N4_PTR_PTR_PRC,"POINTER POINTER PR_CACHE",1540189,1493305.57,1481519.50,1591492,1540523.83,1537997.50,1.033,1.032,1.038
huff_enc,N3_BUS_MEM_PRMEMBUS,"BUS MEM PR_MEMBUS",1540189,1493305.57,1481519.50,2281191,1639343.83,1617051.50,1.481,1.098,1.091
huff_enc,H1_CACHE_PRC_MTHC,"CACHE PR_CACHE MTH_CACHE",1540189,1493305.57,1481519.50,1682366,1533955.43,1524406.00,1.092,1.027,1.029
huff_enc,H17_PRC_PRC_PRT,"PR_CACHE PR_CACHE PR_TLB",1540189,1493305.57,1481519.50,1612701,1540190.77,1537770.50,1.047,1.031,1.038
huff_enc,N1_CACHE_BUS_PRMEMBUS,"CACHE BUS PR_MEMBUS",1540189,1493305.57,1481519.50,1603159,1519926.80,1512629.00,1.041,1.018,1.021
huff_enc,H16_CACHE_MEM_BUS,"CACHE MEM BUS",1540189,1493305.57,1481519.50,1748906,1583276.67,1576662.50,1.136,1.060,1.064
huff_enc,N2_CACHE_MEM_PRROW,"CACHE MEM PR_ROWBUF",1540189,1493305.57,1481519.50,2335255,1626070.10,1580922.00,1.516,1.089,1.067
huff_enc,H8_BUS_PRMEMBUS_PRC,"BUS PR_MEMBUS PR_CACHE",1540189,1493305.57,1481519.50,1655588,1533830.10,1522532.00,1.075,1.027,1.028
huff_enc,H4_TUNED_KILLER,"CACHE BUS MEM",1540189,1493305.57,1481519.50,2548483,1616211.43,1554257.50,1.655,1.082,1.049
huff_enc,N5_CACHE_BUS_MTHM,"CACHE BUS MTH_MEM",1540189,1493305.57,1481519.50,2558960,1648279.53,1596782.00,1.661,1.104,1.078
huff_enc,H5_MEM_PRR_MTHM,"MEM PR_ROWBUF MTH_MEM",1540189,1493305.57,1481519.50,1956953,1622616.13,1606272.00,1.271,1.087,1.084
huff_enc,H13_CACHE_BUS_PRC,"CACHE BUS PR_CACHE",1540189,1493305.57,1481519.50,1628927,1527564.40,1526835.50,1.058,1.023,1.031
huff_enc,H15_PRC_MTHC_MTHM,"PR_CACHE MTH_CACHE MTH_MEM",1540189,1493305.57,1481519.50,2527981,1679506.10,1643367.50,1.641,1.125,1.109
huff_enc,MTH_CACHE3,"MTH_CACHE MTH_CACHE MTH_CACHE",1540189,1493305.57,1481519.50,1539182,1501712.17,1501529.50,0.999,1.006,1.014
huff_enc,H12_PRC_PRROW_MTHM,"PR_CACHE PR_ROWBUF MTH_MEM",1540189,1493305.57,1481519.50,1778276,1564190.83,1537322.50,1.155,1.047,1.038
huff_enc,H9_PTR_PRPTR_MTHPTR,"POINTER PR_POINTER MTH_POINTER",1540189,1493305.57,1481519.50,1536995,1516357.93,1517085.00,0.998,1.015,1.024
huff_enc,PR_CACHE3,"PR_CACHE PR_CACHE PR_CACHE",1540189,1493305.57,1481519.50,1607722,1547349.50,1543486.00,1.044,1.036,1.042
iir,H14_CACHE_MEM_PRC,"CACHE MEM PR_CACHE",7698,3841.40,3564.00,9492,3740.37,3506.50,1.233,0.974,0.984
iir,H3_CACHE_PRC_PRC,"CACHE PR_CACHE PR_CACHE",7698,3841.40,3564.00,17222,4643.63,3607.50,2.237,1.209,1.012
iir,N4_PTR_PTR_PRC,"POINTER POINTER PR_CACHE",7698,3841.40,3564.00,14538,4159.67,3496.00,1.889,1.083,0.981
iir,N3_BUS_MEM_PRMEMBUS,"BUS MEM PR_MEMBUS",7698,3841.40,3564.00,9005,3732.00,3492.50,1.170,0.972,0.980
iir,H1_CACHE_PRC_MTHC,"CACHE PR_CACHE MTH_CACHE",7698,3841.40,3564.00,12169,3834.27,3456.00,1.581,0.998,0.970
iir,H17_PRC_PRC_PRT,"PR_CACHE PR_CACHE PR_TLB",7698,3841.40,3564.00,15383,10455.00,10335.00,1.998,2.722,2.900
iir,N1_CACHE_BUS_PRMEMBUS,"CACHE BUS PR_MEMBUS",7698,3841.40,3564.00,8820,4374.83,3489.50,1.146,1.139,0.979
iir,H16_CACHE_MEM_BUS,"CACHE MEM BUS",7698,3841.40,3564.00,26500,4861.57,3506.00,3.442,1.266,0.984
iir,N2_CACHE_MEM_PRROW,"CACHE MEM PR_ROWBUF",7698,3841.40,3564.00,42555,6468.93,3700.00,5.528,1.684,1.038
iir,H8_BUS_PRMEMBUS_PRC,"BUS PR_MEMBUS PR_CACHE",7698,3841.40,3564.00,16605,4479.80,3603.50,2.157,1.166,1.011
iir,H4_TUNED_KILLER,"CACHE BUS MEM",7698,3841.40,3564.00,37693,11038.37,5106.00,4.896,2.874,1.433
iir,N5_CACHE_BUS_MTHM,"CACHE BUS MTH_MEM",7698,3841.40,3564.00,34905,6226.23,4235.50,4.534,1.621,1.188
iir,H5_MEM_PRR_MTHM,"MEM PR_ROWBUF MTH_MEM",7698,3841.40,3564.00,26008,5633.70,4129.50,3.379,1.467,1.159
iir,H13_CACHE_BUS_PRC,"CACHE BUS PR_CACHE",7698,3841.40,3564.00,18678,4214.53,3481.00,2.426,1.097,0.977
iir,H15_PRC_MTHC_MTHM,"PR_CACHE MTH_CACHE MTH_MEM",7698,3841.40,3564.00,12585,4059.67,3480.00,1.635,1.057,0.976
iir,MTH_CACHE3,"MTH_CACHE MTH_CACHE MTH_CACHE",7698,3841.40,3564.00,12068,5181.73,3715.50,1.568,1.349,1.043
iir,H12_PRC_PRROW_MTHM,"PR_CACHE PR_ROWBUF MTH_MEM",7698,3841.40,3564.00,15943,4049.00,3522.00,2.071,1.054,0.988
iir,H9_PTR_PRPTR_MTHPTR,"POINTER PR_POINTER MTH_POINTER",7698,3841.40,3564.00,8644,3677.43,3472.00,1.123,0.957,0.974
iir,PR_CACHE3,"PR_CACHE PR_CACHE PR_CACHE",7698,3841.40,3564.00,14639,3904.10,3498.00,1.902,1.016,0.981
insertsort,H14_CACHE_MEM_PRC,"CACHE MEM PR_CACHE",13169,4472.87,4172.00,13259,4611.83,4180.00,1.007,1.031,1.002
insertsort,H3_CACHE_PRC_PRC,"CACHE PR_CACHE PR_CACHE",13169,4472.87,4172.00,21450,5147.27,4255.00,1.629,1.151,1.020
insertsort,N4_PTR_PTR_PRC,"POINTER POINTER PR_CACHE",13169,4472.87,4172.00,12920,4572.33,4205.00,0.981,1.022,1.008
insertsort,N3_BUS_MEM_PRMEMBUS,"BUS MEM PR_MEMBUS",13169,4472.87,4172.00,14509,4638.90,4196.50,1.102,1.037,1.006
insertsort,H1_CACHE_PRC_MTHC,"CACHE PR_CACHE MTH_CACHE",13169,4472.87,4172.00,13072,4568.23,4170.50,0.993,1.021,1.000
insertsort,H17_PRC_PRC_PRT,"PR_CACHE PR_CACHE PR_TLB",13169,4472.87,4172.00,22111,5144.70,4228.50,1.679,1.150,1.014
insertsort,N1_CACHE_BUS_PRMEMBUS,"CACHE BUS PR_MEMBUS",13169,4472.87,4172.00,15105,4639.33,4201.50,1.147,1.037,1.007
insertsort,H16_CACHE_MEM_BUS,"CACHE MEM BUS",13169,4472.87,4172.00,36912,5666.23,4238.50,2.803,1.267,1.016
insertsort,N2_CACHE_MEM_PRROW,"CACHE MEM PR_ROWBUF",13169,4472.87,4172.00,43797,6352.30,4553.50,3.326,1.420,1.091
insertsort,H8_BUS_PRMEMBUS_PRC,"BUS PR_MEMBUS PR_CACHE",13169,4472.87,4172.00,16055,4659.67,4171.50,1.219,1.042,1.000
insertsort,H4_TUNED_KILLER,"CACHE BUS MEM",13169,4472.87,4172.00,48916,6830.40,4431.00,3.714,1.527,1.062
insertsort,N5_CACHE_BUS_MTHM,"CACHE BUS MTH_MEM",13169,4472.87,4172.00,16943,4724.53,4257.50,1.287,1.056,1.020
insertsort,H5_MEM_PRR_MTHM,"MEM PR_ROWBUF MTH_MEM",13169,4472.87,4172.00,18279,5280.63,4564.00,1.388,1.181,1.094
insertsort,H13_CACHE_BUS_PRC,"CACHE BUS PR_CACHE",13169,4472.87,4172.00,14279,4612.97,4221.50,1.084,1.031,1.012
insertsort,H15_PRC_MTHC_MTHM,"PR_CACHE MTH_CACHE MTH_MEM",13169,4472.87,4172.00,53355,6424.23,4201.50,4.052,1.436,1.007
insertsort,MTH_CACHE3,"MTH_CACHE MTH_CACHE MTH_CACHE",13169,4472.87,4172.00,17245,5059.10,4181.50,1.310,1.131,1.002
insertsort,H12_PRC_PRROW_MTHM,"PR_CACHE PR_ROWBUF MTH_MEM",13169,4472.87,4172.00,14027,4763.93,4248.00,1.065,1.065,1.018
insertsort,H9_PTR_PRPTR_MTHPTR,"POINTER PR_POINTER MTH_POINTER",13169,4472.87,4172.00,18363,5025.27,4236.00,1.394,1.124,1.015
insertsort,PR_CACHE3,"PR_CACHE PR_CACHE PR_CACHE",13169,4472.87,4172.00,17764,4829.73,4237.50,1.349,1.080,1.016
isqrt,H14_CACHE_MEM_PRC,"CACHE MEM PR_CACHE",1443172,1434785.63,1433450.00,1620359,1448400.83,1439640.00,1.123,1.009,1.004
isqrt,H3_CACHE_PRC_PRC,"CACHE PR_CACHE PR_CACHE",1443172,1434785.63,1433450.00,1467721,1442276.40,1438954.00,1.017,1.005,1.004
isqrt,N4_PTR_PTR_PRC,"POINTER POINTER PR_CACHE",1443172,1434785.63,1433450.00,1473577,1446125.77,1443496.50,1.021,1.008,1.007
isqrt,N3_BUS_MEM_PRMEMBUS,"BUS MEM PR_MEMBUS",1443172,1434785.63,1433450.00,1503745,1454093.27,1447951.50,1.042,1.013,1.010
isqrt,H1_CACHE_PRC_MTHC,"CACHE PR_CACHE MTH_CACHE",1443172,1434785.63,1433450.00,1463238,1447427.03,1447127.50,1.014,1.009,1.010
isqrt,H17_PRC_PRC_PRT,"PR_CACHE PR_CACHE PR_TLB",1443172,1434785.63,1433450.00,1464629,1445530.13,1444146.00,1.015,1.007,1.007
isqrt,N1_CACHE_BUS_PRMEMBUS,"CACHE BUS PR_MEMBUS",1443172,1434785.63,1433450.00,1456497,1440852.87,1438934.00,1.009,1.004,1.004
isqrt,H16_CACHE_MEM_BUS,"CACHE MEM BUS",1443172,1434785.63,1433450.00,1532038,1447958.97,1440305.50,1.062,1.009,1.005
isqrt,N2_CACHE_MEM_PRROW,"CACHE MEM PR_ROWBUF",1443172,1434785.63,1433450.00,1464905,1442574.37,1439385.50,1.015,1.005,1.004
isqrt,H8_BUS_PRMEMBUS_PRC,"BUS PR_MEMBUS PR_CACHE",1443172,1434785.63,1433450.00,1450671,1441528.20,1441248.00,1.005,1.005,1.005
isqrt,H4_TUNED_KILLER,"CACHE BUS MEM",1443172,1434785.63,1433450.00,1447797,1436855.17,1435721.50,1.003,1.001,1.002
isqrt,N5_CACHE_BUS_MTHM,"CACHE BUS MTH_MEM",1443172,1434785.63,1433450.00,1472538,1453991.17,1453218.00,1.020,1.013,1.014
isqrt,H5_MEM_PRR_MTHM,"MEM PR_ROWBUF MTH_MEM",1443172,1434785.63,1433450.00,1508535,1441703.23,1436429.50,1.045,1.005,1.002
isqrt,H13_CACHE_BUS_PRC,"CACHE BUS PR_CACHE",1443172,1434785.63,1433450.00,1462423,1443064.63,1439965.00,1.013,1.006,1.005
isqrt,H15_PRC_MTHC_MTHM,"PR_CACHE MTH_CACHE MTH_MEM",1443172,1434785.63,1433450.00,1471702,1455911.03,1456159.00,1.020,1.015,1.016
isqrt,MTH_CACHE3,"MTH_CACHE MTH_CACHE MTH_CACHE",1443172,1434785.63,1433450.00,1455218,1440510.70,1437788.00,1.008,1.004,1.003
isqrt,H12_PRC_PRROW_MTHM,"PR_CACHE PR_ROWBUF MTH_MEM",1443172,1434785.63,1433450.00,1462215,1440033.83,1436067.00,1.013,1.004,1.002
isqrt,H9_PTR_PRPTR_MTHPTR,"POINTER PR_POINTER MTH_POINTER",1443172,1434785.63,1433450.00,1466236,1442647.70,1438571.50,1.016,1.005,1.004
isqrt,PR_CACHE3,"PR_CACHE PR_CACHE PR_CACHE",1443172,1434785.63,1433450.00,1505387,1454633.97,1448218.50,1.043,1.014,1.010
jfdctint,H14_CACHE_MEM_PRC,"CACHE MEM PR_CACHE",17614,9068.43,8476.00,68699,11205.90,8531.00,3.900,1.236,1.006
jfdctint,H3_CACHE_PRC_PRC,"CACHE PR_CACHE PR_CACHE",17614,9068.43,8476.00,30145,9272.90,8529.00,1.711,1.023,1.006
jfdctint,N4_PTR_PTR_PRC,"POINTER POINTER PR_CACHE",17614,9068.43,8476.00,32824,16963.23,17156.00,1.864,1.871,2.024
jfdctint,N3_BUS_MEM_PRMEMBUS,"BUS MEM PR_MEMBUS",17614,9068.43,8476.00,42292,10875.27,8489.50,2.401,1.199,1.002
jfdctint,H1_CACHE_PRC_MTHC,"CACHE PR_CACHE MTH_CACHE",17614,9068.43,8476.00,22636,10608.63,8590.50,1.285,1.170,1.014
jfdctint,H17_PRC_PRC_PRT,"PR_CACHE PR_CACHE PR_TLB",17614,9068.43,8476.00,32939,10175.13,8556.00,1.870,1.122,1.009
jfdctint,N1_CACHE_BUS_PRMEMBUS,"CACHE BUS PR_MEMBUS",17614,9068.43,8476.00,25603,9724.30,8569.00,1.454,1.072,1.011
jfdctint,H16_CACHE_MEM_BUS,"CACHE MEM BUS",17614,9068.43,8476.00,21680,10192.60,8570.00,1.231,1.124,1.011
jfdctint,N2_CACHE_MEM_PRROW,"CACHE MEM PR_ROWBUF",17614,9068.43,8476.00,54062,11888.37,9190.50,3.069,1.311,1.084
jfdctint,H8_BUS_PRMEMBUS_PRC,"BUS PR_MEMBUS PR_CACHE",17614,9068.43,8476.00,33858,10876.73,8506.50,1.922,1.199,1.004
jfdctint,H4_TUNED_KILLER,"CACHE BUS MEM",17614,9068.43,8476.00,60475,14465.53,9276.00,3.433,1.595,1.094
jfdctint,N5_CACHE_BUS_MTHM,"CACHE BUS MTH_MEM",17614,9068.43,8476.00,60956,12237.90,9679.50,3.461,1.350,1.142
jfdctint,H5_MEM_PRR_MTHM,"MEM PR_ROWBUF MTH_MEM",17614,9068.43,8476.00,59372,11683.57,8897.50,3.371,1.288,1.050
jfdctint,H13_CACHE_BUS_PRC,"CACHE BUS PR_CACHE",17614,9068.43,8476.00,23577,10035.90,8744.50,1.339,1.107,1.032
jfdctint,H15_PRC_MTHC_MTHM,"PR_CACHE MTH_CACHE MTH_MEM",17614,9068.43,8476.00,17143,8843.60,8462.50,0.973,0.975,0.998
jfdctint,MTH_CACHE3,"MTH_CACHE MTH_CACHE MTH_CACHE",17614,9068.43,8476.00,20933,9019.53,8493.50,1.188,0.995,1.002
jfdctint,H12_PRC_PRROW_MTHM,"PR_CACHE PR_ROWBUF MTH_MEM",17614,9068.43,8476.00,55292,10796.90,8896.00,3.139,1.191,1.050
jfdctint,H9_PTR_PRPTR_MTHPTR,"POINTER PR_POINTER MTH_POINTER",17614,9068.43,8476.00,26729,9209.30,8514.00,1.517,1.016,1.004
jfdctint,PR_CACHE3,"PR_CACHE PR_CACHE PR_CACHE",17614,9068.43,8476.00,26191,9420.67,8500.50,1.487,1.039,1.003
lift,H14_CACHE_MEM_PRC,"CACHE MEM PR_CACHE",1418558,1402503.83,1397510.50,1463945,1425455.10,1422278.00,1.032,1.016,1.018
lift,H3_CACHE_PRC_PRC,"CACHE PR_CACHE PR_CACHE",1418558,1402503.83,1397510.50,1464463,1432025.50,1430941.00,1.032,1.021,1.024
lift,N4_PTR_PTR_PRC,"POINTER POINTER PR_CACHE",1418558,1402503.83,1397510.50,1480511,1428233.73,1425422.00,1.044,1.018,1.020
lift,N3_BUS_MEM_PRMEMBUS,"BUS MEM PR_MEMBUS",1418558,1402503.83,1397510.50,1546086,1468199.53,1470686.50,1.090,1.047,1.052
lift,H1_CACHE_PRC_MTHC,"CACHE PR_CACHE MTH_CACHE",1418558,1402503.83,1397510.50,1448140,1420097.80,1420272.50,1.021,1.013,1.016
lift,H17_PRC_PRC_PRT,"PR_CACHE PR_CACHE PR_TLB",1418558,1402503.83,1397510.50,1489947,1434025.47,1430189.00,1.050,1.022,1.023
lift,N1_CACHE_BUS_PRMEMBUS,"CACHE BUS PR_MEMBUS",1418558,1402503.83,1397510.50,1423969,1412891.47,1412253.50,1.004,1.007,1.011
lift,H16_CACHE_MEM_BUS,"CACHE MEM BUS",1418558,1402503.83,1397510.50,1526889,1439291.83,1425118.50,1.076,1.026,1.020
lift,N2_CACHE_MEM_PRROW,"CACHE MEM PR_ROWBUF",1418558,1402503.83,1397510.50,1499522,1452100.63,1462801.00,1.057,1.035,1.047
lift,H8_BUS_PRMEMBUS_PRC,"BUS PR_MEMBUS PR_CACHE",1418558,1402503.83,1397510.50,1446917,1422071.83,1420770.00,1.020,1.014,1.017
lift,H4_TUNED_KILLER,"CACHE BUS MEM",1418558,1402503.83,1397510.50,1580663,1457697.83,1449770.50,1.114,1.039,1.037
lift,N5_CACHE_BUS_MTHM,"CACHE BUS MTH_MEM",1418558,1402503.83,1397510.50,1487327,1408967.13,1402452.50,1.048,1.005,1.004
lift,H5_MEM_PRR_MTHM,"MEM PR_ROWBUF MTH_MEM",1418558,1402503.83,1397510.50,1495136,1434767.43,1434693.00,1.054,1.023,1.027
lift,H13_CACHE_BUS_PRC,"CACHE BUS PR_CACHE",1418558,1402503.83,1397510.50,1481304,1436189.23,1434405.00,1.044,1.024,1.026
lift,H15_PRC_MTHC_MTHM,"PR_CACHE MTH_CACHE MTH_MEM",1418558,1402503.83,1397510.50,1490357,1429291.43,1421208.50,1.051,1.019,1.017
lift,MTH_CACHE3,"MTH_CACHE MTH_CACHE MTH_CACHE",1418558,1402503.83,1397510.50,1436821,1412782.53,1410477.00,1.013,1.007,1.009
lift,H12_PRC_PRROW_MTHM,"PR_CACHE PR_ROWBUF MTH_MEM",1418558,1402503.83,1397510.50,1548278,1440343.80,1435594.00,1.091,1.027,1.027
lift,H9_PTR_PRPTR_MTHPTR,"POINTER PR_POINTER MTH_POINTER",1418558,1402503.83,1397510.50,1434203,1414763.23,1413761.00,1.011,1.009,1.012
lift,PR_CACHE3,"PR_CACHE PR_CACHE PR_CACHE",1418558,1402503.83,1397510.50,1470950,1431269.77,1429033.00,1.037,1.021,1.023
lms,H14_CACHE_MEM_PRC,"CACHE MEM PR_CACHE",473879,462156.30,460950.50,493284,465716.80,463865.00,1.041,1.008,1.006
lms,H3_CACHE_PRC_PRC,"CACHE PR_CACHE PR_CACHE",473879,462156.30,460950.50,492259,462989.70,460897.50,1.039,1.002,1.000
lms,N4_PTR_PTR_PRC,"POINTER POINTER PR_CACHE",473879,462156.30,460950.50,516239,470144.03,464124.50,1.089,1.017,1.007
lms,N3_BUS_MEM_PRMEMBUS,"BUS MEM PR_MEMBUS",473879,462156.30,460950.50,518899,470995.00,463672.00,1.095,1.019,1.006
lms,H1_CACHE_PRC_MTHC,"CACHE PR_CACHE MTH_CACHE",473879,462156.30,460950.50,481238,464848.33,461163.00,1.016,1.006,1.000
lms,H17_PRC_PRC_PRT,"PR_CACHE PR_CACHE PR_TLB",473879,462156.30,460950.50,482246,469526.80,468927.50,1.018,1.016,1.017
lms,N1_CACHE_BUS_PRMEMBUS,"CACHE BUS PR_MEMBUS",473879,462156.30,460950.50,475668,462534.67,461271.50,1.004,1.001,1.001
lms,H16_CACHE_MEM_BUS,"CACHE MEM BUS",473879,462156.30,460950.50,540023,478153.93,470656.50,1.140,1.035,1.021
lms,N2_CACHE_MEM_PRROW,"CACHE MEM PR_ROWBUF",473879,462156.30,460950.50,531876,487962.80,486907.50,1.122,1.056,1.056
lms,H8_BUS_PRMEMBUS_PRC,"BUS PR_MEMBUS PR_CACHE",473879,462156.30,460950.50,495172,467176.27,461300.50,1.045,1.011,1.001
lms,H4_TUNED_KILLER,"CACHE BUS MEM",473879,462156.30,460950.50,505652,469749.50,464936.50,1.067,1.016,1.009
lms,N5_CACHE_BUS_MTHM,"CACHE BUS MTH_MEM",473879,462156.30,460950.50,544575,473045.60,462449.50,1.149,1.024,1.003
lms,H5_MEM_PRR_MTHM,"MEM PR_ROWBUF MTH_MEM",473879,462156.30,460950.50,515069,465805.87,461801.00,1.087,1.008,1.002
lms,H13_CACHE_BUS_PRC,"CACHE BUS PR_CACHE",473879,462156.30,460950.50,491101,470920.10,472826.00,1.036,1.019,1.026
lms,H15_PRC_MTHC_MTHM,"PR_CACHE MTH_CACHE MTH_MEM",473879,462156.30,460950.50,576317,482103.43,474532.50,1.216,1.043,1.029
lms,MTH_CACHE3,"MTH_CACHE MTH_CACHE MTH_CACHE",473879,462156.30,460950.50,487668,464087.17,461292.50,1.029,1.004,1.001
lms,H12_PRC_PRROW_MTHM,"PR_CACHE PR_ROWBUF MTH_MEM",473879,462156.30,460950.50,518213,469749.00,461234.50,1.094,1.016,1.001
lms,H9_PTR_PRPTR_MTHPTR,"POINTER PR_POINTER MTH_POINTER",473879,462156.30,460950.50,480262,470924.43,470360.00,1.013,1.019,1.020
lms,PR_CACHE3,"PR_CACHE PR_CACHE PR_CACHE",473879,462156.30,460950.50,487601,465495.17,461072.50,1.029,1.007,1.000
ludcmp,H14_CACHE_MEM_PRC,"CACHE MEM PR_CACHE",22935,11404.47,10575.00,69483,15480.63,11302.00,3.030,1.357,1.069
ludcmp,H3_CACHE_PRC_PRC,"CACHE PR_CACHE PR_CACHE",22935,11404.47,10575.00,37238,11654.27,10575.50,1.624,1.022,1.000
ludcmp,N4_PTR_PTR_PRC,"POINTER POINTER PR_CACHE",22935,11404.47,10575.00,45340,12170.40,10654.50,1.977,1.067,1.008
ludcmp,N3_BUS_MEM_PRMEMBUS,"BUS MEM PR_MEMBUS",22935,11404.47,10575.00,83442,14077.43,10681.00,3.638,1.234,1.010
ludcmp,H1_CACHE_PRC_MTHC,"CACHE PR_CACHE MTH_CACHE",22935,11404.47,10575.00,28395,11191.33,10562.00,1.238,0.981,0.999
ludcmp,H17_PRC_PRC_PRT,"PR_CACHE PR_CACHE PR_TLB",22935,11404.47,10575.00,51115,12582.63,10538.00,2.229,1.103,0.997
ludcmp,N1_CACHE_BUS_PRMEMBUS,"CACHE BUS PR_MEMBUS",22935,11404.47,10575.00,26820,11524.70,10543.00,1.169,1.011,0.997
ludcmp,H16_CACHE_MEM_BUS,"CACHE MEM BUS",22935,11404.47,10575.00,67369,46459.70,49230.50,2.937,4.074,4.655
ludcmp,N2_CACHE_MEM_PRROW,"CACHE MEM PR_ROWBUF",22935,11404.47,10575.00,69803,44625.60,49423.00,3.044,3.913,4.674
ludcmp,H8_BUS_PRMEMBUS_PRC,"BUS PR_MEMBUS PR_CACHE",22935,11404.47,10575.00,39828,12334.07,10612.00,1.737,1.082,1.003
ludcmp,H4_TUNED_KILLER,"CACHE BUS MEM",22935,11404.47,10575.00,71964,16947.03,11540.50,3.138,1.486,1.091
ludcmp,N5_CACHE_BUS_MTHM,"CACHE BUS MTH_MEM",22935,11404.47,10575.00,72433,19529.17,11336.50,3.158,1.712,1.072
ludcmp,H5_MEM_PRR_MTHM,"MEM PR_ROWBUF MTH_MEM",22935,11404.47,10575.00,65892,14242.80,11277.50,2.873,1.249,1.066
ludcmp,H13_CACHE_BUS_PRC,"CACHE BUS PR_CACHE",22935,11404.47,10575.00,47056,13343.60,11092.00,2.052,1.170,1.049
ludcmp,H15_PRC_MTHC_MTHM,"PR_CACHE MTH_CACHE MTH_MEM",22935,11404.47,10575.00,81796,16539.63,11344.50,3.566,1.450,1.073
ludcmp,MTH_CACHE3,"MTH_CACHE MTH_CACHE MTH_CACHE",22935,11404.47,10575.00,22186,12100.67,10992.50,0.967,1.061,1.039
ludcmp,H12_PRC_PRROW_MTHM,"PR_CACHE PR_ROWBUF MTH_MEM",22935,11404.47,10575.00,29775,11658.63,10699.50,1.298,1.022,1.012
ludcmp,H9_PTR_PRPTR_MTHPTR,"POINTER PR_POINTER MTH_POINTER",22935,11404.47,10575.00,31568,12094.13,10549.50,1.376,1.060,0.998
ludcmp,PR_CACHE3,"PR_CACHE PR_CACHE PR_CACHE",22935,11404.47,10575.00,54642,17434.83,11018.00,2.382,1.529,1.042
matrix1,H14_CACHE_MEM_PRC,"CACHE MEM PR_CACHE",25097,20815.50,20658.00,40502,23885.80,20816.50,1.614,1.148,1.008
matrix1,H3_CACHE_PRC_PRC,"CACHE PR_CACHE PR_CACHE",25097,20815.50,20658.00,34762,25394.67,25877.00,1.385,1.220,1.253
matrix1,N4_PTR_PTR_PRC,"POINTER POINTER PR_CACHE",25097,20815.50,20658.00,30169,21140.53,20641.50,1.202,1.016,0.999
matrix1,N3_BUS_MEM_PRMEMBUS,"BUS MEM PR_MEMBUS",25097,20815.50,20658.00,43309,23079.83,20809.00,1.726,1.109,1.007
matrix1,H1_CACHE_PRC_MTHC,"CACHE PR_CACHE MTH_CACHE",25097,20815.50,20658.00,26568,21033.67,20634.00,1.059,1.010,0.999
matrix1,H17_PRC_PRC_PRT,"PR_CACHE PR_CACHE PR_TLB",25097,20815.50,20658.00,28492,21075.83,20615.00,1.135,1.013,0.998
matrix1,N1_CACHE_BUS_PRMEMBUS,"CACHE BUS PR_MEMBUS",25097,20815.50,20658.00,25739,21071.40,20785.50,1.026,1.012,1.006
matrix1,H16_CACHE_MEM_BUS,"CACHE MEM BUS",25097,20815.50,20658.00,43826,21946.67,20756.00,1.746,1.054,1.005
matrix1,N2_CACHE_MEM_PRROW,"CACHE MEM PR_ROWBUF",25097,20815.50,20658.00,39869,21322.13,20571.00,1.589,1.024,0.996
matrix1,H8_BUS_PRMEMBUS_PRC,"BUS PR_MEMBUS PR_CACHE",25097,20815.50,20658.00,29507,21606.43,20641.00,1.176,1.038,0.999
matrix1,H4_TUNED_KILLER,"CACHE BUS MEM",25097,20815.50,20658.00,48771,23021.83,21103.50,1.943,1.106,1.022
matrix1,N5_CACHE_BUS_MTHM,"CACHE BUS MTH_MEM",25097,20815.50,20658.00,46841,23410.17,21090.00,1.866,1.125,1.021
matrix1,H5_MEM_PRR_MTHM,"MEM PR_ROWBUF MTH_MEM",25097,20815.50,20658.00,26139,20879.73,20649.00,1.042,1.003,1.000
matrix1,H13_CACHE_BUS_PRC,"CACHE BUS PR_CACHE",25097,20815.50,20658.00,28699,21082.63,20641.50,1.144,1.013,0.999
matrix1,H15_PRC_MTHC_MTHM,"PR_CACHE MTH_CACHE MTH_MEM",25097,20815.50,20658.00,48874,22208.17,20629.00,1.947,1.067,0.999
matrix1,MTH_CACHE3,"MTH_CACHE MTH_CACHE MTH_CACHE",25097,20815.50,20658.00,24848,20960.87,20594.00,0.990,1.007,0.997
matrix1,H12_PRC_PRROW_MTHM,"PR_CACHE PR_ROWBUF MTH_MEM",25097,20815.50,20658.00,25282,20829.33,20637.50,1.007,1.001,0.999
matrix1,H9_PTR_PRPTR_MTHPTR,"POINTER PR_POINTER MTH_POINTER",25097,20815.50,20658.00,31626,21096.27,20677.50,1.260,1.013,1.001
matrix1,PR_CACHE3,"PR_CACHE PR_CACHE PR_CACHE",25097,20815.50,20658.00,29953,21249.63,20634.00,1.193,1.021,0.999
md5,H14_CACHE_MEM_PRC,"CACHE MEM PR_CACHE",36276157,36096463.77,36115689.50,37229328,36333340.10,36292332.50,1.026,1.007,1.005
md5,H3_CACHE_PRC_PRC,"CACHE PR_CACHE PR_CACHE",36276157,36096463.77,36115689.50,36672986,36250499.10,36215090.50,1.011,1.004,1.003
md5,N4_PTR_PTR_PRC,"POINTER POINTER PR_CACHE",36276157,36096463.77,36115689.50,36704936,36310029.63,36272949.00,1.012,1.006,1.004
md5,N3_BUS_MEM_PRMEMBUS,"BUS MEM PR_MEMBUS",36276157,36096463.77,36115689.50,37070470,36482979.07,36381176.00,1.022,1.011,1.007
md5,H1_CACHE_PRC_MTHC,"CACHE PR_CACHE MTH_CACHE",36276157,36096463.77,36115689.50,36444924,36126838.13,36085628.50,1.005,1.001,0.999
md5,H17_PRC_PRC_PRT,"PR_CACHE PR_CACHE PR_TLB",36276157,36096463.77,36115689.50,37172736,36410063.53,36309862.00,1.025,1.009,1.005
md5,N1_CACHE_BUS_PRMEMBUS,"CACHE BUS PR_MEMBUS",36276157,36096463.77,36115689.50,37197181,36230576.43,36127733.50,1.025,1.004,1.000
md5,H16_CACHE_MEM_BUS,"CACHE MEM BUS",36276157,36096463.77,36115689.50,37650699,36783699.57,36645828.00,1.038,1.019,1.015
md5,N2_CACHE_MEM_PRROW,"CACHE MEM PR_ROWBUF",36276157,36096463.77,36115689.50,37420813,36594235.13,36460452.50,1.032,1.014,1.010
md5,H8_BUS_PRMEMBUS_PRC,"BUS PR_MEMBUS PR_CACHE",36276157,36096463.77,36115689.50,36511894,36275525.07,36255514.50,1.006,1.005,1.004
md5,H4_TUNED_KILLER,"CACHE BUS MEM",36276157,36096463.77,36115689.50,37231636,36502056.77,36409863.50,1.026,1.011,1.008
md5,N5_CACHE_BUS_MTHM,"CACHE BUS MTH_MEM",36276157,36096463.77,36115689.50,37070204,36355416.50,36275857.50,1.022,1.007,1.004
md5,H5_MEM_PRR_MTHM,"MEM PR_ROWBUF MTH_MEM",36276157,36096463.77,36115689.50,37624269,36694491.90,36640062.50,1.037,1.017,1.015
md5,H13_CACHE_BUS_PRC,"CACHE BUS PR_CACHE",36276157,36096463.77,36115689.50,37119255,36367273.47,36327940.00,1.023,1.008,1.006
md5,H15_PRC_MTHC_MTHM,"PR_CACHE MTH_CACHE MTH_MEM",36276157,36096463.77,36115689.50,37423111,36519389.37,36465953.50,1.032,1.012,1.010
md5,MTH_CACHE3,"MTH_CACHE MTH_CACHE MTH_CACHE",36276157,36096463.77,36115689.50,36788349,36141252.40,36085293.00,1.014,1.001,0.999
md5,H12_PRC_PRROW_MTHM,"PR_CACHE PR_ROWBUF MTH_MEM",36276157,36096463.77,36115689.50,38050252,36493507.97,36404115.50,1.049,1.011,1.008
md5,H9_PTR_PRPTR_MTHPTR,"POINTER PR_POINTER MTH_POINTER",36276157,36096463.77,36115689.50,36597387,36164802.23,36141948.00,1.009,1.002,1.001
md5,PR_CACHE3,"PR_CACHE PR_CACHE PR_CACHE",36276157,36096463.77,36115689.50,36658444,36291714.90,36276901.00,1.011,1.005,1.004
minver,H14_CACHE_MEM_PRC,"CACHE MEM PR_CACHE",24283,7519.97,6345.50,34343,8277.73,6838.00,1.414,1.101,1.078
minver,H3_CACHE_PRC_PRC,"CACHE PR_CACHE PR_CACHE",24283,7519.97,6345.50,36705,8939.90,6758.00,1.512,1.189,1.065
minver,N4_PTR_PTR_PRC,"POINTER POINTER PR_CACHE",24283,7519.97,6345.50,49424,8581.07,6390.50,2.035,1.141,1.007
minver,N3_BUS_MEM_PRMEMBUS,"BUS MEM PR_MEMBUS",24283,7519.97,6345.50,88535,14319.63,6348.00,3.646,1.904,1.000
minver,H1_CACHE_PRC_MTHC,"CACHE PR_CACHE MTH_CACHE",24283,7519.97,6345.50,30833,8019.47,6369.50,1.270,1.066,1.004
minver,H17_PRC_PRC_PRT,"PR_CACHE PR_CACHE PR_TLB",24283,7519.97,6345.50,41836,7655.83,6269.50,1.723,1.018,0.988
minver,N1_CACHE_BUS_PRMEMBUS,"CACHE BUS PR_MEMBUS",24283,7519.97,6345.50,29842,8810.80,6364.00,1.229,1.172,1.003
minver,H16_CACHE_MEM_BUS,"CACHE MEM BUS",24283,7519.97,6345.50,69246,11564.33,7184.00,2.852,1.538,1.132
minver,N2_CACHE_MEM_PRROW,"CACHE MEM PR_ROWBUF",24283,7519.97,6345.50,89976,11348.90,7092.50,3.705,1.509,1.118
minver,H8_BUS_PRMEMBUS_PRC,"BUS PR_MEMBUS PR_CACHE",24283,7519.97,6345.50,31693,8799.13,6824.00,1.305,1.170,1.075
minver,H4_TUNED_KILLER,"CACHE BUS MEM",24283,7519.97,6345.50,76561,10896.93,7060.00,3.153,1.449,1.113
minver,N5_CACHE_BUS_MTHM,"CACHE BUS MTH_MEM",24283,7519.97,6345.50,94914,13960.43,8753.00,3.909,1.856,1.379
minver,H5_MEM_PRR_MTHM,"MEM PR_ROWBUF MTH_MEM",24283,7519.97,6345.50,95891,15324.13,8620.00,3.949,2.038,1.358
minver,H13_CACHE_BUS_PRC,"CACHE BUS PR_CACHE",24283,7519.97,6345.50,40079,8046.20,6355.00,1.650,1.070,1.001
minver,H15_PRC_MTHC_MTHM,"PR_CACHE MTH_CACHE MTH_MEM",24283,7519.97,6345.50,40237,7852.63,6368.00,1.657,1.044,1.004
minver,MTH_CACHE3,"MTH_CACHE MTH_CACHE MTH_CACHE",24283,7519.97,6345.50,21515,7006.33,6373.00,0.886,0.932,1.004
minver,H12_PRC_PRROW_MTHM,"PR_CACHE PR_ROWBUF MTH_MEM",24283,7519.97,6345.50,25728,7251.13,6379.00,1.060,0.964,1.005
minver,H9_PTR_PRPTR_MTHPTR,"POINTER PR_POINTER MTH_POINTER",24283,7519.97,6345.50,38624,12811.07,6438.50,1.591,1.704,1.015
minver,PR_CACHE3,"PR_CACHE PR_CACHE PR_CACHE",24283,7519.97,6345.50,52493,8587.20,6244.50,2.162,1.142,0.984
mpeg2,H14_CACHE_MEM_PRC,"CACHE MEM PR_CACHE",571417636,567787760.23,566433453.50,593183503,583010359.47,581871500.50,1.038,1.027,1.027
mpeg2,H3_CACHE_PRC_PRC,"CACHE PR_CACHE PR_CACHE",571417636,567787760.23,566433453.50,573946619,572252127.27,572264140.50,1.004,1.008,1.010
mpeg2,N4_PTR_PTR_PRC,"POINTER POINTER PR_CACHE",571417636,567787760.23,566433453.50,576994533,573943951.73,573575049.00,1.010,1.011,1.013
mpeg2,N3_BUS_MEM_PRMEMBUS,"BUS MEM PR_MEMBUS",571417636,567787760.23,566433453.50,590430732,582693846.03,582311419.00,1.033,1.026,1.028
mpeg2,H1_CACHE_PRC_MTHC,"CACHE PR_CACHE MTH_CACHE",571417636,567787760.23,566433453.50,575495272,572027131.93,571754197.50,1.007,1.007,1.009
mpeg2,H17_PRC_PRC_PRT,"PR_CACHE PR_CACHE PR_TLB",571417636,567787760.23,566433453.50,580495710,575583202.20,575289203.50,1.016,1.014,1.016
mpeg2,N1_CACHE_BUS_PRMEMBUS,"CACHE BUS PR_MEMBUS",571417636,567787760.23,566433453.50,574278553,571810279.60,571673500.00,1.005,1.007,1.009
mpeg2,H16_CACHE_MEM_BUS,"CACHE MEM BUS",571417636,567787760.23,566433453.50,590334693,582691977.63,582804629.00,1.033,1.026,1.029
mpeg2,N2_CACHE_MEM_PRROW,"CACHE MEM PR_ROWBUF",571417636,567787760.23,566433453.50,592450053,581396665.17,582062664.00,1.037,1.024,1.028
mpeg2,H8_BUS_PRMEMBUS_PRC,"BUS PR_MEMBUS PR_CACHE",571417636,567787760.23,566433453.50,575618364,572484408.60,572368847.50,1.007,1.008,1.010
mpeg2,H4_TUNED_KILLER,"CACHE BUS MEM",571417636,567787760.23,566433453.50,590264361,581703599.00,581439601.00,1.033,1.025,1.026
mpeg2,N5_CACHE_BUS_MTHM,"CACHE BUS MTH_MEM",571417636,567787760.23,566433453.50,596374024,584385223.90,583608802.00,1.044,1.029,1.030
mpeg2,H5_MEM_PRR_MTHM,"MEM PR_ROWBUF MTH_MEM",571417636,567787760.23,566433453.50,599385729,586067146.57,585766779.50,1.049,1.032,1.034
mpeg2,H13_CACHE_BUS_PRC,"CACHE BUS PR_CACHE",571417636,567787760.23,566433453.50,575994547,572724422.07,572478759.50,1.008,1.009,1.011
mpeg2,H15_PRC_MTHC_MTHM,"PR_CACHE MTH_CACHE MTH_MEM",571417636,567787760.23,566433453.50,590891644,584136588.90,584638668.50,1.034,1.029,1.032
mpeg2,MTH_CACHE3,"MTH_CACHE MTH_CACHE MTH_CACHE",571417636,567787760.23,566433453.50,571909298,569273178.60,569097166.50,1.001,1.003,1.005
mpeg2,H12_PRC_PRROW_MTHM,"PR_CACHE PR_ROWBUF MTH_MEM",571417636,567787760.23,566433453.50,590726269,583588340.23,583505700.50,1.034,1.028,1.030
mpeg2,H9_PTR_PRPTR_MTHPTR,"POINTER PR_POINTER MTH_POINTER",571417636,567787760.23,566433453.50,572884106,570803387.07,570917681.50,1.003,1.005,1.008
mpeg2,PR_CACHE3,"PR_CACHE PR_CACHE PR_CACHE",571417636,567787760.23,566433453.50,577279277,573677066.07,573395555.50,1.010,1.010,1.012
ndes,H14_CACHE_MEM_PRC,"CACHE MEM PR_CACHE",127338,105982.73,105199.50,216313,117088.30,107546.50,1.699,1.105,1.022
ndes,H3_CACHE_PRC_PRC,"CACHE PR_CACHE PR_CACHE",127338,105982.73,105199.50,143395,107993.93,105369.00,1.126,1.019,1.002
ndes,N4_PTR_PTR_PRC,"POINTER POINTER PR_CACHE",127338,105982.73,105199.50,136366,107873.60,105227.50,1.071,1.018,1.000
ndes,N3_BUS_MEM_PRMEMBUS,"BUS MEM PR_MEMBUS",127338,105982.73,105199.50,205535,113640.93,108015.50,1.614,1.072,1.027
ndes,H1_CACHE_PRC_MTHC,"CACHE PR_CACHE MTH_CACHE",127338,105982.73,105199.50,164571,114488.70,106032.00,1.292,1.080,1.008
ndes,H17_PRC_PRC_PRT,"PR_CACHE PR_CACHE PR_TLB",127338,105982.73,105199.50,179067,109438.47,105571.50,1.406,1.033,1.004
ndes,N1_CACHE_BUS_PRMEMBUS,"CACHE BUS PR_MEMBUS",127338,105982.73,105199.50,140218,106453.97,105169.00,1.101,1.004,1.000
ndes,H16_CACHE_MEM_BUS,"CACHE MEM BUS",127338,105982.73,105199.50,239434,117977.70,105382.50,1.880,1.113,1.002
ndes,N2_CACHE_MEM_PRROW,"CACHE MEM PR_ROWBUF",127338,105982.73,105199.50,143023,106720.30,105208.50,1.123,1.007,1.000
ndes,H8_BUS_PRMEMBUS_PRC,"BUS PR_MEMBUS PR_CACHE",127338,105982.73,105199.50,155901,115646.17,107359.50,1.224,1.091,1.021
ndes,H4_TUNED_KILLER,"CACHE BUS MEM",127338,105982.73,105199.50,221924,114111.90,107278.00,1.743,1.077,1.020
ndes,N5_CACHE_BUS_MTHM,"CACHE BUS MTH_MEM",127338,105982.73,105199.50,213349,110144.40,105152.00,1.675,1.039,1.000
ndes,H5_MEM_PRR_MTHM,"MEM PR_ROWBUF MTH_MEM",127338,105982.73,105199.50,241481,117194.50,105998.50,1.896,1.106,1.008
ndes,H13_CACHE_BUS_PRC,"CACHE BUS PR_CACHE",127338,105982.73,105199.50,157608,109459.67,105935.50,1.238,1.033,1.007
ndes,H15_PRC_MTHC_MTHM,"PR_CACHE MTH_CACHE MTH_MEM",127338,105982.73,105199.50,987335,146519.20,107902.50,7.754,1.382,1.026
ndes,MTH_CACHE3,"MTH_CACHE MTH_CACHE MTH_CACHE",127338,105982.73,105199.50,131566,111871.00,106252.50,1.033,1.056,1.010
ndes,H12_PRC_PRROW_MTHM,"PR_CACHE PR_ROWBUF MTH_MEM",127338,105982.73,105199.50,252037,118257.23,106769.00,1.979,1.116,1.015
ndes,H9_PTR_PRPTR_MTHPTR,"POINTER PR_POINTER MTH_POINTER",127338,105982.73,105199.50,136178,106982.87,105213.00,1.069,1.009,1.000
ndes,PR_CACHE3,"PR_CACHE PR_CACHE PR_CACHE",127338,105982.73,105199.50,200687,121786.40,106039.50,1.576,1.149,1.008
petrinet,H14_CACHE_MEM_PRC,"CACHE MEM PR_CACHE",28563,4905.00,4037.00,54236,8639.47,4713.00,1.899,1.761,1.167
petrinet,H3_CACHE_PRC_PRC,"CACHE PR_CACHE PR_CACHE",28563,4905.00,4037.00,82742,13708.47,4043.50,2.897,2.795,1.002
petrinet,N4_PTR_PTR_PRC,"POINTER POINTER PR_CACHE",28563,4905.00,4037.00,78704,29886.10,4774.00,2.755,6.093,1.183
petrinet,N3_BUS_MEM_PRMEMBUS,"BUS MEM PR_MEMBUS",28563,4905.00,4037.00,144872,10763.07,4276.00,5.072,2.194,1.059
petrinet,H1_CACHE_PRC_MTHC,"CACHE PR_CACHE MTH_CACHE",28563,4905.00,4037.00,54494,10882.37,4051.00,1.908,2.219,1.003
petrinet,H17_PRC_PRC_PRT,"PR_CACHE PR_CACHE PR_TLB",28563,4905.00,4037.00,74644,19428.37,4168.00,2.613,3.961,1.032
petrinet,N1_CACHE_BUS_PRMEMBUS,"CACHE BUS PR_MEMBUS",28563,4905.00,4037.00,36212,4739.53,3378.50,1.268,0.966,0.837
petrinet,H16_CACHE_MEM_BUS,"CACHE MEM BUS",28563,4905.00,4037.00,142126,16628.20,4756.00,4.976,3.390,1.178
petrinet,N2_CACHE_MEM_PRROW,"CACHE MEM PR_ROWBUF",28563,4905.00,4037.00,136280,9057.20,3416.00,4.771,1.847,0.846
petrinet,H8_BUS_PRMEMBUS_PRC,"BUS PR_MEMBUS PR_CACHE",28563,4905.00,4037.00,66426,5707.67,3355.00,2.326,1.164,0.831
petrinet,H4_TUNED_KILLER,"CACHE BUS MEM",28563,4905.00,4037.00,188459,26347.53,4627.00,6.598,5.372,1.146
petrinet,N5_CACHE_BUS_MTHM,"CACHE BUS MTH_MEM",28563,4905.00,4037.00,137497,10087.73,4564.50,4.814,2.057,1.131
petrinet,H5_MEM_PRR_MTHM,"MEM PR_ROWBUF MTH_MEM",28563,4905.00,4037.00,147607,19000.83,8813.00,5.168,3.874,2.183
petrinet,H13_CACHE_BUS_PRC,"CACHE BUS PR_CACHE",28563,4905.00,4037.00,42190,5787.53,3440.00,1.477,1.180,0.852
petrinet,H15_PRC_MTHC_MTHM,"PR_CACHE MTH_CACHE MTH_MEM",28563,4905.00,4037.00,132563,8945.33,3373.50,4.641,1.824,0.836
petrinet,MTH_CACHE3,"MTH_CACHE MTH_CACHE MTH_CACHE",28563,4905.00,4037.00,42170,6572.57,3355.00,1.476,1.340,0.831
petrinet,H12_PRC_PRROW_MTHM,"PR_CACHE PR_ROWBUF MTH_MEM",28563,4905.00,4037.00,153368,21310.20,4391.00,5.369,4.345,1.088
petrinet,H9_PTR_PRPTR_MTHPTR,"POINTER PR_POINTER MTH_POINTER",28563,4905.00,4037.00,52346,6447.90,3408.00,1.833,1.315,0.844
petrinet,PR_CACHE3,"PR_CACHE PR_CACHE PR_CACHE",28563,4905.00,4037.00,71891,7690.07,3438.50,2.517,1.568,0.852
pm,H14_CACHE_MEM_PRC,"CACHE MEM PR_CACHE",21404558,21316419.47,21327755.00,22641045,21782868.17,21743667.00,1.058,1.022,1.020
pm,H3_CACHE_PRC_PRC,"CACHE PR_CACHE PR_CACHE",21404558,21316419.47,21327755.00,21576589,21414226.80,21408301.50,1.008,1.005,1.004
pm,N4_PTR_PTR_PRC,"POINTER POINTER PR_CACHE",21404558,21316419.47,21327755.00,21837781,21494189.20,21460614.50,1.020,1.008,1.006
pm,N3_BUS_MEM_PRMEMBUS,"BUS MEM PR_MEMBUS",21404558,21316419.47,21327755.00,22338207,21672021.07,21619896.00,1.044,1.017,1.014
pm,H1_CACHE_PRC_MTHC,"CACHE PR_CACHE MTH_CACHE",21404558,21316419.47,21327755.00,21783189,21411097.67,21394712.50,1.018,1.004,1.003
pm,H17_PRC_PRC_PRT,"PR_CACHE PR_CACHE PR_TLB",21404558,21316419.47,21327755.00,21770935,21498459.83,21489555.50,1.017,1.009,1.008
pm,N1_CACHE_BUS_PRMEMBUS,"CACHE BUS PR_MEMBUS",21404558,21316419.47,21327755.00,21588757,21414782.93,21394195.50,1.009,1.005,1.003
pm,H16_CACHE_MEM_BUS,"CACHE MEM BUS",21404558,21316419.47,21327755.00,22046439,21517445.93,21433585.00,1.030,1.009,1.005
pm,N2_CACHE_MEM_PRROW,"CACHE MEM PR_ROWBUF",21404558,21316419.47,21327755.00,21884043,21593220.97,21575117.00,1.022,1.013,1.012
pm,H8_BUS_PRMEMBUS_PRC,"BUS PR_MEMBUS PR_CACHE",21404558,21316419.47,21327755.00,21899779,21501668.93,21468492.50,1.023,1.009,1.007
pm,H4_TUNED_KILLER,"CACHE BUS MEM",21404558,21316419.47,21327755.00,22220802,21590155.57,21544595.50,1.038,1.013,1.010
pm,N5_CACHE_BUS_MTHM,"CACHE BUS MTH_MEM",21404558,21316419.47,21327755.00,21985673,21674077.83,21674854.50,1.027,1.017,1.016
pm,H5_MEM_PRR_MTHM,"MEM PR_ROWBUF MTH_MEM",21404558,21316419.47,21327755.00,22618601,21803779.57,21732454.50,1.057,1.023,1.019
pm,H13_CACHE_BUS_PRC,"CACHE BUS PR_CACHE",21404558,21316419.47,21327755.00,21615122,21438613.53,21441091.50,1.010,1.006,1.005
pm,H15_PRC_MTHC_MTHM,"PR_CACHE MTH_CACHE MTH_MEM",21404558,21316419.47,21327755.00,22354189,21594367.47,21570575.50,1.044,1.013,1.011
pm,MTH_CACHE3,"MTH_CACHE MTH_CACHE MTH_CACHE",21404558,21316419.47,21327755.00,21572268,21352044.30,21319971.00,1.008,1.002,1.000
pm,H12_PRC_PRROW_MTHM,"PR_CACHE PR_ROWBUF MTH_MEM",21404558,21316419.47,21327755.00,22069454,21545927.17,21495486.50,1.031,1.011,1.008
pm,H9_PTR_PRPTR_MTHPTR,"POINTER PR_POINTER MTH_POINTER",21404558,21316419.47,21327755.00,21680375,21415532.07,21390758.50,1.013,1.005,1.003
pm,PR_CACHE3,"PR_CACHE PR_CACHE PR_CACHE",21404558,21316419.47,21327755.00,21712219,21515868.30,21488594.50,1.014,1.009,1.008
powerwindow,H14_CACHE_MEM_PRC,"CACHE MEM PR_CACHE",3057470,2954452.10,2944053.00,3650191,3163037.03,3098870.50,1.194,1.071,1.053
powerwindow,H3_CACHE_PRC_PRC,"CACHE PR_CACHE PR_CACHE",3057470,2954452.10,2944053.00,3090866,2997508.13,2992697.00,1.011,1.015,1.017
powerwindow,N4_PTR_PTR_PRC,"POINTER POINTER PR_CACHE",3057470,2954452.10,2944053.00,3354280,3157187.07,3122796.50,1.097,1.069,1.061
powerwindow,N3_BUS_MEM_PRMEMBUS,"BUS MEM PR_MEMBUS",3057470,2954452.10,2944053.00,3948195,3163842.53,3076863.50,1.291,1.071,1.045
powerwindow,H1_CACHE_PRC_MTHC,"CACHE PR_CACHE MTH_CACHE",3057470,2954452.10,2944053.00,3181471,3025907.37,3017542.50,1.041,1.024,1.025
powerwindow,H17_PRC_PRC_PRT,"PR_CACHE PR_CACHE PR_TLB",3057470,2954452.10,2944053.00,3292690,3152256.57,3143919.00,1.077,1.067,1.068
powerwindow,N1_CACHE_BUS_PRMEMBUS,"CACHE BUS PR_MEMBUS",3057470,2954452.10,2944053.00,3186465,3038047.50,3015546.00,1.042,1.028,1.024
powerwindow,H16_CACHE_MEM_BUS,"CACHE MEM BUS",3057470,2954452.10,2944053.00,4573570,3523832.63,3477979.50,1.496,1.193,1.181
powerwindow,N2_CACHE_MEM_PRROW,"CACHE MEM PR_ROWBUF",3057470,2954452.10,2944053.00,3706955,3183673.00,3147085.50,1.212,1.078,1.069
powerwindow,H8_BUS_PRMEMBUS_PRC,"BUS PR_MEMBUS PR_CACHE",3057470,2954452.10,2944053.00,3227030,3053435.53,3017946.00,1.055,1.034,1.025
powerwindow,H4_TUNED_KILLER,"CACHE BUS MEM",3057470,2954452.10,2944053.00,3834653,3159682.97,3037622.50,1.254,1.069,1.032
powerwindow,N5_CACHE_BUS_MTHM,"CACHE BUS MTH_MEM",3057470,2954452.10,2944053.00,3482764,3168040.03,3142977.50,1.139,1.072,1.068
powerwindow,H5_MEM_PRR_MTHM,"MEM PR_ROWBUF MTH_MEM",3057470,2954452.10,2944053.00,4510879,3394038.63,3327342.50,1.475,1.149,1.130
powerwindow,H13_CACHE_BUS_PRC,"CACHE BUS PR_CACHE",3057470,2954452.10,2944053.00,3222973,3039611.53,3024636.50,1.054,1.029,1.027
powerwindow,H15_PRC_MTHC_MTHM,"PR_CACHE MTH_CACHE MTH_MEM",3057470,2954452.10,2944053.00,4441118,3330838.90,3252444.50,1.453,1.127,1.105
powerwindow,MTH_CACHE3,"MTH_CACHE MTH_CACHE MTH_CACHE",3057470,2954452.10,2944053.00,3073007,2985809.17,2971045.00,1.005,1.011,1.009
powerwindow,H12_PRC_PRROW_MTHM,"PR_CACHE PR_ROWBUF MTH_MEM",3057470,2954452.10,2944053.00,4204511,3264685.87,3242888.50,1.375,1.105,1.102
powerwindow,H9_PTR_PRPTR_MTHPTR,"POINTER PR_POINTER MTH_POINTER",3057470,2954452.10,2944053.00,3169622,3049294.50,3031659.00,1.037,1.032,1.030
powerwindow,PR_CACHE3,"PR_CACHE PR_CACHE PR_CACHE",3057470,2954452.10,2944053.00,3326954,3103473.37,3090918.50,1.088,1.050,1.050
prime,H14_CACHE_MEM_PRC,"CACHE MEM PR_CACHE",6122,1185.23,1013.00,10576,1858.93,1053.00,1.728,1.568,1.039
prime,H3_CACHE_PRC_PRC,"CACHE PR_CACHE PR_CACHE",6122,1185.23,1013.00,10312,1379.27,1034.00,1.684,1.164,1.021
prime,N4_PTR_PTR_PRC,"POINTER POINTER PR_CACHE",6122,1185.23,1013.00,16379,2539.53,1000.00,2.675,2.143,0.987
prime,N3_BUS_MEM_PRMEMBUS,"BUS MEM PR_MEMBUS",6122,1185.23,1013.00,7915,1259.57,1020.50,1.293,1.063,1.007
prime,H1_CACHE_PRC_MTHC,"CACHE PR_CACHE MTH_CACHE",6122,1185.23,1013.00,14738,1735.33,1021.00,2.407,1.464,1.008
prime,H17_PRC_PRC_PRT,"PR_CACHE PR_CACHE PR_TLB",6122,1185.23,1013.00,14726,1776.60,1038.50,2.405,1.499,1.025
prime,N1_CACHE_BUS_PRMEMBUS,"CACHE BUS PR_MEMBUS",6122,1185.23,1013.00,10101,1331.57,1004.50,1.650,1.123,0.992
prime,H16_CACHE_MEM_BUS,"CACHE MEM BUS",6122,1185.23,1013.00,36831,2659.23,1156.50,6.016,2.244,1.142
prime,N2_CACHE_MEM_PRROW,"CACHE MEM PR_ROWBUF",6122,1185.23,1013.00,7415,1331.07,1006.50,1.211,1.123,0.994
prime,H8_BUS_PRMEMBUS_PRC,"BUS PR_MEMBUS PR_CACHE",6122,1185.23,1013.00,7731,1327.90,1042.00,1.263,1.120,1.029
prime,H4_TUNED_KILLER,"CACHE BUS MEM",6122,1185.23,1013.00,6343,1297.50,1043.00,1.036,1.095,1.030
prime,N5_CACHE_BUS_MTHM,"CACHE BUS MTH_MEM",6122,1185.23,1013.00,37798,3256.30,1313.50,6.174,2.747,1.297
prime,H5_MEM_PRR_MTHM,"MEM PR_ROWBUF MTH_MEM",6122,1185.23,1013.00,8454,1371.67,1003.50,1.381,1.157,0.991
prime,H13_CACHE_BUS_PRC,"CACHE BUS PR_CACHE",6122,1185.23,1013.00,10518,1538.23,1034.50,1.718,1.298,1.021
prime,H15_PRC_MTHC_MTHM,"PR_CACHE MTH_CACHE MTH_MEM",6122,1185.23,1013.00,31334,2119.57,1030.50,5.118,1.788,1.017
prime,MTH_CACHE3,"MTH_CACHE MTH_CACHE MTH_CACHE",6122,1185.23,1013.00,14179,1511.00,1017.00,2.316,1.275,1.004
prime,H12_PRC_PRROW_MTHM,"PR_CACHE PR_ROWBUF MTH_MEM",6122,1185.23,1013.00,10390,1509.70,1020.50,1.697,1.274,1.007
prime,H9_PTR_PRPTR_MTHPTR,"POINTER PR_POINTER MTH_POINTER",6122,1185.23,1013.00,5742,1285.50,1025.50,0.938,1.085,1.012
prime,PR_CACHE3,"PR_CACHE PR_CACHE PR_CACHE",6122,1185.23,1013.00,20840,2335.70,1026.50,3.404,1.971,1.013
quicksort,H14_CACHE_MEM_PRC,"CACHE MEM PR_CACHE",6114432,6046525.07,6045169.50,7591542,6549862.17,6448731.00,1.242,1.083,1.067
quicksort,H3_CACHE_PRC_PRC,"CACHE PR_CACHE PR_CACHE",6114432,6046525.07,6045169.50,6205340,6138797.30,6135566.50,1.015,1.015,1.015
quicksort,N4_PTR_PTR_PRC,"POINTER POINTER PR_CACHE",6114432,6046525.07,6045169.50,6294306,6205437.33,6205612.50,1.029,1.026,1.027
quicksort,N3_BUS_MEM_PRMEMBUS,"BUS MEM PR_MEMBUS",6114432,6046525.07,6045169.50,7072008,6437445.43,6405804.50,1.157,1.065,1.060
quicksort,H1_CACHE_PRC_MTHC,"CACHE PR_CACHE MTH_CACHE",6114432,6046525.07,6045169.50,6315837,6159588.03,6151802.00,1.033,1.019,1.018
quicksort,H17_PRC_PRC_PRT,"PR_CACHE PR_CACHE PR_TLB",6114432,6046525.07,6045169.50,6394072,6308140.83,6309888.00,1.046,1.043,1.044
quicksort,N1_CACHE_BUS_PRMEMBUS,"CACHE BUS PR_MEMBUS",6114432,6046525.07,6045169.50,6247848,6142006.63,6145248.50,1.022,1.016,1.017
quicksort,H16_CACHE_MEM_BUS,"CACHE MEM BUS",6114432,6046525.07,6045169.50,7272398,6322951.83,6255350.50,1.189,1.046,1.035
quicksort,N2_CACHE_MEM_PRROW,"CACHE MEM PR_ROWBUF",6114432,6046525.07,6045169.50,6935562,6274738.57,6174916.00,1.134,1.038,1.021
quicksort,H8_BUS_PRMEMBUS_PRC,"BUS PR_MEMBUS PR_CACHE",6114432,6046525.07,6045169.50,6332249,6167929.60,6166715.00,1.036,1.020,1.020
quicksort,H4_TUNED_KILLER,"CACHE BUS MEM",6114432,6046525.07,6045169.50,7067475,6361952.53,6300661.00,1.156,1.052,1.042
quicksort,N5_CACHE_BUS_MTHM,"CACHE BUS MTH_MEM",6114432,6046525.07,6045169.50,7436940,6325684.57,6262924.00,1.216,1.046,1.036
quicksort,H5_MEM_PRR_MTHM,"MEM PR_ROWBUF MTH_MEM",6114432,6046525.07,6045169.50,7118848,6459076.83,6399233.50,1.164,1.068,1.059
quicksort,H13_CACHE_BUS_PRC,"CACHE BUS PR_CACHE",6114432,6046525.07,6045169.50,6412822,6188741.63,6183623.50,1.049,1.024,1.023
quicksort,H15_PRC_MTHC_MTHM,"PR_CACHE MTH_CACHE MTH_MEM",6114432,6046525.07,6045169.50,7315950,6412881.17,6323814.50,1.197,1.061,1.046
quicksort,MTH_CACHE3,"MTH_CACHE MTH_CACHE MTH_CACHE",6114432,6046525.07,6045169.50,6250006,6144938.63,6142071.00,1.022,1.016,1.016
quicksort,H12_PRC_PRROW_MTHM,"PR_CACHE PR_ROWBUF MTH_MEM",6114432,6046525.07,6045169.50,7154038,6451024.33,6390706.50,1.170,1.067,1.057
quicksort,H9_PTR_PRPTR_MTHPTR,"POINTER PR_POINTER MTH_POINTER",6114432,6046525.07,6045169.50,6200257,6162456.33,6170665.50,1.014,1.019,1.021
quicksort,PR_CACHE3,"PR_CACHE PR_CACHE PR_CACHE",6114432,6046525.07,6045169.50,6319953,6217826.50,6216889.50,1.034,1.028,1.028
rad2deg,H14_CACHE_MEM_PRC,"CACHE MEM PR_CACHE",25268,17667.17,17203.50,21564,17386.20,17185.50,0.853,0.984,0.999
rad2deg,H3_CACHE_PRC_PRC,"CACHE PR_CACHE PR_CACHE",25268,17667.17,17203.50,21374,17355.17,17212.00,0.846,0.982,1.000
rad2deg,N4_PTR_PTR_PRC,"POINTER POINTER PR_CACHE",25268,17667.17,17203.50,28125,18132.40,17178.00,1.113,1.026,0.999
rad2deg,N3_BUS_MEM_PRMEMBUS,"BUS MEM PR_MEMBUS",25268,17667.17,17203.50,25294,17503.83,17178.50,1.001,0.991,0.999
rad2deg,H1_CACHE_PRC_MTHC,"CACHE PR_CACHE MTH_CACHE",25268,17667.17,17203.50,20956,17323.03,17163.00,0.829,0.981,0.998
rad2deg,H17_PRC_PRC_PRT,"PR_CACHE PR_CACHE PR_TLB",25268,17667.17,17203.50,24537,17597.20,17210.00,0.971,0.996,1.000
rad2deg,N1_CACHE_BUS_PRMEMBUS,"CACHE BUS PR_MEMBUS",25268,17667.17,17203.50,22124,17396.13,17184.00,0.876,0.985,0.999
rad2deg,H16_CACHE_MEM_BUS,"CACHE MEM BUS",25268,17667.17,17203.50,36925,18598.73,17234.50,1.461,1.053,1.002
rad2deg,N2_CACHE_MEM_PRROW,"CACHE MEM PR_ROWBUF",25268,17667.17,17203.50,34230,18313.77,17243.00,1.355,1.037,1.002
rad2deg,H8_BUS_PRMEMBUS_PRC,"BUS PR_MEMBUS PR_CACHE",25268,17667.17,17203.50,31803,17716.73,17159.00,1.259,1.003,0.997
rad2deg,H4_TUNED_KILLER,"CACHE BUS MEM",25268,17667.17,17203.50,27454,17674.17,17183.50,1.087,1.000,0.999
rad2deg,N5_CACHE_BUS_MTHM,"CACHE BUS MTH_MEM",25268,17667.17,17203.50,40921,18399.87,17340.00,1.619,1.041,1.008
rad2deg,H5_MEM_PRR_MTHM,"MEM PR_ROWBUF MTH_MEM",25268,17667.17,17203.50,20739,17335.83,17169.00,0.821,0.981,0.998
rad2deg,H13_CACHE_BUS_PRC,"CACHE BUS PR_CACHE",25268,17667.17,17203.50,23633,17812.53,17183.00,0.935,1.008,0.999
rad2deg,H15_PRC_MTHC_MTHM,"PR_CACHE MTH_CACHE MTH_MEM",25268,17667.17,17203.50,21118,17432.37,17181.00,0.836,0.987,0.999
rad2deg,MTH_CACHE3,"MTH_CACHE MTH_CACHE MTH_CACHE",25268,17667.17,17203.50,25493,17691.70,17164.50,1.009,1.001,0.998
rad2deg,H12_PRC_PRROW_MTHM,"PR_CACHE PR_ROWBUF MTH_MEM",25268,17667.17,17203.50,30146,18017.17,17255.50,1.193,1.020,1.003
rad2deg,H9_PTR_PRPTR_MTHPTR,"POINTER PR_POINTER MTH_POINTER",25268,17667.17,17203.50,28919,17998.63,17195.50,1.144,1.019,1.000
rad2deg,PR_CACHE3,"PR_CACHE PR_CACHE PR_CACHE",25268,17667.17,17203.50,25363,18046.93,17190.50,1.004,1.021,0.999
recursion,H14_CACHE_MEM_PRC,"CACHE MEM PR_CACHE",8003,4384.03,4255.00,23323,5300.37,4328.00,2.914,1.209,1.017
recursion,H3_CACHE_PRC_PRC,"CACHE PR_CACHE PR_CACHE",8003,4384.03,4255.00,11219,4719.30,4276.50,1.402,1.076,1.005
recursion,N4_PTR_PTR_PRC,"POINTER POINTER PR_CACHE",8003,4384.03,4255.00,13030,4858.87,4262.00,1.628,1.108,1.002
recursion,N3_BUS_MEM_PRMEMBUS,"BUS MEM PR_MEMBUS",8003,4384.03,4255.00,9712,4509.73,4226.50,1.214,1.029,0.993
recursion,H1_CACHE_PRC_MTHC,"CACHE PR_CACHE MTH_CACHE",8003,4384.03,4255.00,10057,4613.30,4268.00,1.257,1.052,1.003
recursion,H17_PRC_PRC_PRT,"PR_CACHE PR_CACHE PR_TLB",8003,4384.03,4255.00,18659,4807.70,4279.50,2.332,1.097,1.006
recursion,N1_CACHE_BUS_PRMEMBUS,"CACHE BUS PR_MEMBUS",8003,4384.03,4255.00,11746,4854.70,4305.00,1.468,1.107,1.012
recursion,H16_CACHE_MEM_BUS,"CACHE MEM BUS",8003,4384.03,4255.00,9755,4474.97,4284.00,1.219,1.021,1.007
recursion,N2_CACHE_MEM_PRROW,"CACHE MEM PR_ROWBUF",8003,4384.03,4255.00,9995,4472.93,4278.00,1.249,1.020,1.005
recursion,H8_BUS_PRMEMBUS_PRC,"BUS PR_MEMBUS PR_CACHE",8003,4384.03,4255.00,17191,4881.37,4242.50,2.148,1.113,0.997
recursion,H4_TUNED_KILLER,"CACHE BUS MEM",8003,4384.03,4255.00,26324,5768.70,4434.50,3.289,1.316,1.042
recursion,N5_CACHE_BUS_MTHM,"CACHE BUS MTH_MEM",8003,4384.03,4255.00,30338,6359.17,4775.00,3.791,1.451,1.122
recursion,H5_MEM_PRR_MTHM,"MEM PR_ROWBUF MTH_MEM",8003,4384.03,4255.00,33272,6244.80,4432.00,4.157,1.424,1.042
recursion,H13_CACHE_BUS_PRC,"CACHE BUS PR_CACHE",8003,4384.03,4255.00,15481,5264.73,4361.50,1.934,1.201,1.025
recursion,H15_PRC_MTHC_MTHM,"PR_CACHE MTH_CACHE MTH_MEM",8003,4384.03,4255.00,10500,5084.63,4395.50,1.312,1.160,1.033
recursion,MTH_CACHE3,"MTH_CACHE MTH_CACHE MTH_CACHE",8003,4384.03,4255.00,11050,5516.13,4604.50,1.381,1.258,1.082
recursion,H12_PRC_PRROW_MTHM,"PR_CACHE PR_ROWBUF MTH_MEM",8003,4384.03,4255.00,30675,5501.73,4321.50,3.833,1.255,1.016
recursion,H9_PTR_PRPTR_MTHPTR,"POINTER PR_POINTER MTH_POINTER",8003,4384.03,4255.00,11958,4629.93,4251.50,1.494,1.056,0.999
recursion,PR_CACHE3,"PR_CACHE PR_CACHE PR_CACHE",8003,4384.03,4255.00,13021,5272.60,4403.50,1.627,1.203,1.035
sha,H14_CACHE_MEM_PRC,"CACHE MEM PR_CACHE",5482218,5450314.43,5448270.50,6119185,5686391.63,5624108.00,1.116,1.043,1.032
sha,H3_CACHE_PRC_PRC,"CACHE PR_CACHE PR_CACHE",5482218,5450314.43,5448270.50,5795499,5532171.60,5514124.00,1.057,1.015,1.012
sha,N4_PTR_PTR_PRC,"POINTER POINTER PR_CACHE",5482218,5450314.43,5448270.50,5607455,5539546.27,5545210.50,1.023,1.016,1.018
sha,N3_BUS_MEM_PRMEMBUS,"BUS MEM PR_MEMBUS",5482218,5450314.43,5448270.50,6094702,5686963.53,5658923.50,1.112,1.043,1.039
sha,H1_CACHE_PRC_MTHC,"CACHE PR_CACHE MTH_CACHE",5482218,5450314.43,5448270.50,5560121,5492351.30,5489956.00,1.014,1.008,1.008
sha,H17_PRC_PRC_PRT,"PR_CACHE PR_CACHE PR_TLB",5482218,5450314.43,5448270.50,5646603,5573475.87,5573203.50,1.030,1.023,1.023
sha,N1_CACHE_BUS_PRMEMBUS,"CACHE BUS PR_MEMBUS",5482218,5450314.43,5448270.50,5567740,5496786.03,5494909.00,1.016,1.009,1.009
sha,H16_CACHE_MEM_BUS,"CACHE MEM BUS",5482218,5450314.43,5448270.50,5728806,5529205.67,5500225.00,1.045,1.014,1.010
sha,N2_CACHE_MEM_PRROW,"CACHE MEM PR_ROWBUF",5482218,5450314.43,5448270.50,6285123,5692469.40,5627130.50,1.146,1.044,1.033
sha,H8_BUS_PRMEMBUS_PRC,"BUS PR_MEMBUS PR_CACHE",5482218,5450314.43,5448270.50,5626066,5505824.87,5500599.50,1.026,1.010,1.010
sha,H4_TUNED_KILLER,"CACHE BUS MEM",5482218,5450314.43,5448270.50,6355914,5662790.87,5628249.50,1.159,1.039,1.033
sha,N5_CACHE_BUS_MTHM,"CACHE BUS MTH_MEM",5482218,5450314.43,5448270.50,6706860,5749182.27,5652634.00,1.223,1.055,1.038
sha,H5_MEM_PRR_MTHM,"MEM PR_ROWBUF MTH_MEM",5482218,5450314.43,5448270.50,6177013,5671806.73,5616594.50,1.127,1.041,1.031
sha,H13_CACHE_BUS_PRC,"CACHE BUS PR_CACHE",5482218,5450314.43,5448270.50,5564355,5513096.03,5507945.50,1.015,1.012,1.011
sha,H15_PRC_MTHC_MTHM,"PR_CACHE MTH_CACHE MTH_MEM",5482218,5450314.43,5448270.50,6381970,5620864.70,5571430.50,1.164,1.031,1.023
sha,MTH_CACHE3,"MTH_CACHE MTH_CACHE MTH_CACHE",5482218,5450314.43,5448270.50,5586448,5483765.50,5474400.50,1.019,1.006,1.005
sha,H12_PRC_PRROW_MTHM,"PR_CACHE PR_ROWBUF MTH_MEM",5482218,5450314.43,5448270.50,6677390,5623932.27,5581070.50,1.218,1.032,1.024
sha,H9_PTR_PRPTR_MTHPTR,"POINTER PR_POINTER MTH_POINTER",5482218,5450314.43,5448270.50,5629834,5506758.53,5503859.50,1.027,1.010,1.010
sha,PR_CACHE3,"PR_CACHE PR_CACHE PR_CACHE",5482218,5450314.43,5448270.50,5615607,5524867.87,5519970.00,1.024,1.014,1.013
st,H14_CACHE_MEM_PRC,"CACHE MEM PR_CACHE",337422,323580.77,321592.50,400908,332840.63,326316.00,1.188,1.029,1.015
st,H3_CACHE_PRC_PRC,"CACHE PR_CACHE PR_CACHE",337422,323580.77,321592.50,337778,323415.70,321469.50,1.001,0.999,1.000
st,N4_PTR_PTR_PRC,"POINTER POINTER PR_CACHE",337422,323580.77,321592.50,380395,346202.00,342163.50,1.127,1.070,1.064
st,N3_BUS_MEM_PRMEMBUS,"BUS MEM PR_MEMBUS",337422,323580.77,321592.50,395396,336748.70,327338.00,1.172,1.041,1.018
st,H1_CACHE_PRC_MTHC,"CACHE PR_CACHE MTH_CACHE",337422,323580.77,321592.50,343905,328968.97,328796.00,1.019,1.017,1.022
st,H17_PRC_PRC_PRT,"PR_CACHE PR_CACHE PR_TLB",337422,323580.77,321592.50,352337,332310.57,330207.50,1.044,1.027,1.027
st,N1_CACHE_BUS_PRMEMBUS,"CACHE BUS PR_MEMBUS",337422,323580.77,321592.50,339383,326370.10,324606.50,1.006,1.009,1.009
st,H16_CACHE_MEM_BUS,"CACHE MEM BUS",337422,323580.77,321592.50,376816,325515.73,322303.00,1.117,1.006,1.002
st,N2_CACHE_MEM_PRROW,"CACHE MEM PR_ROWBUF",337422,323580.77,321592.50,349881,328119.87,325591.00,1.037,1.014,1.012
st,H8_BUS_PRMEMBUS_PRC,"BUS PR_MEMBUS PR_CACHE",337422,323580.77,321592.50,347494,330106.17,326099.00,1.030,1.020,1.014
st,H4_TUNED_KILLER,"CACHE BUS MEM",337422,323580.77,321592.50,772184,363753.00,352012.50,2.288,1.124,1.095
st,N5_CACHE_BUS_MTHM,"CACHE BUS MTH_MEM",337422,323580.77,321592.50,379638,331114.30,324822.00,1.125,1.023,1.010
st,H5_MEM_PRR_MTHM,"MEM PR_ROWBUF MTH_MEM",337422,323580.77,321592.50,406365,330217.40,324917.50,1.204,1.021,1.010
st,H13_CACHE_BUS_PRC,"CACHE BUS PR_CACHE",337422,323580.77,321592.50,356736,324723.27,321713.50,1.057,1.004,1.000
st,H15_PRC_MTHC_MTHM,"PR_CACHE MTH_CACHE MTH_MEM",337422,323580.77,321592.50,417696,331200.20,325126.00,1.238,1.024,1.011
st,MTH_CACHE3,"MTH_CACHE MTH_CACHE MTH_CACHE",337422,323580.77,321592.50,337231,323659.77,322104.00,0.999,1.000,1.002
st,H12_PRC_PRROW_MTHM,"PR_CACHE PR_ROWBUF MTH_MEM",337422,323580.77,321592.50,406183,329231.57,323196.50,1.204,1.017,1.005
st,H9_PTR_PRPTR_MTHPTR,"POINTER PR_POINTER MTH_POINTER",337422,323580.77,321592.50,349479,324967.03,322771.50,1.036,1.004,1.004
st,PR_CACHE3,"PR_CACHE PR_CACHE PR_CACHE",337422,323580.77,321592.50,364233,337097.63,338616.00,1.079,1.042,1.053
statemate,H14_CACHE_MEM_PRC,"CACHE MEM PR_CACHE",138979,108416.47,105861.50,182419,110775.80,105828.00,1.313,1.022,1.000
statemate,H3_CACHE_PRC_PRC,"CACHE PR_CACHE PR_CACHE",138979,108416.47,105861.50,168527,111111.90,105801.50,1.213,1.025,0.999
statemate,N4_PTR_PTR_PRC,"POINTER POINTER PR_CACHE",138979,108416.47,105861.50,172604,110272.57,105848.50,1.242,1.017,1.000
statemate,N3_BUS_MEM_PRMEMBUS,"BUS MEM PR_MEMBUS",138979,108416.47,105861.50,263680,118808.97,107387.00,1.897,1.096,1.014
statemate,H1_CACHE_PRC_MTHC,"CACHE PR_CACHE MTH_CACHE",138979,108416.47,105861.50,161952,112528.00,106557.00,1.165,1.038,1.007
statemate,H17_PRC_PRC_PRT,"PR_CACHE PR_CACHE PR_TLB",138979,108416.47,105861.50,156054,116863.23,106138.50,1.123,1.078,1.003
statemate,N1_CACHE_BUS_PRMEMBUS,"CACHE BUS PR_MEMBUS",138979,108416.47,105861.50,162246,110046.20,105820.00,1.167,1.015,1.000
statemate,H16_CACHE_MEM_BUS,"CACHE MEM BUS",138979,108416.47,105861.50,270817,128326.00,108978.00,1.949,1.184,1.029
statemate,N2_CACHE_MEM_PRROW,"CACHE MEM PR_ROWBUF",138979,108416.47,105861.50,145640,108439.70,105804.50,1.048,1.000,0.999
statemate,H8_BUS_PRMEMBUS_PRC,"BUS PR_MEMBUS PR_CACHE",138979,108416.47,105861.50,167227,109806.40,105728.00,1.203,1.013,0.999
statemate,H4_TUNED_KILLER,"CACHE BUS MEM",138979,108416.47,105861.50,272332,113195.57,106025.00,1.960,1.044,1.002
statemate,N5_CACHE_BUS_MTHM,"CACHE BUS MTH_MEM",138979,108416.47,105861.50,156006,115962.13,107747.50,1.123,1.070,1.018
statemate,H5_MEM_PRR_MTHM,"MEM PR_ROWBUF MTH_MEM",138979,108416.47,105861.50,271464,115091.17,106813.00,1.953,1.062,1.009
statemate,H13_CACHE_BUS_PRC,"CACHE BUS PR_CACHE",138979,108416.47,105861.50,184537,112040.50,105817.50,1.328,1.033,1.000
statemate,H15_PRC_MTHC_MTHM,"PR_CACHE MTH_CACHE MTH_MEM",138979,108416.47,105861.50,162027,113001.13,106323.50,1.166,1.042,1.004
statemate,MTH_CACHE3,"MTH_CACHE MTH_CACHE MTH_CACHE",138979,108416.47,105861.50,142610,108574.83,105835.50,1.026,1.001,1.000
statemate,H12_PRC_PRROW_MTHM,"PR_CACHE PR_ROWBUF MTH_MEM",138979,108416.47,105861.50,153242,109777.67,105961.00,1.103,1.013,1.001
statemate,H9_PTR_PRPTR_MTHPTR,"POINTER PR_POINTER MTH_POINTER",138979,108416.47,105861.50,160101,110960.03,105901.50,1.152,1.023,1.000
statemate,PR_CACHE3,"PR_CACHE PR_CACHE PR_CACHE",138979,108416.47,105861.50,178337,127431.63,106773.00,1.283,1.175,1.009
susan,H14_CACHE_MEM_PRC,"CACHE MEM PR_CACHE",79106847,79008803.83,79008604.00,80858758,79767465.80,79627455.50,1.022,1.010,1.008
susan,H3_CACHE_PRC_PRC,"CACHE PR_CACHE PR_CACHE",79106847,79008803.83,79008604.00,79461988,79182066.23,79177580.00,1.004,1.002,1.002
susan,N4_PTR_PTR_PRC,"POINTER POINTER PR_CACHE",79106847,79008803.83,79008604.00,79325335,79168304.77,79138040.50,1.003,1.002,1.002
susan,N3_BUS_MEM_PRMEMBUS,"BUS MEM PR_MEMBUS",79106847,79008803.83,79008604.00,80626702,79771255.63,79693494.00,1.019,1.010,1.009
susan,H1_CACHE_PRC_MTHC,"CACHE PR_CACHE MTH_CACHE",79106847,79008803.83,79008604.00,79269269,79069548.07,79070071.00,1.002,1.001,1.001
susan,H17_PRC_PRC_PRT,"PR_CACHE PR_CACHE PR_TLB",79106847,79008803.83,79008604.00,79509829,79271838.40,79285172.50,1.005,1.003,1.004
susan,N1_CACHE_BUS_PRMEMBUS,"CACHE BUS PR_MEMBUS",79106847,79008803.83,79008604.00,79418742,79098570.53,79061173.00,1.004,1.001,1.001
susan,H16_CACHE_MEM_BUS,"CACHE MEM BUS",79106847,79008803.83,79008604.00,80182292,79661504.90,79580222.50,1.014,1.008,1.007
susan,N2_CACHE_MEM_PRROW,"CACHE MEM PR_ROWBUF",79106847,79008803.83,79008604.00,80444591,79564169.60,79570953.50,1.017,1.007,1.007
susan,H8_BUS_PRMEMBUS_PRC,"BUS PR_MEMBUS PR_CACHE",79106847,79008803.83,79008604.00,79440043,79119335.70,79105363.50,1.004,1.001,1.001
susan,H4_TUNED_KILLER,"CACHE BUS MEM",79106847,79008803.83,79008604.00,80294553,79528126.13,79545837.50,1.015,1.007,1.007
susan,N5_CACHE_BUS_MTHM,"CACHE BUS MTH_MEM",79106847,79008803.83,79008604.00,80744739,79773078.33,79696566.00,1.021,1.010,1.009
susan,H5_MEM_PRR_MTHM,"MEM PR_ROWBUF MTH_MEM",79106847,79008803.83,79008604.00,80615793,79894588.03,79825262.50,1.019,1.011,1.010
susan,H13_CACHE_BUS_PRC,"CACHE BUS PR_CACHE",79106847,79008803.83,79008604.00,79364921,79147700.13,79149103.00,1.003,1.002,1.002
susan,H15_PRC_MTHC_MTHM,"PR_CACHE MTH_CACHE MTH_MEM",79106847,79008803.83,79008604.00,80123869,79590203.70,79588080.50,1.013,1.007,1.007
susan,MTH_CACHE3,"MTH_CACHE MTH_CACHE MTH_CACHE",79106847,79008803.83,79008604.00,79325786,79026533.73,78995366.50,1.003,1.000,1.000
susan,H12_PRC_PRROW_MTHM,"PR_CACHE PR_ROWBUF MTH_MEM",79106847,79008803.83,79008604.00,80825508,79703372.97,79608948.50,1.022,1.009,1.008
susan,H9_PTR_PRPTR_MTHPTR,"POINTER PR_POINTER MTH_POINTER",79106847,79008803.83,79008604.00,79234861,79091774.47,79095405.50,1.002,1.001,1.001
susan,PR_CACHE3,"PR_CACHE PR_CACHE PR_CACHE",79106847,79008803.83,79008604.00,79425652,79198779.43,79167778.50,1.004,1.002,1.002
test3,H14_CACHE_MEM_PRC,"CACHE MEM PR_CACHE",769409560,759174269.87,759629140.00,881279516,856743342.63,858228114.50,1.145,1.129,1.130
test3,H3_CACHE_PRC_PRC,"CACHE PR_CACHE PR_CACHE",769409560,759174269.87,759629140.00,816742446,800626746.00,798788972.50,1.062,1.055,1.052
test3,N4_PTR_PTR_PRC,"POINTER POINTER PR_CACHE",769409560,759174269.87,759629140.00,827912412,813817303.20,813301422.00,1.076,1.072,1.071
test3,N3_BUS_MEM_PRMEMBUS,"BUS MEM PR_MEMBUS",769409560,759174269.87,759629140.00,910240274,867033245.67,871107964.00,1.183,1.142,1.147
test3,H1_CACHE_PRC_MTHC,"CACHE PR_CACHE MTH_CACHE",769409560,759174269.87,759629140.00,813387103,801066354.20,800925085.00,1.057,1.055,1.054
test3,H17_PRC_PRC_PRT,"PR_CACHE PR_CACHE PR_TLB",769409560,759174269.87,759629140.00,815203613,807667329.70,806723453.50,1.060,1.064,1.062
test3,N1_CACHE_BUS_PRMEMBUS,"CACHE BUS PR_MEMBUS",769409560,759174269.87,759629140.00,796171729,789686848.77,789352829.50,1.035,1.040,1.039
test3,H16_CACHE_MEM_BUS,"CACHE MEM BUS",769409560,759174269.87,759629140.00,883506220,856572054.63,860125306.00,1.148,1.128,1.132
test3,N2_CACHE_MEM_PRROW,"CACHE MEM PR_ROWBUF",769409560,759174269.87,759629140.00,874254767,838913396.13,838630352.50,1.136,1.105,1.104
test3,H8_BUS_PRMEMBUS_PRC,"BUS PR_MEMBUS PR_CACHE",769409560,759174269.87,759629140.00,833222214,824629920.50,824062456.50,1.083,1.086,1.085
test3,H4_TUNED_KILLER,"CACHE BUS MEM",769409560,759174269.87,759629140.00,892120078,857143374.67,857640569.50,1.159,1.129,1.129
test3,N5_CACHE_BUS_MTHM,"CACHE BUS MTH_MEM",769409560,759174269.87,759629140.00,870959363,835523773.87,832357048.50,1.132,1.101,1.096
test3,H5_MEM_PRR_MTHM,"MEM PR_ROWBUF MTH_MEM",769409560,759174269.87,759629140.00,903726986,869208856.43,869431497.50,1.175,1.145,1.145
test3,H13_CACHE_BUS_PRC,"CACHE BUS PR_CACHE",769409560,759174269.87,759629140.00,808194638,792709670.03,791600759.50,1.050,1.044,1.042
test3,H15_PRC_MTHC_MTHM,"PR_CACHE MTH_CACHE MTH_MEM",769409560,759174269.87,759629140.00,859361972,836816642.80,837450704.00,1.117,1.102,1.102
test3,MTH_CACHE3,"MTH_CACHE MTH_CACHE MTH_CACHE",769409560,759174269.87,759629140.00,799446859,785135840.10,784864636.50,1.039,1.034,1.033
test3,H12_PRC_PRROW_MTHM,"PR_CACHE PR_ROWBUF MTH_MEM",769409560,759174269.87,759629140.00,868401771,833749959.23,833601667.50,1.129,1.098,1.097
test3,H9_PTR_PRPTR_MTHPTR,"POINTER PR_POINTER MTH_POINTER",769409560,759174269.87,759629140.00,795493449,789071164.13,789606942.00,1.034,1.039,1.039
test3,PR_CACHE3,"PR_CACHE PR_CACHE PR_CACHE",769409560,759174269.87,759629140.00,823406317,809730686.63,808330765.00,1.070,1.067,1.064
