sample,checkpoint_ns,predicate_ns,signal_ns,yield_ns,budget_update_ns,total_ns
0,375,500,49750,12250,86375,149250
1,125,500,11250,2375,1750,16000
2,125,375,6125,1875,1750,10250
3,0,375,5500,1750,1625,9250
4,125,500,5625,1750,1500,9500
5,125,375,5500,1750,1625,9375
6,125,375,5375,1750,1500,9125
7,125,375,5625,1625,1500,9250
8,125,375,5375,1625,1500,9000
9,125,375,5500,1750,1500,9250
10,125,375,5250,1625,1500,8875
11,125,375,5500,1750,1500,9250
12,125,500,5375,1750,1625,9375
13,125,375,5375,1750,1500,9125
14,125,375,5375,1750,1625,9250
15,125,375,5375,1750,1500,9125
16,0,375,5375,1750,1500,9000
17,125,375,5250,1625,1500,8875
18,125,375,5250,1625,1500,8875
19,125,500,5375,1625,1500,9125
20,0,375,5500,1750,1500,9125
21,125,375,5375,1750,1625,9250
22,125,375,5250,1625,1500,8875
23,125,375,5375,1750,1500,9125
24,0,375,5500,1750,1500,9125
25,125,375,5375,1750,1625,9250
26,125,375,5375,1625,1500,9000
27,125,375,5375,1750,1500,9125
28,125,375,5375,1625,1500,9000
29,125,500,5375,1750,1500,9250
30,125,375,5375,1625,1500,9000
31,125,375,5250,1625,1500,8875
32,125,375,5375,1625,1500,9000
33,0,375,5375,1625,1500,8875
34,0,375,5375,1625,1500,8875
35,125,375,5250,1750,1500,9000
36,125,375,5250,1625,1500,8875
37,125,500,5375,1625,1500,9125
38,125,375,5375,1750,1500,9125
39,125,375,5375,1625,1500,9000
40,125,375,5250,1625,1500,8875
41,125,375,5375,1625,1500,9000
42,125,375,5375,1750,1625,9250
43,125,375,5500,1625,1500,9125
44,125,375,5375,1750,1625,9250
45,125,375,5250,1625,1625,9000
46,0,375,5375,1625,1500,8875
47,125,375,5250,1750,1500,9000
48,125,375,5250,1750,1625,9125
49,125,375,5375,1750,1625,9250
50,125,375,59250,2250,1750,63750
51,125,375,5750,1875,1500,9625
52,125,375,5500,1625,1500,9125
53,125,500,5375,1750,1500,9250
54,0,375,5375,1625,1500,8875
55,125,375,5500,1750,1500,9250
56,125,375,5375,1625,1500,9000
57,125,375,5250,1750,1500,9000
58,125,500,5375,1625,1500,9125
59,125,375,5250,1625,1500,8875
60,125,375,5250,1625,1500,8875
61,0,375,5375,1625,1625,9000
62,125,500,5250,1625,1500,9000
63,125,375,5250,1625,1500,8875
64,125,375,5250,1750,1500,9000
65,0,375,5500,1625,1500,9000
66,0,375,5250,1625,1500,8750
67,125,375,5250,1625,1500,8875
68,125,375,5500,1625,1625,9250
69,125,375,5375,1625,1500,9000
70,125,375,5375,1750,1500,9125
71,0,375,5375,1750,1625,9125
72,125,375,5375,1750,1625,9250
73,0,375,5500,1625,1500,9000
74,125,375,5250,1625,1500,8875
75,0,375,5250,1625,1500,8750
76,125,375,5250,1750,1500,9000
77,125,375,5375,1625,1500,9000
78,0,375,5500,1750,1500,9125
79,125,375,5250,1625,1500,8875
80,125,375,5375,1625,1500,9000
81,125,500,5250,1625,1500,9000
82,125,500,5375,1625,1625,9250
83,125,375,5375,1750,1500,9125
84,125,375,5375,1750,1500,9125
85,125,375,5375,1625,1500,9000
86,125,375,5250,1750,1500,9000
87,125,375,5500,1750,1625,9375
88,125,375,5250,1625,1500,8875
89,125,375,5375,1625,1500,9000
90,125,375,5375,1625,1500,9000
91,125,375,5375,1750,1625,9250
92,125,375,5375,1750,1500,9125
93,125,375,5375,1625,1500,9000
94,125,375,5375,1625,1500,9000
95,125,375,5375,1750,1500,9125
96,125,375,5375,1625,1500,9000
97,125,375,5375,1750,1500,9125
98,125,375,5250,1625,1500,8875
99,0,375,5375,1750,1500,9000
100,125,375,5375,1750,1500,9125
101,0,375,5375,1750,1500,9000
102,125,375,5375,1750,1500,9125
103,125,500,5375,1750,1500,9250
104,125,375,5500,1625,1500,9125
105,0,375,5500,1750,1500,9125
106,125,500,5250,1625,1500,9000
107,125,375,5375,1750,1500,9125
108,125,375,5250,1750,1625,9125
109,0,375,5500,1750,1500,9125
110,125,500,5375,1750,1500,9250
111,125,375,5375,1625,1500,9000
112,0,375,5375,1750,1500,9000
113,125,375,5375,1625,1500,9000
114,125,375,5375,1625,1625,9125
115,125,375,5375,1750,1500,9125
116,125,375,5250,1625,1500,8875
117,125,500,5375,1750,1500,9250
118,125,375,5375,1625,1500,9000
119,125,375,5250,1750,1500,9000
120,125,375,5250,1625,1500,8875
121,125,375,5375,1625,1500,9000
122,125,375,5375,1750,1500,9125
123,125,375,5375,1625,1625,9125
124,125,375,5375,1625,1500,9000
125,125,375,5375,1750,1500,9125
126,125,375,5375,1750,1625,9250
127,125,375,5375,1750,1500,9125
128,125,375,5375,1750,1500,9125
129,125,375,5250,1625,1500,8875
130,125,375,6250,1875,1625,10250
131,0,375,5625,1625,1500,9125
132,125,375,5500,1750,1500,9250
133,125,375,5250,1625,1500,8875
134,125,375,5375,1625,1625,9125
135,125,375,5250,1750,1625,9125
136,125,500,5375,1625,1625,9250
137,125,375,5250,1625,1625,9000
138,125,375,5375,1750,1500,9125
139,125,375,5375,1625,1500,9000
140,0,375,5500,1625,1500,9000
141,125,375,5375,1625,1625,9125
142,0,375,5500,1625,1500,9000
143,125,375,5250,1625,1500,8875
144,125,375,5375,1750,1500,9125
145,125,375,5375,1625,1500,9000
146,125,375,5250,1625,1500,8875
147,0,375,5375,1750,1625,9125
148,125,375,5250,1625,1500,8875
149,125,375,5375,1625,1500,9000
150,125,375,5250,1625,1500,8875
151,0,375,5375,1625,1500,8875
152,125,375,5375,1625,1500,9000
153,125,375,5375,1625,1500,9000
154,125,375,5375,1750,1500,9125
155,125,375,5375,1750,1625,9250
156,125,375,5375,1625,1500,9000
157,0,375,5500,1750,1500,9125
158,125,375,5375,1625,1500,9000
159,125,375,5250,1750,1500,9000
160,125,500,5250,1625,1500,9000
161,125,375,5375,1625,1500,9000
162,0,375,5500,1625,1500,9000
163,125,500,5375,1750,1500,9250
164,125,375,5375,1750,1500,9125
165,125,375,5375,1750,1500,9125
166,125,500,5500,1625,1625,9375
167,125,375,5250,1625,1500,8875
168,125,375,5375,1750,1500,9125
169,125,375,5375,1750,1500,9125
170,125,375,5375,1750,1500,9125
171,125,375,5375,1750,1500,9125
172,125,375,5375,1750,1500,9125
173,125,375,5375,1625,1500,9000
174,0,375,5500,1750,1500,9125
175,125,375,5250,1625,1500,8875
176,125,375,5375,1625,1500,9000
177,125,500,5375,1750,1500,9250
178,125,375,5375,1750,1500,9125
179,125,500,5250,1625,1625,9125
180,0,375,5500,1750,1500,9125
181,125,375,5375,1625,1500,9000
182,125,500,5375,1625,1500,9125
183,125,375,5375,1750,1625,9250
184,0,375,5375,1625,1500,8875
185,0,375,5375,1625,1500,8875
186,125,375,5375,1750,1500,9125
187,0,375,5250,1625,1500,8750
188,125,375,5375,1625,1500,9000
189,0,375,5375,1625,1500,8875
190,125,375,5375,1625,1500,9000
191,125,375,5250,1625,1500,8875
192,125,375,5375,1625,1500,9000
193,125,375,5500,1625,1500,9125
194,125,500,5250,1750,1500,9125
195,125,375,5375,1625,1500,9000
196,125,375,5250,1750,1500,9000
197,125,375,5250,1625,1500,8875
198,125,375,5375,1750,1500,9125
199,125,375,5375,1750,1625,9250
200,125,375,5250,1625,1500,8875
201,125,375,5375,1750,1500,9125
202,125,375,5375,1625,1625,9125
203,0,375,5375,1750,1625,9125
204,125,375,5375,1625,1500,9000
205,125,375,5375,1625,1500,9000
206,125,500,5375,1625,1500,9125
207,125,375,5375,1625,1500,9000
208,125,500,5375,1625,1500,9125
209,125,375,5250,1625,1500,8875
210,125,375,5375,1625,1500,9000
211,0,375,5500,1750,1500,9125
212,125,375,5250,1625,1625,9000
213,125,375,5250,1625,1500,8875
214,125,375,5375,1750,1500,9125
215,125,375,5250,1625,1500,8875
216,125,375,5375,1625,1500,9000
217,125,375,5375,1500,1500,8875
218,125,375,5375,1750,1625,9250
219,0,375,5375,1625,1500,8875
220,125,375,5375,1750,1625,9250
221,0,375,5375,1625,1500,8875
222,125,375,5375,1750,1500,9125
223,125,375,5375,1625,1500,9000
224,125,375,5375,1750,1500,9125
225,125,375,5375,1625,1500,9000
226,125,375,5250,1625,1500,8875
227,125,375,5375,1625,1500,9000
228,125,375,5375,1625,1500,9000
229,125,375,5375,1750,1500,9125
230,125,375,5500,1750,1625,9375
231,125,375,5250,1625,1500,8875
232,125,375,5375,1625,1500,9000
233,125,375,5250,1625,1500,8875
234,125,375,5375,1625,1500,9000
235,125,375,5250,1625,1375,8750
236,125,500,5250,1625,1500,9000
237,125,375,5375,1625,1500,9000
238,125,375,5250,1625,1500,8875
239,125,375,5250,1750,1500,9000
240,125,375,5375,1625,1500,9000
241,125,375,5375,1625,1500,9000
242,125,500,5375,1750,1500,9250
243,125,375,5250,1625,1500,8875
244,125,375,5250,1625,1500,8875
245,125,375,5250,1750,1625,9125
246,125,375,5500,1625,1500,9125
247,125,375,5375,1750,1625,9250
248,125,375,5250,1750,1500,9000
249,125,375,5250,1750,1625,9125
250,125,375,5375,1625,1500,9000
251,125,375,5250,1625,1500,8875
252,125,375,5250,1625,1625,9000
253,0,375,5375,1750,1500,9000
254,0,375,5375,1625,1500,8875
255,125,375,5375,1625,1500,9000
256,125,375,5375,1625,1500,9000
257,125,375,5375,1625,1500,9000
258,125,375,5250,1625,1375,8750
259,125,375,5375,1625,1500,9000
260,125,375,5875,1750,1625,9750
261,125,375,5500,1625,1500,9125
262,125,375,5375,1750,1500,9125
263,125,375,5375,1625,1500,9000
264,0,375,5500,1750,1500,9125
265,125,375,5250,1750,1500,9000
266,125,375,5250,1625,1500,8875
267,125,375,5375,1750,1625,9250
268,0,375,5375,1625,1500,8875
269,125,375,5500,1625,1500,9125
270,125,375,5250,1625,1500,8875
271,125,375,5375,1625,1500,9000
272,125,375,5250,1750,1500,9000
273,125,375,5375,1625,1625,9125
274,125,375,5375,1625,1500,9000
275,125,375,5250,1625,1500,8875
276,125,375,5375,1750,1625,9250
277,0,375,5375,1750,1625,9125
278,125,375,5250,1625,1500,8875
279,125,375,5375,1625,1500,9000
280,125,375,5250,1625,1625,9000
281,125,375,5375,1625,1625,9125
282,125,500,5375,1750,1500,9250
283,125,375,5250,1625,1500,8875
284,125,375,5250,1625,1500,8875
285,125,375,5375,1625,1500,9000
286,125,375,5375,1750,1625,9250
287,125,375,5375,1625,1500,9000
288,0,375,5500,1625,1500,9000
289,125,375,5250,1750,1500,9000
290,125,375,5375,1625,1625,9125
291,125,375,5375,1750,1500,9125
292,125,375,5375,1750,1625,9250
293,125,375,5375,1625,1500,9000
294,125,375,5375,1625,1500,9000
295,125,375,5375,1750,1500,9125
296,125,500,5250,1750,1625,9250
297,0,375,5375,1625,1500,8875
298,125,375,5250,1625,1500,8875
299,125,375,5375,1625,1500,9000
300,125,375,5375,1625,1625,9125
301,125,375,5375,1750,1500,9125
302,125,375,5500,1625,1500,9125
303,125,375,5375,1625,1500,9000
304,125,375,5250,1625,1500,8875
305,125,375,5250,1750,1625,9125
306,125,375,5375,1625,1500,9000
307,125,375,5250,1625,1500,8875
308,125,375,5250,1625,1500,8875
309,125,375,5375,1625,1500,9000
310,0,375,5375,1750,1625,9125
311,125,375,5250,1625,1500,8875
312,125,375,5375,1750,1500,9125
313,125,375,5375,1625,1500,9000
314,125,375,5125,1625,1500,8750
315,125,375,5375,1750,1500,9125
316,125,375,5375,1750,1625,9250
317,125,500,5375,1625,1500,9125
318,125,375,5375,1625,1500,9000
319,125,375,5375,1625,1500,9000
320,125,375,5500,1750,1625,9375
321,0,375,5250,1625,1500,8750
322,125,375,5375,1625,1500,9000
323,125,375,5375,1750,1500,9125
324,125,500,5375,1750,1625,9375
325,125,375,5375,1625,1500,9000
326,125,500,5375,1625,1500,9125
327,0,375,5375,1625,1500,8875
328,125,375,5375,1750,1500,9125
329,0,375,5375,1625,1500,8875
330,0,375,5250,1750,1500,8875
331,125,375,5375,1750,1500,9125
332,125,375,5375,1625,1625,9125
333,125,375,5250,1625,1500,8875
334,125,500,5375,1625,1500,9125
335,0,375,5500,1750,1500,9125
336,125,375,5375,1750,1500,9125
337,125,500,5375,1625,1500,9125
338,0,375,5375,1625,1625,9000
339,125,375,5375,1625,1500,9000
340,125,375,5250,1750,1625,9125
341,125,375,5375,1750,1625,9250
342,125,375,5375,1750,1500,9125
343,125,375,5375,1625,1500,9000
344,125,375,5250,1625,1500,8875
345,125,375,5375,1625,1500,9000
346,0,375,5250,1625,1625,8875
347,125,375,5375,1750,1500,9125
348,125,375,5375,1750,1625,9250
349,125,375,5375,1750,1500,9125
350,125,375,5375,1750,1500,9125
351,0,375,5375,1750,1500,9000
352,125,375,5375,1625,1500,9000
353,125,500,5375,1750,1625,9375
354,125,375,5250,1625,1500,8875
355,125,375,5250,1625,1500,8875
356,125,375,5375,1750,1625,9250
357,125,375,5250,1625,1500,8875
358,125,375,5250,1625,1500,8875
359,125,375,5375,1625,1500,9000
360,125,375,5250,1625,1500,8875
361,125,375,5375,1625,1500,9000
362,125,375,5250,1625,1500,8875
363,125,375,5375,1750,1625,9250
364,125,375,5250,1750,1500,9000
365,125,500,5375,1625,1500,9125
366,125,375,5375,1625,1500,9000
367,125,375,5375,1750,1500,9125
368,125,375,5250,1625,1500,8875
369,125,500,5375,1625,1500,9125
370,125,500,5375,1750,1500,9250
371,125,375,5375,1625,1625,9125
372,125,375,5125,1625,1500,8750
373,125,375,5375,1625,1500,9000
374,125,375,5500,1750,1625,9375
375,125,375,5375,1750,1625,9250
376,125,375,5125,1625,1500,8750
377,125,375,5375,1625,1500,9000
378,125,375,5375,1750,1500,9125
379,125,375,5375,1750,1625,9250
380,125,375,5375,1625,1500,9000
381,125,375,5375,1750,1500,9125
382,125,500,5250,1625,1500,9000
383,125,375,5500,1625,1500,9125
384,125,375,5375,1750,1500,9125
385,125,375,5375,1750,1500,9125
386,125,375,5250,1625,1500,8875
387,125,375,5250,1625,1625,9000
388,125,375,6000,1875,12625,21000
389,0,375,6250,1750,1625,10000
390,125,375,5625,1750,1625,9500
391,0,375,5500,1750,1500,9125
392,125,500,5250,1625,1500,9000
393,125,375,5375,1625,1500,9000
394,125,375,5375,1625,1500,9000
395,125,500,5375,1625,1500,9125
396,125,375,5250,1625,1500,8875
397,125,500,5375,1750,1500,9250
398,125,500,5250,1625,1500,9000
399,125,500,5375,1750,1500,9250
400,125,375,5375,1750,1500,9125
401,125,375,5375,1625,1500,9000
402,125,375,5375,1750,1500,9125
403,125,375,5375,1625,1500,9000
404,125,375,5250,1625,1500,8875
405,125,375,5250,1750,1500,9000
406,125,375,5500,1625,1500,9125
407,125,375,5500,1750,1500,9250
408,125,375,5375,1750,1500,9125
409,125,375,5500,1625,1500,9125
410,125,375,5250,1750,1500,9000
411,125,375,5250,1750,1500,9000
412,125,375,5375,1625,1500,9000
413,125,375,5375,1750,1500,9125
414,125,375,5375,1625,1500,9000
415,125,375,5500,1625,1500,9125
416,125,375,5250,1625,1500,8875
417,125,375,5250,1750,1500,9000
418,0,375,5375,1625,1500,8875
419,125,375,5375,1625,1500,9000
420,125,375,5375,1625,1500,9000
421,125,375,5375,1750,1625,9250
422,125,375,5375,1625,1500,9000
423,125,375,5375,1750,1500,9125
424,125,375,5250,1750,1625,9125
425,125,375,5250,1750,1500,9000
426,125,375,5375,1625,1625,9125
427,125,375,5375,1625,1500,9000
428,125,375,5375,1625,1500,9000
429,125,375,5375,1750,1625,9250
430,125,375,5375,1625,1500,9000
431,125,500,5250,1625,1500,9000
432,125,375,5375,1750,1500,9125
433,125,375,5375,1750,1625,9250
434,125,500,5375,1625,1500,9125
435,125,375,5250,1625,1500,8875
436,125,375,5250,1625,1500,8875
437,125,375,5250,1750,1500,9000
438,125,375,5375,1625,1500,9000
439,125,375,5375,1750,1500,9125
440,125,375,5375,1750,1625,9250
441,125,375,5250,1625,1500,8875
442,125,375,5250,1625,1500,8875
443,125,375,5500,1750,1625,9375
444,125,375,5250,1625,1500,8875
445,125,375,5375,1625,1500,9000
446,125,375,5375,1625,1500,9000
447,125,375,5375,1625,1500,9000
448,125,375,5375,1625,1500,9000
449,125,375,5375,1625,1500,9000
450,125,500,5375,1625,1500,9125
451,125,375,5375,1625,1500,9000
452,125,375,5125,1625,1500,8750
453,125,375,5250,1625,1500,8875
454,125,375,5375,1625,1500,9000
455,125,375,5375,1625,1500,9000
456,125,375,5375,1625,1625,9125
457,125,375,5250,1750,1500,9000
458,125,375,5125,1625,1500,8750
459,125,375,5375,1625,1625,9125
460,125,375,5375,1625,1500,9000
461,0,375,5250,1750,1500,8875
462,125,375,5375,1625,1500,9000
463,125,500,5375,1750,1500,9250
464,125,375,5375,1750,1500,9125
465,125,375,5250,1625,1500,8875
466,125,500,5375,1750,1625,9375
467,0,375,5375,1750,1500,9000
468,125,375,5250,1625,1625,9000
469,125,375,5375,1625,1500,9000
470,125,500,5250,1625,1500,9000
471,125,375,5250,1625,1500,8875
472,125,375,5375,1625,1500,9000
473,0,375,5375,1625,1500,8875
474,125,375,5500,1625,1500,9125
475,125,375,5375,1625,1500,9000
476,125,375,5375,1750,1500,9125
477,125,375,5375,1625,1500,9000
478,125,375,5375,1625,1500,9000
479,125,375,5250,1625,1500,8875
480,125,500,5250,1625,1500,9000
481,125,375,5375,1625,1500,9000
482,125,375,5250,1625,1500,8875
483,125,375,5375,1625,1500,9000
484,125,375,5375,1625,1500,9000
485,125,375,5250,1625,1500,8875
486,125,500,5375,1625,1500,9125
487,125,375,5250,1625,1500,8875
488,125,375,5375,1625,1500,9000
489,125,375,5250,1625,1500,8875
490,125,500,5250,1625,1625,9125
491,125,375,5375,1750,1500,9125
492,125,375,5250,1625,1500,8875
493,125,375,5250,1625,1625,9000
494,125,375,5375,1625,1500,9000
495,125,500,5250,1625,1500,9000
496,125,375,5375,1750,1625,9250
497,125,375,5250,1625,1500,8875
498,125,375,5375,1750,1625,9250
499,125,375,5375,1750,1625,9250
500,125,375,5375,1625,1500,9000
501,125,375,5375,1625,1625,9125
502,125,375,5375,1625,1500,9000
503,125,375,5250,1625,1500,8875
504,125,375,5375,1625,1500,9000
505,125,375,5375,1750,1625,9250
506,125,375,5250,1625,1500,8875
507,125,375,5375,1625,1500,9000
508,125,375,5375,1625,1500,9000
509,125,375,5250,1625,1500,8875
510,125,375,5375,1625,1500,9000
511,125,375,5250,1625,1500,8875
512,125,375,5375,1750,1625,9250
513,125,375,5375,1750,1500,9125
514,125,375,5375,1625,1500,9000
515,125,375,5375,1625,1625,9125
516,125,375,5375,1750,1500,9125
517,125,500,5875,1875,1625,10000
518,125,375,5625,1750,1500,9375
519,125,500,5500,1750,1500,9375
520,125,500,5375,1750,1500,9250
521,125,375,5375,1750,1500,9125
522,125,375,5375,1750,1500,9125
523,125,375,5375,1625,1500,9000
524,125,375,5250,1625,1500,8875
525,125,375,5250,1625,1500,8875
526,125,500,5375,1750,1500,9250
527,0,375,5375,1625,1500,8875
528,125,375,5375,1750,1500,9125
529,0,375,5250,1625,1500,8750
530,125,375,5375,1625,1625,9125
531,125,375,5375,1625,1500,9000
532,125,500,5250,1625,1500,9000
533,125,375,5250,1625,1625,9000
534,125,375,5250,1750,1625,9125
535,0,375,5375,1625,1500,8875
536,125,375,5250,1625,1500,8875
537,125,375,5250,1750,1625,9125
538,125,375,5375,1625,1625,9125
539,0,375,5500,1750,1500,9125
540,125,375,5375,1625,1625,9125
541,125,375,5250,1625,1500,8875
542,125,375,5375,1625,1500,9000
543,125,500,5500,1750,1500,9375
544,125,375,5375,1625,1500,9000
545,125,375,5375,1750,1500,9125
546,125,375,5375,1625,1500,9000
547,0,375,5250,1625,1500,8750
548,125,375,5250,1625,1500,8875
549,125,375,5500,1750,1500,9250
550,125,375,5250,1625,1500,8875
551,0,375,5375,1750,1625,9125
552,125,375,5375,1750,1500,9125
553,125,375,5375,1625,1500,9000
554,125,375,5375,1750,1500,9125
555,125,500,5375,1750,1500,9250
556,125,375,5500,1750,1500,9250
557,125,375,5375,1750,1500,9125
558,125,375,5500,1625,1500,9125
559,125,375,5375,1625,1500,9000
560,0,375,5375,1625,1500,8875
561,125,500,5375,1750,1500,9250
562,125,375,5375,1750,1500,9125
563,125,375,5375,1750,1500,9125
564,125,500,5375,1625,1500,9125
565,125,375,5375,1750,1500,9125
566,125,375,5375,1625,1500,9000
567,125,375,5375,1625,1500,9000
568,125,375,5250,1625,1625,9000
569,125,375,5375,1625,1500,9000
570,0,375,5375,1750,1625,9125
571,125,375,5375,1625,1500,9000
572,125,375,5375,1625,1500,9000
573,125,375,5375,1750,1500,9125
574,125,375,5250,1750,1500,9000
575,125,500,5375,1750,1625,9375
576,0,375,5500,1750,1625,9250
577,125,375,5250,1625,1500,8875
578,125,375,5375,1750,1500,9125
579,125,375,5250,1625,1500,8875
580,125,375,5375,1625,1500,9000
581,125,375,5375,1625,1500,9000
582,125,375,5375,1625,1500,9000
583,125,375,5500,1625,1500,9125
584,125,375,5375,1625,1500,9000
585,125,375,5375,1750,1500,9125
586,125,375,5250,1625,1500,8875
587,125,375,5500,1750,1500,9250
588,125,375,5250,1625,1500,8875
589,0,375,5375,1625,1500,8875
590,125,375,5375,1625,1500,9000
591,125,375,5375,1625,1500,9000
592,0,375,5375,1625,1500,8875
593,125,375,5250,1625,1500,8875
594,125,375,5250,1625,1500,8875
595,125,500,5375,1750,1500,9250
596,125,500,5375,1625,1500,9125
597,125,375,5250,1625,1625,9000
598,125,375,5375,1750,1625,9250
599,125,375,5375,1625,1500,9000
600,125,375,5375,1625,1500,9000
601,125,500,5375,1750,1500,9250
602,125,375,5375,1625,1500,9000
603,125,375,5250,1625,1500,8875
604,0,375,5375,1750,1500,9000
605,125,500,5375,1750,1625,9375
606,125,375,5250,1625,1500,8875
607,125,375,5250,1625,1500,8875
608,0,375,5250,1625,1500,8750
609,125,375,5375,1625,1500,9000
610,125,375,5250,1625,1500,8875
611,125,375,5375,1500,1500,8875
612,125,500,5250,1625,1500,9000
613,125,500,5250,1625,1500,9000
614,125,375,5375,1625,1375,8875
615,0,375,5375,1625,1500,8875
616,125,500,5375,1625,1500,9125
617,125,375,5375,1750,1625,9250
618,125,375,5250,1625,1500,8875
619,125,375,5250,1625,1500,8875
620,125,375,5375,1625,1500,9000
621,0,375,5500,1750,1625,9250
622,125,375,5375,1625,1500,9000
623,125,375,5375,1625,1500,9000
624,0,375,5375,1750,1625,9125
625,125,375,5375,1625,1500,9000
626,125,500,5375,1625,1625,9250
627,0,375,5500,1750,1500,9125
628,125,375,5250,1625,1500,8875
629,125,375,5375,1625,1500,9000
630,125,375,5500,1625,1500,9125
631,125,375,5250,1750,1500,9000
632,125,375,5500,1750,1500,9250
633,125,375,5250,1750,1500,9000
634,125,375,5375,1625,1500,9000
635,125,375,5250,1625,1500,8875
636,125,375,5250,1625,1500,8875
637,125,500,5375,1750,1500,9250
638,125,375,5500,1625,1500,9125
639,125,375,5375,1625,1500,9000
640,125,375,5375,1750,1500,9125
641,0,375,5375,1625,1500,8875
642,0,375,5500,1625,1500,9000
643,0,375,5500,1625,1500,9000
644,125,375,5375,1750,1625,9250
645,125,375,5500,1750,1500,9250
646,125,375,6000,1750,1625,9875
647,125,375,5500,1625,1500,9125
648,125,375,5500,1750,1500,9250
649,125,375,5375,1750,1500,9125
650,125,375,5375,1625,1500,9000
651,125,375,5250,1750,1500,9000
652,125,375,5500,1750,1500,9250
653,125,375,5375,1625,1500,9000
654,125,375,5375,1750,1500,9125
655,125,375,5250,1625,1500,8875
656,125,375,5250,1750,1500,9000
657,125,500,5375,1750,1500,9250
658,125,375,5375,1625,1625,9125
659,125,375,5375,1750,1500,9125
660,125,375,5250,1750,1500,9000
661,125,375,5375,1750,1500,9125
662,125,375,5500,1750,1500,9250
663,125,375,5250,1625,1500,8875
664,125,375,5375,1625,1500,9000
665,125,375,5250,1625,1500,8875
666,125,375,5250,1625,1500,8875
667,125,375,5250,1625,1500,8875
668,125,375,5375,1625,1500,9000
669,125,375,5250,1625,1500,8875
670,125,375,5250,1625,1500,8875
671,0,375,5500,1750,1625,9250
672,125,375,5375,1625,1500,9000
673,125,375,5375,1750,1625,9250
674,125,375,5375,1625,1500,9000
675,125,375,5250,1625,1500,8875
676,125,375,5250,1625,1500,8875
677,125,375,5250,1625,1500,8875
678,125,375,5375,1750,1500,9125
679,125,375,5375,1750,1500,9125
680,125,375,5375,1625,1500,9000
681,125,500,5250,1625,1500,9000
682,0,375,5500,1750,1500,9125
683,125,375,5375,1625,1500,9000
684,125,375,5375,1625,1500,9000
685,125,375,5250,1625,1500,8875
686,125,375,5375,1625,1500,9000
687,125,375,5500,1750,1625,9375
688,125,375,5375,1750,1500,9125
689,125,375,5250,1625,1500,8875
690,125,500,5375,1750,1500,9250
691,125,375,5375,1625,1500,9000
692,125,375,5375,1625,1500,9000
693,125,375,5250,1625,1500,8875
694,125,375,5500,1625,1500,9125
695,125,375,5250,1625,1500,8875
696,0,375,5375,1625,1500,8875
697,125,375,5375,1625,1625,9125
698,125,375,5500,1625,1500,9125
699,125,375,5250,1625,1500,8875
700,125,500,5375,1750,1500,9250
701,125,500,5250,1750,1500,9125
702,125,375,5250,1750,1500,9000
703,125,375,5375,1750,1500,9125
704,125,500,5375,1625,1500,9125
705,125,375,5250,1625,1500,8875
706,125,375,5375,1750,1625,9250
707,125,375,5250,1750,1625,9125
708,0,375,5375,1625,1500,8875
709,125,375,5375,1625,1500,9000
710,125,375,5375,1750,1625,9250
711,125,375,5375,1750,1500,9125
712,125,375,5375,1750,1500,9125
713,125,375,5375,1625,1500,9000
714,125,375,5375,1625,1500,9000
715,125,375,5250,1750,1500,9000
716,125,500,5375,1750,1500,9250
717,125,375,5375,1750,1625,9250
718,125,375,5250,1750,1625,9125
719,125,375,5375,1625,1500,9000
720,125,375,5375,1750,1500,9125
721,125,375,5375,1625,1500,9000
722,0,375,5500,1625,1625,9125
723,125,375,5500,1750,1500,9250
724,125,500,5375,1750,1500,9250
725,125,375,5250,1625,1500,8875
726,0,375,5500,1625,1500,9000
727,0,375,5375,1750,1500,9000
728,125,500,5375,1625,1500,9125
729,125,375,5375,1625,1500,9000
730,125,375,5375,1625,1500,9000
731,125,375,5375,1625,1500,9000
732,125,375,5375,1750,1625,9250
733,125,500,5250,13500,2000,21375
734,125,500,6125,1875,1625,10250
735,125,375,5500,1625,1500,9125
736,125,375,5375,1625,1500,9000
737,125,500,5375,1750,1625,9375
738,0,375,5375,1750,1625,9125
739,125,375,5375,1625,1625,9125
740,125,375,5375,1750,1500,9125
741,125,375,5375,1625,1500,9000
742,0,375,5250,1750,1625,9000
743,125,375,5375,1750,1500,9125
744,125,375,5250,1625,1500,8875
745,125,375,5250,1625,1500,8875
746,125,375,5375,1625,1500,9000
747,125,375,5375,1750,1500,9125
748,125,375,5375,1750,1625,9250
749,125,375,5500,1750,1500,9250
750,125,375,5375,1625,1625,9125
751,125,375,5250,1625,1500,8875
752,0,375,5500,1750,1625,9250
753,125,375,5375,1750,1500,9125
754,125,500,5250,1625,1625,9125
755,0,375,5250,1625,1500,8750
756,0,375,5250,1625,1500,8750
757,125,375,5375,1625,1500,9000
758,0,375,5375,1625,1500,8875
759,125,375,5250,1750,1500,9000
760,0,375,5375,1625,1500,8875
761,125,375,5375,1750,1500,9125
762,125,375,5250,1625,1500,8875
763,0,375,5375,1625,1500,8875
764,0,375,5375,1750,1500,9000
765,125,375,5250,1625,1500,8875
766,125,375,5250,1750,1625,9125
767,125,375,5250,1625,1500,8875
768,0,375,5500,1625,1500,9000
769,125,500,5375,1625,1625,9250
770,125,375,5375,1625,1500,9000
771,125,375,5375,1750,1500,9125
772,125,375,5250,1625,1500,8875
773,125,500,5500,1625,1500,9250
774,0,375,5500,1625,1500,9000
775,125,500,6000,1875,1625,10125
776,125,375,5375,1750,1500,9125
777,125,375,5375,1625,1375,8875
778,125,375,5500,1625,1500,9125
779,125,500,5375,1750,1500,9250
780,125,375,5250,1625,1500,8875
781,125,375,5250,1625,1500,8875
782,125,375,5500,1625,1500,9125
783,125,375,5250,1750,1500,9000
784,125,375,5250,1625,1500,8875
785,125,375,5375,1750,1500,9125
786,125,375,5250,1625,1500,8875
787,125,375,5375,1750,1500,9125
788,0,375,5375,1625,1500,8875
789,125,375,5250,1750,1500,9000
790,125,375,5375,1625,1500,9000
791,125,375,5250,1750,1500,9000
792,125,375,5250,1625,1500,8875
793,0,375,5500,1625,1500,9000
794,0,375,5500,1750,1500,9125
795,125,375,5250,1750,1500,9000
796,125,375,5375,1750,1625,9250
797,125,375,5375,1750,1500,9125
798,0,375,5500,1750,1500,9125
799,125,375,5375,1750,1500,9125
800,125,375,5375,1750,1500,9125
801,0,375,5500,1625,1500,9000
802,125,375,5375,1750,1625,9250
803,0,375,5375,1750,1500,9000
804,125,375,5500,1750,1500,9250
805,125,500,5250,1625,1625,9125
806,0,375,5375,1625,1500,8875
807,125,375,5250,1625,1500,8875
808,125,375,5250,1625,1500,8875
809,125,375,5375,1625,1500,9000
810,125,375,5250,1625,1500,8875
811,125,375,5375,1750,1500,9125
812,125,375,5375,1625,1500,9000
813,125,375,5375,1750,1500,9125
814,125,375,5250,1625,1625,9000
815,125,375,5250,1750,1500,9000
816,125,375,5500,1625,1500,9125
817,125,375,5375,1750,1500,9125
818,125,375,5375,1750,1500,9125
819,125,375,5250,1750,1625,9125
820,0,375,5375,1750,1500,9000
821,125,375,5375,1750,1500,9125
822,125,375,5250,1625,1500,8875
823,125,375,5375,1750,1500,9125
824,0,375,5375,1625,1500,8875
825,125,375,5375,1625,1500,9000
826,0,375,5375,1625,1500,8875
827,125,375,5250,1750,1625,9125
828,0,375,5375,1625,1500,8875
829,125,375,5250,1625,1500,8875
830,125,375,5375,1750,1500,9125
831,125,375,5500,1750,1500,9250
832,125,375,5250,1750,1500,9000
833,125,375,5375,1625,1500,9000
834,125,375,5375,1750,1500,9125
835,125,375,5375,1750,1500,9125
836,0,375,5375,1750,1500,9000
837,125,500,5375,1750,1500,9250
838,125,500,5500,1625,1500,9250
839,125,375,5375,1750,1625,9250
840,125,375,5375,1625,1500,9000
841,125,375,5250,1625,1500,8875
842,125,500,5500,1750,1500,9375
843,125,375,5250,1625,1500,8875
844,125,500,5375,1625,1500,9125
845,125,375,5250,1625,1500,8875
846,125,500,5375,1750,1500,9250
847,125,375,5500,1750,1625,9375
848,0,375,5375,1750,1500,9000
849,125,375,5250,1625,1500,8875
850,125,375,5250,1750,1625,9125
851,125,375,5250,1625,1625,9000
852,125,375,5375,1625,1500,9000
853,125,375,5250,1625,1500,8875
854,125,375,5375,1625,1500,9000
855,125,375,5250,1625,1500,8875
856,125,375,5375,1625,1500,9000
857,0,375,5250,1625,1500,8750
858,125,375,5500,1750,1500,9250
859,125,375,5375,1750,1625,9250
860,125,375,5250,1625,1500,8875
861,125,500,5375,1625,1500,9125
862,125,375,5375,1625,1500,9000
863,125,375,5375,1625,1500,9000
864,125,375,5250,1625,1500,8875
865,125,375,5375,1750,1625,9250
866,125,375,5375,1750,1500,9125
867,0,375,5375,1750,1500,9000
868,125,375,5250,1625,1500,8875
869,125,375,5500,1625,1500,9125
870,125,375,5250,1750,1625,9125
871,125,375,5500,1750,1500,9250
872,125,375,5250,1625,1500,8875
873,125,375,5250,1625,1500,8875
874,125,500,5250,1625,1500,9000
875,125,375,5375,1625,1500,9000
876,125,375,5250,1625,1500,8875
877,125,375,5375,1750,1625,9250
878,0,375,5500,1750,1500,9125
879,125,375,5375,1625,1500,9000
880,0,375,5375,1625,1500,8875
881,0,375,5375,1750,1625,9125
882,125,375,5500,1750,1500,9250
883,125,375,5375,1625,1500,9000
884,125,375,5375,1750,1500,9125
885,125,375,5375,1750,1500,9125
886,125,375,5375,1750,1625,9250
887,125,375,5250,1625,1500,8875
888,125,375,5375,1625,1500,9000
889,0,375,5375,1625,1500,8875
890,125,375,5375,1625,1625,9125
891,125,375,5500,1625,1500,9125
892,125,375,5250,1625,1500,8875
893,125,375,5375,1625,1500,9000
894,125,500,5250,1625,1500,9000
895,125,375,5250,1625,1500,8875
896,125,375,5250,1750,1500,9000
897,0,375,5375,1625,1625,9000
898,125,375,5375,1750,1625,9250
899,125,500,5500,1625,1500,9250
900,125,375,5375,1750,1625,9250
901,125,375,5250,1625,1500,8875
902,125,375,5375,1625,1500,9000
903,125,375,5250,1625,1500,8875
904,125,500,6000,1875,1625,10125
905,125,375,5375,1750,1625,9250
906,0,375,5500,1750,1625,9250
907,0,375,5375,1750,1500,9000
908,125,375,5250,1750,1625,9125
909,0,375,5375,1625,1500,8875
910,0,375,5375,1625,1500,8875
911,0,375,5375,1625,1500,8875
912,125,375,5250,1750,1625,9125
913,125,375,5375,1750,1500,9125
914,125,375,5375,1750,1500,9125
915,125,375,5375,1625,1500,9000
916,125,375,5375,1750,1625,9250
917,125,375,5375,1750,1500,9125
918,125,375,5250,1750,1500,9000
919,0,375,5250,1750,1500,8875
920,125,375,5250,1625,1500,8875
921,125,375,5375,1625,1500,9000
922,125,500,5250,1750,1500,9125
923,125,375,5375,1750,1500,9125
924,0,375,5375,1750,1500,9000
925,125,375,5375,1625,1500,9000
926,125,375,5375,1625,1625,9125
927,125,375,5250,1750,1500,9000
928,125,375,5375,1625,1500,9000
929,125,375,5375,1625,1500,9000
930,125,375,5250,1625,1500,8875
931,125,375,5375,1625,1500,9000
932,125,375,5375,1625,1500,9000
933,125,375,5375,1750,1500,9125
934,125,375,5375,1750,1500,9125
935,125,500,5250,1625,1500,9000
936,125,375,5250,1750,1375,8875
937,125,375,5375,1625,1500,9000
938,125,375,5375,1750,1500,9125
939,125,375,5500,1625,1500,9125
940,125,375,5375,1625,1500,9000
941,0,375,5375,1625,1625,9000
942,125,375,5250,1625,1500,8875
943,0,375,5500,1625,1500,9000
944,125,500,5375,1625,1500,9125
945,125,375,5375,1750,1625,9250
946,0,375,5375,1750,1500,9000
947,125,375,5375,1625,1500,9000
948,125,375,5375,1625,1500,9000
949,0,375,5375,1625,1500,8875
950,125,375,5375,1625,1500,9000
951,125,375,5375,1750,1500,9125
952,125,375,5250,1625,1500,8875
953,125,375,5375,1625,1500,9000
954,0,375,5375,1750,1625,9125
955,125,375,5250,1750,1500,9000
956,125,375,5375,1750,1375,9000
957,125,375,5250,1625,1500,8875
958,125,375,5375,1750,1500,9125
959,125,375,5250,1750,1500,9000
960,125,375,5375,1750,1625,9250
961,125,375,5375,1625,1500,9000
962,125,375,5375,1625,1500,9000
963,125,375,5250,1750,1500,9000
964,125,375,5375,1750,1500,9125
965,125,375,5375,1625,1375,8875
966,125,375,5375,1625,1500,9000
967,125,375,5375,1750,1500,9125
968,125,375,5375,1750,1625,9250
969,125,375,5375,1750,1500,9125
970,125,375,5500,1625,1500,9125
971,125,375,5375,1625,1500,9000
972,125,375,5375,1625,1500,9000
973,125,375,5375,1625,1500,9000
974,125,375,5375,1750,1500,9125
975,125,375,5375,1625,1625,9125
976,125,375,5250,1625,1500,8875
977,125,500,5375,1750,1500,9250
978,125,500,5250,1625,1500,9000
979,125,375,5375,1625,1500,9000
980,125,375,5250,1750,1500,9000
981,125,500,5375,1625,1500,9125
982,125,375,5250,1625,1500,8875
983,125,375,5250,1625,1500,8875
984,125,375,5250,1625,1625,9000
985,125,375,5375,1625,1500,9000
986,125,375,5250,1625,1500,8875
987,125,375,5375,1750,1625,9250
988,125,375,5375,1625,1500,9000
989,125,375,5375,1750,1500,9125
990,125,375,5250,1625,1500,8875
991,125,375,5375,1625,1500,9000
992,125,375,5250,1625,1500,8875
993,125,375,5375,1750,1500,9125
994,125,375,5375,1625,1500,9000
995,125,375,5250,1750,1500,9000
996,0,375,5375,1625,1500,8875
997,125,375,5250,1750,1500,9000
998,125,375,5250,1750,1500,9000
999,125,375,5375,1625,1375,8875
1000,0,375,5375,1750,1500,9000
1001,125,375,5375,1750,1500,9125
1002,125,375,5250,1625,1500,8875
1003,125,375,5375,1750,1625,9250
1004,125,375,5375,1750,1625,9250
1005,0,375,5375,1625,1500,8875
1006,0,375,5375,1625,1500,8875
1007,125,375,5250,1750,1500,9000
1008,0,375,5375,1625,1500,8875
1009,125,500,5250,1625,1500,9000
1010,125,375,5250,1750,1625,9125
1011,125,375,5375,1750,1500,9125
1012,125,375,5375,1625,1500,9000
1013,125,375,5500,1750,1500,9250
1014,125,500,5375,1750,1500,9250
1015,125,375,5250,1625,1500,8875
1016,125,375,5375,1750,1625,9250
1017,125,375,5250,1625,1500,8875
1018,125,375,5500,1625,1500,9125
1019,125,375,5375,1750,1500,9125
1020,125,375,5375,1750,1500,9125
1021,125,375,5250,1625,1625,9000
1022,125,375,5375,1750,1625,9250
1023,125,375,5375,1625,1500,9000
1024,125,375,5375,1625,1500,9000
1025,0,375,5375,1625,1375,8750
1026,125,375,5250,1625,1500,8875
1027,125,375,5250,1625,1500,8875
1028,125,375,5500,1750,1500,9250
1029,125,375,5375,1750,1500,9125
1030,125,375,5375,1625,1500,9000
1031,125,375,5500,1625,1500,9125
1032,125,375,6000,2000,1625,10125
1033,125,375,5375,1625,1500,9000
1034,125,375,5375,1625,1500,9000
1035,125,375,5250,1625,1375,8750
1036,125,500,5375,1625,1500,9125
1037,125,375,5375,1625,1500,9000
1038,125,375,5250,1625,1500,8875
1039,125,375,5250,1625,1500,8875
1040,125,375,5375,1750,1500,9125
1041,125,375,5375,1625,1500,9000
1042,125,375,5375,1750,1625,9250
1043,125,375,5250,1750,1500,9000
1044,0,375,5250,1625,1500,8750
1045,125,375,5500,1625,1500,9125
1046,125,375,5250,1625,1625,9000
1047,125,375,5250,1625,1500,8875
1048,125,375,5250,1625,1625,9000
1049,0,375,5375,1750,1625,9125
1050,125,375,5250,1750,1625,9125
1051,125,375,5250,1625,1500,8875
1052,125,375,5375,1625,1500,9000
1053,125,375,5375,1750,1500,9125
1054,125,375,5375,1750,1500,9125
1055,125,375,5250,1625,1500,8875
1056,125,375,5375,1625,1500,9000
1057,125,375,5250,1625,1500,8875
1058,125,375,5250,1625,1500,8875
1059,125,375,5375,1625,1500,9000
1060,125,375,5375,1625,1500,9000
1061,0,375,5500,1625,1500,9000
1062,125,375,5375,1625,1500,9000
1063,125,375,5375,1750,1625,9250
1064,0,375,5500,1750,1625,9250
1065,125,375,5375,1625,1500,9000
1066,125,375,5375,1750,1500,9125
1067,125,375,5250,1750,1500,9000
1068,125,375,5375,1625,1500,9000
1069,125,375,5375,1625,1625,9125
1070,125,375,5250,1625,1500,8875
1071,125,375,5250,1625,1500,8875
1072,125,375,5250,1625,1500,8875
1073,125,375,5250,1750,1625,9125
1074,125,375,5250,1750,1500,9000
1075,125,375,5250,1625,1500,8875
1076,0,375,5500,1750,1625,9250
1077,0,375,5500,1625,1625,9125
1078,125,375,6375,1875,1750,10500
1079,125,375,5500,1750,1500,9250
1080,125,375,5500,1625,1500,9125
1081,125,375,5375,1750,1500,9125
1082,125,375,5375,1750,1500,9125
1083,125,500,5375,1750,1625,9375
1084,125,375,5500,1625,1500,9125
1085,125,375,5375,1625,1500,9000
1086,125,375,5500,1750,1500,9250
1087,125,375,5250,1625,1500,8875
1088,125,375,5375,1750,1625,9250
1089,125,375,5250,1625,1500,8875
1090,0,375,5375,1750,1500,9000
1091,0,375,5375,1625,1625,9000
1092,125,375,5375,1625,1500,9000
1093,125,375,5375,1625,1500,9000
1094,125,375,5250,1625,1625,9000
1095,125,375,5250,1750,1500,9000
1096,125,375,5250,1625,1500,8875
1097,125,375,5375,1625,1500,9000
1098,125,375,5375,1750,1500,9125
1099,125,375,5250,1625,1500,8875
1100,125,375,5375,1625,1500,9000
1101,125,375,5375,1625,1500,9000
1102,125,500,5250,1625,1500,9000
1103,125,500,5375,1625,1500,9125
1104,125,375,5375,1625,1500,9000
1105,125,375,5375,1750,1500,9125
1106,125,375,5250,1625,1500,8875
1107,125,375,5375,1625,1500,9000
1108,125,375,5375,1625,1500,9000
1109,125,375,5375,1625,1500,9000
1110,125,375,5375,1625,1500,9000
1111,125,375,5500,1750,1500,9250
1112,125,375,5250,1750,1500,9000
1113,125,375,5375,1625,1500,9000
1114,0,375,5250,1625,1500,8750
1115,0,375,5375,1750,1625,9125
1116,125,375,5375,1750,1500,9125
1117,125,500,5375,1625,1500,9125
1118,125,375,5375,1750,1625,9250
1119,0,375,5375,1625,1500,8875
1120,0,375,5375,1750,1500,9000
1121,125,375,5375,1750,1500,9125
1122,125,375,5375,1625,1500,9000
1123,125,375,5375,1625,1500,9000
1124,125,375,5375,1750,1625,9250
1125,125,375,5375,1750,1500,9125
1126,125,375,5375,1625,1500,9000
1127,125,375,5250,1625,1500,8875
1128,0,375,5500,1750,1500,9125
1129,125,375,5250,1625,1625,9000
1130,125,375,5375,1750,1625,9250
1131,0,375,5375,1625,1500,8875
1132,125,500,5375,1625,1500,9125
1133,125,375,5375,1750,1500,9125
1134,125,375,5375,1625,1500,9000
1135,125,500,5250,1625,1500,9000
1136,0,375,5500,1750,1500,9125
1137,125,375,5500,1750,1625,9375
1138,0,375,5375,1750,1500,9000
1139,0,375,5375,1750,1500,9000
1140,125,500,5375,1750,1500,9250
1141,125,375,5375,1625,1625,9125
1142,125,375,5375,1625,1500,9000
1143,125,375,5375,1625,1500,9000
1144,125,375,5375,1625,1500,9000
1145,125,375,5250,1625,1500,8875
1146,125,375,5375,1625,1500,9000
1147,125,375,5375,1750,1500,9125
1148,125,375,5375,1750,1625,9250
1149,125,375,5375,1625,1625,9125
1150,0,375,5375,1750,1500,9000
1151,125,375,5375,1625,1375,8875
1152,125,375,5375,1625,1500,9000
1153,125,375,5375,1750,1500,9125
1154,0,375,5250,1625,1500,8750
1155,125,375,5375,1625,1500,9000
1156,0,375,5500,1625,1625,9125
1157,125,375,5500,1750,1625,9375
1158,125,375,6000,1875,1625,10000
1159,125,375,5625,1750,1625,9500
1160,125,500,5375,1750,1625,9375
1161,125,375,5250,1625,1500,8875
1162,125,500,5375,1750,1625,9375
1163,125,375,5125,1625,1500,8750
1164,125,375,5375,1625,1500,9000
1165,125,375,5375,1750,1500,9125
1166,125,375,5250,1625,1500,8875
1167,0,375,5375,1750,1625,9125
1168,125,375,5375,1625,1500,9000
1169,125,375,5375,1625,1500,9000
1170,125,375,5375,1625,1500,9000
1171,125,375,5250,1750,1500,9000
1172,125,375,5250,1625,1500,8875
1173,125,375,5375,1625,1500,9000
1174,125,375,5375,1625,1500,9000
1175,125,500,5375,1750,1500,9250
1176,0,375,5500,1625,1500,9000
1177,125,375,5250,1625,1625,9000
1178,125,375,5375,1625,1500,9000
1179,125,375,5250,1625,1625,9000
1180,125,375,5375,1625,1500,9000
1181,125,375,5250,1750,1500,9000
1182,0,375,5375,1625,1625,9000
1183,125,375,5250,1625,1500,8875
1184,125,375,5500,1625,1500,9125
1185,125,500,5500,1625,1500,9250
1186,125,375,5375,1625,1500,9000
1187,125,375,5375,1625,1500,9000
1188,125,375,5375,1625,1500,9000
1189,125,375,5250,1625,1500,8875
1190,125,375,5250,1625,1500,8875
1191,125,375,5375,1750,1625,9250
1192,0,375,5375,1750,1625,9125
1193,0,375,5375,1750,1625,9125
1194,0,375,5375,1750,1500,9000
1195,125,500,5375,1750,1500,9250
1196,125,375,5375,1625,1500,9000
1197,125,375,5375,1750,1500,9125
1198,125,375,5375,1750,1625,9250
1199,125,375,5375,1625,1500,9000
1200,125,375,5375,1750,1500,9125
1201,125,375,5375,1625,1500,9000
1202,125,375,5250,1625,1500,8875
1203,125,500,5250,1750,1500,9125
1204,125,375,5375,1625,1500,9000
1205,125,375,5250,1625,1500,8875
1206,125,375,5500,1750,1500,9250
1207,125,375,5375,1750,1625,9250
1208,125,375,5500,1625,1500,9125
1209,125,375,5375,1625,1500,9000
1210,125,375,5375,1625,1500,9000
1211,0,375,5500,1625,1500,9000
1212,125,375,5375,1625,1500,9000
1213,0,375,5250,1625,1500,8750
1214,125,375,5250,1625,1500,8875
1215,125,375,5250,1625,1500,8875
1216,125,375,5250,1750,1500,9000
1217,125,375,5375,1750,1500,9125
1218,125,375,5375,1625,1500,9000
1219,0,375,5375,1625,1500,8875
1220,125,375,5375,1750,1625,9250
1221,125,500,5375,1750,1500,9250
1222,0,375,5500,1625,1500,9000
1223,125,375,5500,1750,1500,9250
1224,125,375,5375,1625,1500,9000
1225,125,375,5250,1625,1500,8875
1226,125,375,5250,1625,1500,8875
1227,125,375,5250,1625,1500,8875
1228,0,375,5375,1625,1375,8750
1229,125,375,5250,1625,1500,8875
1230,125,375,5375,1625,1500,9000
1231,125,375,5250,1625,1500,8875
1232,125,375,5375,1625,1500,9000
1233,125,375,5375,1625,1500,9000
1234,125,375,5375,1625,1500,9000
1235,125,375,5375,1625,1500,9000
1236,125,375,5375,1625,1500,9000
1237,125,375,5375,1750,1500,9125
1238,0,375,5250,1625,1625,8875
1239,125,375,5500,1625,1500,9125
1240,125,375,5375,1750,1625,9250
1241,125,375,5375,1625,1500,9000
1242,0,375,5375,1625,1500,8875
1243,125,375,5250,1625,1500,8875
1244,125,375,5250,1625,1500,8875
1245,125,375,5250,1625,1500,8875
1246,125,500,5250,1750,1500,9125
1247,125,500,5375,1625,1500,9125
1248,125,375,5250,1625,1500,8875
1249,125,375,5375,1750,1500,9125
1250,125,375,5250,1625,1500,8875
1251,125,375,5375,1625,1500,9000
1252,0,375,5500,1750,1625,9250
1253,125,375,5250,1625,1500,8875
1254,125,375,5375,1750,1500,9125
1255,125,375,5375,1625,1500,9000
1256,125,375,5375,1625,1500,9000
1257,125,375,5375,1625,1500,9000
1258,125,375,5250,1750,1500,9000
1259,125,375,5375,1625,1500,9000
1260,0,375,5375,1750,1625,9125
1261,125,375,5375,1625,1500,9000
1262,0,375,5375,1625,1500,8875
1263,125,375,5375,1625,1500,9000
1264,125,375,5500,1625,1500,9125
1265,125,500,5375,1625,1500,9125
1266,125,375,5375,1625,1500,9000
1267,125,500,5375,1750,1500,9250
1268,125,375,5375,1625,1500,9000
1269,0,375,5375,1625,1500,8875
1270,125,375,5250,1625,1500,8875
1271,125,375,5375,1750,1625,9250
1272,0,375,5500,1750,1625,9250
1273,125,375,5375,1625,1625,9125
1274,125,375,5375,1750,1625,9250
1275,125,375,5250,1750,1500,9000
1276,125,375,5375,1750,1500,9125
1277,125,375,5375,1625,1500,9000
1278,125,375,5375,1625,1500,9000
1279,125,375,5250,1750,1625,9125
1280,125,375,5250,1750,1500,9000
1281,125,375,5250,1625,1500,8875
1282,125,500,5375,1625,1500,9125
1283,0,375,5875,1875,1625,9750
1284,125,375,5500,1750,1500,9250
1285,125,375,5500,1750,1625,9375
1286,125,375,5375,1625,1500,9000
1287,125,375,5250,1625,1500,8875
1288,125,375,5375,1625,1500,9000
1289,125,375,5375,1625,1500,9000
1290,125,375,5375,1750,1500,9125
1291,125,375,5500,1625,1500,9125
1292,125,375,5500,1750,1625,9375
1293,125,375,5375,1625,1500,9000
1294,125,375,5250,1625,1500,8875
1295,125,375,5375,1625,1625,9125
1296,125,375,5375,1625,1500,9000
1297,125,375,5375,1750,1500,9125
1298,125,375,5375,1625,1500,9000
1299,0,375,5250,1625,1500,8750
1300,125,375,5500,1750,1500,9250
1301,125,375,5375,1750,1625,9250
1302,125,375,5375,1625,1500,9000
1303,0,375,5375,1625,1500,8875
1304,0,375,5500,1625,1500,9000
1305,125,500,5375,1750,1500,9250
1306,125,375,5250,1625,1500,8875
1307,125,375,5375,1625,1625,9125
1308,125,375,5375,1625,1500,9000
1309,125,375,5250,1750,1625,9125
1310,125,375,5375,1625,1500,9000
1311,125,500,5375,1750,1500,9250
1312,125,500,5250,1625,1500,9000
1313,125,375,5375,1625,1500,9000
1314,125,375,5375,1625,1500,9000
1315,125,375,5250,1625,1500,8875
1316,0,375,5375,1750,1500,9000
1317,125,375,5250,1750,1625,9125
1318,125,500,5375,1625,1500,9125
1319,125,375,5375,1625,1500,9000
1320,125,500,5250,1750,1500,9125
1321,125,375,5375,1625,1500,9000
1322,125,375,5375,1625,1500,9000
1323,125,500,5375,1625,1500,9125
1324,125,375,5250,1625,1500,8875
1325,125,375,5500,1750,1500,9250
1326,125,500,5500,1750,1625,9500
1327,125,375,5375,1625,1500,9000
1328,125,500,5375,1625,1500,9125
1329,125,375,5250,1625,1500,8875
1330,125,375,5375,1750,1625,9250
1331,0,375,5375,1750,1500,9000
1332,125,375,5375,1625,1500,9000
1333,125,500,5375,1750,1625,9375
1334,125,375,5375,1625,1500,9000
1335,0,375,5500,1625,1500,9000
1336,0,375,5500,1625,1500,9000
1337,125,375,5375,1750,1625,9250
1338,125,375,5375,1750,1500,9125
1339,125,375,5375,1625,1500,9000
1340,125,375,5500,1625,1500,9125
1341,125,500,5375,1750,1500,9250
1342,125,375,5375,1750,1625,9250
1343,0,375,5375,1750,1625,9125
1344,125,375,5375,1750,1500,9125
1345,0,375,5375,1625,1500,8875
1346,125,375,5500,1625,1500,9125
1347,125,375,5250,1625,1500,8875
1348,0,375,5500,1625,1500,9000
1349,125,500,5375,1625,1625,9250
1350,125,375,5375,1750,1625,9250
1351,125,375,5250,1625,1500,8875
1352,125,375,5375,1625,1625,9125
1353,125,375,5375,1750,1500,9125
1354,125,500,5375,1625,1500,9125
1355,125,500,5375,1625,1500,9125
1356,125,500,5375,1625,1625,9250
1357,0,375,5375,1625,1500,8875
1358,125,375,5375,1625,1500,9000
1359,125,375,5375,1625,1500,9000
1360,125,375,5375,1750,1500,9125
1361,125,375,5375,1750,1500,9125
1362,125,375,5250,1625,1500,8875
1363,125,500,5500,1625,1500,9250
1364,125,375,5375,1625,1500,9000
1365,125,375,5250,1750,1625,9125
1366,0,375,5375,1625,1500,8875
1367,125,500,5375,1750,1500,9250
1368,125,375,5375,1625,1500,9000
1369,125,375,5375,1625,1500,9000
1370,125,375,5250,1750,1500,9000
1371,125,375,5375,1750,1500,9125
1372,125,375,5250,1625,1500,8875
1373,125,375,5250,1625,1500,8875
1374,125,375,5250,1625,1500,8875
1375,125,375,5250,1625,1500,8875
1376,125,375,5375,1750,1500,9125
1377,125,375,5250,1625,1500,8875
1378,125,500,5375,1625,1500,9125
1379,125,375,5375,1750,1500,9125
1380,125,375,5375,1625,1500,9000
1381,125,500,5375,1625,1500,9125
1382,125,375,5250,1625,1500,8875
1383,125,375,5375,1750,1500,9125
1384,125,375,5375,1625,1500,9000
1385,125,375,5375,1750,1500,9125
1386,125,375,5375,1625,1500,9000
1387,125,375,5250,1625,1500,8875
1388,125,500,5250,1625,1500,9000
1389,125,500,5250,1750,1625,9250
1390,125,375,5375,1750,1625,9250
1391,125,375,5250,1625,1500,8875
1392,125,375,5250,1625,1500,8875
1393,0,375,5375,1625,1500,8875
1394,125,375,5250,1625,1500,8875
1395,0,375,5375,1625,1500,8875
1396,125,375,5375,1625,1500,9000
1397,125,375,5375,1625,1500,9000
1398,125,375,5375,1750,1625,9250
1399,0,375,5375,1625,1625,9000
1400,125,375,5250,1625,1500,8875
1401,0,375,5500,1625,1500,9000
1402,0,375,5375,1750,1500,9000
1403,125,375,5375,1625,1500,9000
1404,125,500,5375,1625,1500,9125
1405,125,375,5375,1750,1500,9125
1406,0,375,5375,1625,1500,8875
1407,125,375,5375,1625,1500,9000
1408,125,375,6000,1750,1625,9875
1409,125,375,5625,1625,1500,9250
1410,125,375,5375,1625,1500,9000
1411,125,375,5250,1625,1625,9000
1412,0,375,5375,1750,1500,9000
1413,125,375,5375,1750,1625,9250
1414,125,375,5250,1625,1500,8875
1415,125,375,5250,1750,1500,9000
1416,125,375,5250,1625,1500,8875
1417,125,375,5375,1750,1500,9125
1418,125,375,5375,1750,1500,9125
1419,125,375,5375,1750,1500,9125
1420,125,375,5375,1625,1500,9000
1421,125,375,17250,2000,1625,21375
1422,125,375,5750,1750,1500,9500
1423,0,375,5500,1625,1500,9000
1424,125,375,5500,1750,1500,9250
1425,125,500,5375,1625,1500,9125
1426,125,375,5500,1625,1500,9125
1427,125,375,5250,1625,1500,8875
1428,125,375,5375,1625,1500,9000
1429,125,375,5375,1750,1625,9250
1430,125,375,5375,1750,1500,9125
1431,125,375,5500,1750,1500,9250
1432,0,375,5375,1625,1500,8875
1433,125,375,5250,1625,1500,8875
1434,125,375,5375,1750,1500,9125
1435,125,375,5375,1625,1500,9000
1436,125,375,5375,1625,1375,8875
1437,125,375,5250,1625,1500,8875
1438,125,375,5250,1625,1500,8875
1439,125,375,5375,1625,1625,9125
1440,125,375,5375,1625,1500,9000
1441,125,375,5375,1750,1500,9125
1442,125,375,5375,1625,1500,9000
1443,125,375,5375,1750,1625,9250
1444,125,375,5375,1625,1500,9000
1445,125,375,5375,1625,1500,9000
1446,125,375,5375,1750,1500,9125
1447,125,375,5375,1625,1500,9000
1448,125,500,5375,1750,1500,9250
1449,125,375,5250,1625,1500,8875
1450,125,375,5375,1750,1500,9125
1451,125,375,5250,1625,1500,8875
1452,125,375,5375,1750,1625,9250
1453,125,375,5250,1750,1625,9125
1454,125,375,5250,1625,1500,8875
1455,125,375,5375,1750,1625,9250
1456,125,375,5375,1750,1500,9125
1457,125,375,5375,1750,1500,9125
1458,125,375,5375,1625,1625,9125
1459,125,375,5375,1750,1500,9125
1460,125,375,5375,1625,1625,9125
1461,0,375,5375,1750,1625,9125
1462,125,500,5375,1625,1500,9125
1463,125,375,5375,1750,1625,9250
1464,125,375,5250,1625,1500,8875
1465,125,375,5250,1625,1500,8875
1466,125,500,5375,1750,1500,9250
1467,125,375,5375,1625,1500,9000
1468,125,375,5375,1625,1500,9000
1469,125,375,5500,1625,1500,9125
1470,125,375,5500,1750,1500,9250
1471,125,375,5375,1625,1500,9000
1472,125,375,5375,1750,1500,9125
1473,125,500,5250,1625,1625,9125
1474,125,375,5500,1750,1625,9375
1475,125,375,5250,1625,1500,8875
1476,125,375,5250,1625,1500,8875
1477,125,375,5250,1625,1500,8875
1478,125,375,5375,1625,1500,9000
1479,125,375,5375,1625,1500,9000
1480,125,500,5375,1750,1500,9250
1481,125,375,5250,1750,1500,9000
1482,125,375,5375,1750,1500,9125
1483,125,500,5375,1625,1500,9125
1484,125,375,5375,1750,1625,9250
1485,125,375,5375,1750,1625,9250
1486,125,375,5250,1625,1500,8875
1487,125,375,5250,1625,1500,8875
1488,125,375,5375,1750,1500,9125
1489,0,375,5500,1750,1500,9125
1490,0,375,5375,1750,1500,9000
1491,125,500,5250,1625,1500,9000
1492,125,375,5375,1625,1500,9000
1493,125,375,5375,1625,1625,9125
1494,125,375,5250,1625,1500,8875
1495,125,375,5250,1750,1625,9125
1496,125,375,5375,1625,1500,9000
1497,125,375,5375,1750,1500,9125
1498,125,375,5375,1625,1500,9000
1499,125,375,5375,1625,1500,9000
1500,0,375,5500,1750,1500,9125
1501,125,375,5375,1750,1500,9125
1502,125,375,5500,1625,1500,9125
1503,125,375,5375,1750,1500,9125
1504,125,375,5375,1625,1500,9000
1505,125,500,5375,1625,1500,9125
1506,125,375,5375,1750,1625,9250
1507,125,375,5250,1750,1500,9000
1508,125,500,5375,1625,1500,9125
1509,125,375,5375,1625,1500,9000
1510,125,375,5375,1625,1375,8875
1511,0,375,5500,1625,1500,9000
1512,125,375,5250,1750,1625,9125
1513,125,375,5375,1625,1500,9000
1514,125,375,5375,1750,1500,9125
1515,0,375,5375,1625,1500,8875
1516,125,375,5375,1750,1500,9125
1517,125,375,5375,1750,1500,9125
1518,125,375,5375,1625,1500,9000
1519,125,375,5375,1625,1500,9000
1520,125,375,5250,1625,1500,8875
1521,125,375,5375,1625,1500,9000
1522,125,375,5375,1750,1500,9125
1523,125,375,5500,1625,1500,9125
1524,125,375,5375,1625,1500,9000
1525,125,375,5250,1625,1500,8875
1526,125,375,5250,1750,1500,9000
1527,125,375,5375,1625,1500,9000
1528,0,375,5375,1750,1500,9000
1529,125,375,5375,1625,1500,9000
1530,125,375,5750,1625,1500,9375
1531,125,375,5250,1625,1500,8875
1532,0,375,5500,1625,1500,9000
1533,125,375,6125,2000,1625,10250
1534,125,375,5500,1625,1500,9125
1535,125,375,5250,1625,1500,8875
1536,125,375,5375,1750,1500,9125
1537,125,500,5500,1750,1500,9375
1538,125,375,5375,1750,1500,9125
1539,125,375,5375,1625,1500,9000
1540,125,375,5250,1625,1625,9000
1541,125,375,5250,1625,1500,8875
1542,125,375,5250,1625,1500,8875
1543,125,500,5375,1750,1500,9250
1544,125,375,5375,1625,1500,9000
1545,125,375,5375,1625,1500,9000
1546,125,375,5375,1625,1500,9000
1547,0,375,5375,1750,1625,9125
1548,0,375,5375,1750,1500,9000
1549,125,375,5250,1625,1500,8875
1550,125,375,5500,1625,1500,9125
1551,125,375,5375,1750,1500,9125
1552,0,375,5500,1750,1500,9125
1553,125,500,5375,1750,1500,9250
1554,125,375,5375,1750,1625,9250
1555,125,375,5125,1625,1625,8875
1556,125,375,5250,1625,1500,8875
1557,125,375,5375,1625,1500,9000
1558,125,375,5375,1750,1500,9125
1559,125,375,5375,1750,1625,9250
1560,125,375,5375,1750,1500,9125
1561,125,375,5375,1750,1500,9125
1562,125,375,5375,1625,1500,9000
1563,125,375,5250,1750,1625,9125
1564,125,375,5375,1750,1375,9000
1565,0,375,5375,1625,1500,8875
1566,125,375,5375,1625,1500,9000
1567,125,500,5375,1625,1500,9125
1568,125,375,5375,1625,1500,9000
1569,125,375,5375,1750,1500,9125
1570,125,375,5375,1625,1500,9000
1571,125,375,5250,1625,1625,9000
1572,125,375,5375,1750,1500,9125
1573,125,375,5250,1625,1500,8875
1574,125,375,5375,1750,1500,9125
1575,125,375,5250,1625,1500,8875
1576,125,375,5375,1750,1500,9125
1577,125,500,5375,1750,1500,9250
1578,0,375,5500,1625,1500,9000
1579,125,375,5250,1625,1500,8875
1580,125,500,5250,1625,1500,9000
1581,125,375,5250,1625,1500,8875
1582,125,375,5375,1750,1500,9125
1583,125,375,5375,1625,1500,9000
1584,0,375,5250,1750,1500,8875
1585,125,375,5500,1625,1625,9250
1586,125,375,5375,1750,1625,9250
1587,125,375,5375,1750,1500,9125
1588,0,375,5375,1625,1500,8875
1589,125,375,5375,1750,1625,9250
1590,125,375,5375,1750,1500,9125
1591,125,375,5375,1625,1500,9000
1592,125,375,5500,1750,1500,9250
1593,125,375,5375,1625,1500,9000
1594,125,500,5375,1625,1500,9125
1595,125,375,5375,1625,1500,9000
1596,125,375,5375,1750,1500,9125
1597,125,375,5375,1750,1500,9125
1598,125,375,5250,1625,1625,9000
1599,125,375,5500,1750,1500,9250
1600,125,375,5375,1750,1500,9125
1601,125,375,5250,1625,1500,8875
1602,125,375,5375,1750,1625,9250
1603,125,375,5250,1625,1500,8875
1604,125,375,5500,1750,1625,9375
1605,125,375,5375,1750,1500,9125
1606,125,375,5500,1625,1500,9125
1607,125,375,5375,1625,1500,9000
1608,125,375,5250,1625,1500,8875
1609,0,375,5375,1625,1500,8875
1610,125,375,5500,1625,1500,9125
1611,125,375,5500,1750,1500,9250
1612,125,375,5375,1625,1500,9000
1613,125,500,5250,1625,1500,9000
1614,125,375,5375,1750,1500,9125
1615,125,375,5375,1625,1500,9000
1616,125,375,5375,1625,1500,9000
1617,125,375,5375,1625,1500,9000
1618,125,375,5250,1625,1500,8875
1619,125,375,5250,1625,1500,8875
1620,125,500,5375,1625,1500,9125
1621,0,375,5500,1625,1625,9125
1622,0,375,5375,1625,1500,8875
1623,0,375,5375,1625,1500,8875
1624,125,375,5375,1625,1500,9000
1625,125,375,5375,1750,1625,9250
1626,125,375,5375,1625,1500,9000
1627,125,375,5250,1625,1500,8875
1628,125,500,5375,1750,1625,9375
1629,125,375,5250,1625,1625,9000
1630,125,375,5375,1750,1500,9125
1631,125,500,5375,1750,1625,9375
1632,125,500,5250,1625,1500,9000
1633,125,375,5375,1625,1375,8875
1634,125,375,5500,1750,1500,9250
1635,125,375,5375,1625,1500,9000
1636,125,375,5500,1750,1500,9250
1637,125,375,5500,1625,1500,9125
1638,125,375,5250,1750,1500,9000
1639,0,375,5500,1625,1500,9000
1640,0,375,5375,1625,1500,8875
1641,125,375,5250,1625,1500,8875
1642,125,500,5250,1625,1500,9000
1643,125,375,5375,1750,1625,9250
1644,125,375,5250,1625,1500,8875
1645,125,375,5250,1625,1500,8875
1646,125,375,5375,1625,1500,9000
1647,125,375,5375,1625,1625,9125
1648,0,375,5375,1750,1625,9125
1649,125,375,5250,1625,1500,8875
1650,125,375,5375,1625,1500,9000
1651,125,375,5500,1625,1500,9125
1652,125,375,5375,1750,1500,9125
1653,125,375,5250,1625,1500,8875
1654,125,375,5375,1625,1500,9000
1655,125,375,5375,1750,1500,9125
1656,125,375,5375,1750,1500,9125
1657,125,375,5250,1625,1500,8875
1658,125,375,6125,1750,1500,9875
1659,125,375,5500,1750,1625,9375
1660,125,500,5375,1625,1625,9250
1661,125,375,5375,1750,1500,9125
1662,0,375,5500,1750,1500,9125
1663,125,375,5375,1625,1500,9000
1664,125,375,5375,1750,1500,9125
1665,125,375,5375,1625,1500,9000
1666,125,375,5500,1625,1375,9000
1667,125,375,5250,1625,1500,8875
1668,125,375,5250,1625,1500,8875
1669,125,375,5250,1625,1500,8875
1670,125,500,5375,1750,1625,9375
1671,125,375,5250,1625,1500,8875
1672,125,375,5250,1625,1625,9000
1673,125,375,5375,1750,1500,9125
1674,125,375,5500,1625,1500,9125
1675,125,500,5375,1750,1500,9250
1676,0,375,5375,1625,1500,8875
1677,125,375,5500,1625,1500,9125
1678,125,375,5250,1625,1500,8875
1679,125,375,5500,1750,1625,9375
1680,125,375,5250,1750,1500,9000
1681,125,375,5250,1750,1625,9125
1682,125,375,5375,1625,1500,9000
1683,125,375,5375,1750,1625,9250
1684,125,375,5375,1625,1500,9000
1685,125,375,5375,1625,1500,9000
1686,125,375,5375,1750,1500,9125
1687,125,375,5250,1625,1500,8875
1688,0,375,5375,1625,1500,8875
1689,125,375,5375,1750,1625,9250
1690,0,375,5500,1750,1625,9250
1691,125,375,5375,1625,1500,9000
1692,125,375,5375,1625,1500,9000
1693,125,375,5375,1750,1500,9125
1694,125,375,5375,1625,1625,9125
1695,125,375,5375,1625,1625,9125
1696,0,375,5500,1625,1625,9125
1697,125,375,5375,1625,1500,9000
1698,125,375,5375,1750,1500,9125
1699,0,375,5250,1625,1500,8750
1700,125,375,5375,1750,1625,9250
1701,125,375,5500,1625,1500,9125
1702,125,500,5375,1750,1625,9375
1703,0,375,5250,1625,1500,8750
1704,125,375,5500,1750,1500,9250
1705,125,375,5375,1625,1500,9000
1706,125,375,5375,1750,1625,9250
1707,125,375,5375,1625,1500,9000
1708,125,375,5375,1625,1500,9000
1709,125,375,5375,1625,1500,9000
1710,125,375,5500,1625,1625,9250
1711,125,500,5375,1625,1500,9125
1712,125,375,5375,1625,1500,9000
1713,125,375,5375,1625,1500,9000
1714,125,375,5375,1750,1500,9125
1715,125,375,5375,1750,1625,9250
1716,125,375,5250,1750,1625,9125
1717,125,375,5375,1625,1500,9000
1718,125,375,5250,1625,1500,8875
1719,125,375,5375,1750,1625,9250
1720,125,375,5375,1750,1500,9125
1721,125,375,5375,1625,1500,9000
1722,125,375,5500,1750,1375,9125
1723,125,375,5375,1750,1500,9125
1724,125,375,5250,1750,1500,9000
1725,125,375,5375,1625,1500,9000
1726,125,375,5375,1750,1625,9250
1727,125,375,5375,1750,1500,9125
1728,125,375,5375,1750,1625,9250
1729,0,375,5500,1625,1625,9125
1730,125,375,5375,1625,1500,9000
1731,125,500,5375,1625,1625,9250
1732,125,500,5375,1625,1500,9125
1733,125,375,5375,1625,1375,8875
1734,125,375,5500,1750,1625,9375
1735,125,375,5375,1750,1500,9125
1736,125,375,5250,1750,1500,9000
1737,125,375,5375,1625,1500,9000
1738,125,500,5250,1625,1500,9000
1739,125,375,5250,1750,1500,9000
1740,125,375,5375,1625,1500,9000
1741,125,375,5375,1625,1500,9000
1742,125,375,5250,1750,1500,9000
1743,125,375,5375,1625,1500,9000
1744,0,375,5500,1625,1500,9000
1745,0,375,5375,1625,1500,8875
1746,0,375,5375,1625,1625,9000
1747,125,375,5375,1625,1500,9000
1748,125,375,5250,1625,1500,8875
1749,125,375,5375,1750,1625,9250
1750,0,375,5375,1625,1500,8875
1751,125,375,5375,1750,1500,9125
1752,125,375,5375,1625,1500,9000
1753,125,375,5375,1750,1625,9250
1754,125,375,5250,1625,1500,8875
1755,125,375,5375,1625,1500,9000
1756,125,375,5375,1750,1500,9125
1757,125,375,5375,1625,1500,9000
1758,125,375,5375,1625,1500,9000
1759,125,375,5250,1625,1500,8875
1760,125,375,5250,1625,1500,8875
1761,125,375,5375,1625,1500,9000
1762,125,500,5375,1625,1500,9125
1763,125,375,5250,1625,1625,9000
1764,125,375,5375,1750,1625,9250
1765,0,375,16375,1750,1750,20250
1766,125,375,5875,1750,1375,9500
1767,125,375,5500,1750,1500,9250
1768,125,500,5375,1750,1500,9250
1769,125,375,5375,1750,1500,9125
1770,125,375,5375,1750,1500,9125
1771,125,500,5375,1750,1500,9250
1772,125,375,5375,1625,1500,9000
1773,0,375,5375,1625,1625,9000
1774,125,375,5375,1625,1500,9000
1775,125,375,5375,1625,1500,9000
1776,125,375,5375,1750,1500,9125
1777,125,375,5250,1625,1500,8875
1778,125,375,5250,1625,1500,8875
1779,125,500,5375,1750,1500,9250
1780,125,375,5250,1625,1500,8875
1781,125,500,5250,1625,1500,9000
1782,125,375,5375,1625,1500,9000
1783,125,375,6500,1875,1750,10625
1784,125,500,5500,1750,1500,9375
1785,125,375,5500,1750,1500,9250
1786,125,375,5250,1625,1500,8875
1787,125,375,5375,1625,1500,9000
1788,125,375,5500,1625,1500,9125
1789,125,375,5500,1625,1500,9125
1790,125,375,5375,1625,1500,9000
1791,125,375,5375,1750,1500,9125
1792,125,375,5375,1750,1500,9125
1793,0,375,5375,1625,1625,9000
1794,125,375,5375,1625,1500,9000
1795,0,375,5375,1750,1500,9000
1796,125,375,5250,1750,1500,9000
1797,125,500,5375,1625,1500,9125
1798,125,375,5375,1750,1500,9125
1799,125,375,5500,1750,1625,9375
1800,125,375,5375,1625,1500,9000
1801,125,375,5375,1625,1500,9000
1802,125,375,5375,1625,1500,9000
1803,125,375,5250,1625,1500,8875
1804,0,375,5250,1625,1500,8750
1805,125,375,5375,1625,1375,8875
1806,125,375,5375,1750,1500,9125
1807,125,375,5250,1750,1500,9000
1808,125,375,5375,1625,1500,9000
1809,125,375,5250,1625,1375,8750
1810,0,375,5375,1625,1500,8875
1811,125,375,5250,1625,1500,8875
1812,125,375,5375,1625,1500,9000
1813,125,375,5250,1750,1500,9000
1814,125,375,5375,1625,1500,9000
1815,125,500,5375,1750,1500,9250
1816,125,375,5250,1625,1500,8875
1817,125,500,5375,1625,1500,9125
1818,125,375,5375,1625,1500,9000
1819,125,375,5375,1625,1625,9125
1820,125,375,5500,1750,1500,9250
1821,125,375,5375,1625,1625,9125
1822,125,375,5250,1625,1500,8875
1823,125,375,5250,1625,1500,8875
1824,125,375,5375,1625,1500,9000
1825,125,375,5250,1625,1500,8875
1826,125,375,5375,1625,1500,9000
1827,125,375,5500,1625,1500,9125
1828,125,375,5375,1750,1500,9125
1829,125,500,5375,1625,1500,9125
1830,125,375,5250,1625,1500,8875
1831,125,375,5375,1625,1500,9000
1832,125,375,5250,1625,1500,8875
1833,0,375,5375,1750,1625,9125
1834,0,375,5375,1750,1625,9125
1835,0,375,5250,1625,1500,8750
1836,125,375,5500,1500,1625,9125
1837,125,375,5375,1625,1500,9000
1838,125,375,5250,1625,1500,8875
1839,125,375,5250,1625,1625,9000
1840,125,375,5375,1625,1500,9000
1841,125,375,5250,1750,1625,9125
1842,125,375,5250,1625,1500,8875
1843,125,375,5500,1625,1500,9125
1844,125,500,5500,1625,1500,9250
1845,125,375,5250,1625,1500,8875
1846,125,375,5375,1750,1500,9125
1847,125,375,5250,1625,1500,8875
1848,125,375,5375,1625,1500,9000
1849,125,375,5375,1750,1500,9125
1850,125,375,5250,1750,1500,9000
1851,125,375,5250,1625,1500,8875
1852,125,375,5375,1750,1500,9125
1853,0,375,5375,1625,1500,8875
1854,125,375,5375,1625,1625,9125
1855,125,375,5250,1625,1500,8875
1856,125,375,5375,1750,1500,9125
1857,125,375,5375,1750,1500,9125
1858,125,375,5375,1750,1500,9125
1859,125,375,5375,1625,1500,9000
1860,125,375,5250,1625,1500,8875
1861,125,375,5375,1625,1500,9000
1862,125,375,5375,1625,1500,9000
1863,125,500,5250,1625,1500,9000
1864,125,375,5250,1625,1500,8875
1865,125,375,5375,1625,1625,9125
1866,125,375,5375,1625,1625,9125
1867,125,375,5375,1750,1500,9125
1868,125,375,5375,1750,1625,9250
1869,0,375,5375,1750,1500,9000
1870,125,375,5375,1625,1375,8875
1871,125,375,5375,1625,1500,9000
1872,125,375,5375,1750,1500,9125
1873,125,375,5375,1625,1500,9000
1874,125,375,5250,1625,1500,8875
1875,125,375,5375,1750,1625,9250
1876,125,375,5250,1750,1500,9000
1877,125,375,5375,1625,1500,9000
1878,125,375,5375,1750,1500,9125
1879,125,375,5375,1625,1500,9000
1880,125,375,5375,1625,1500,9000
1881,125,375,5375,1750,1500,9125
1882,125,375,5250,1625,1500,8875
1883,0,375,5500,1750,1500,9125
1884,125,375,5375,1625,1500,9000
1885,125,500,5500,1750,1625,9500
1886,125,375,5250,1750,1625,9125
1887,125,375,5375,1750,1500,9125
1888,125,375,5250,1625,1500,8875
1889,125,500,5375,1625,1500,9125
1890,125,500,5375,1625,1500,9125
1891,125,375,5375,1625,1500,9000
1892,125,375,5375,1625,1500,9000
1893,125,375,5250,1625,1500,8875
1894,125,500,5375,1750,1500,9250
1895,125,375,5500,1625,1500,9125
1896,125,375,5375,1625,1500,9000
1897,0,375,5375,1625,1500,8875
1898,125,375,5250,1750,1500,9000
1899,125,375,5375,1625,1625,9125
1900,125,375,5250,1750,1625,9125
1901,125,375,5375,1750,1500,9125
1902,125,375,5375,1625,1500,9000
1903,125,375,5375,1750,1625,9250
1904,125,375,5250,1625,1500,8875
1905,125,375,5375,1625,1500,9000
1906,125,375,5250,1625,1500,8875
1907,125,375,6000,1875,1500,9875
1908,125,375,5625,1625,1500,9250
1909,125,375,5375,1625,1500,9000
1910,125,375,5375,1625,1500,9000
1911,125,375,5500,1625,1500,9125
1912,125,375,5375,1625,1500,9000
1913,125,375,5500,1625,1500,9125
1914,0,375,5375,1625,1500,8875
1915,125,375,5250,1625,1500,8875
1916,125,375,5375,1625,1375,8875
1917,0,375,5500,1750,1500,9125
1918,125,375,5375,1625,1500,9000
1919,125,500,5375,1625,1500,9125
1920,125,500,5250,1625,1500,9000
1921,0,375,5375,1750,1500,9000
1922,125,375,5375,1625,1500,9000
1923,125,500,5375,1750,1500,9250
1924,0,375,5375,1625,1500,8875
1925,125,375,5375,1625,1500,9000
1926,125,375,5250,1625,1500,8875
1927,125,375,5500,1750,1625,9375
1928,125,375,5125,1625,1500,8750
1929,125,375,5250,1625,1500,8875
1930,125,375,5375,1750,1625,9250
1931,125,375,5250,1625,1500,8875
1932,125,375,5250,1625,1500,8875
1933,125,375,5375,1625,1500,9000
1934,125,375,5250,1750,1625,9125
1935,0,375,5500,1625,1500,9000
1936,125,375,5500,1625,1500,9125
1937,125,500,5375,1625,1500,9125
1938,0,375,5375,1625,1500,8875
1939,125,375,5375,1625,1500,9000
1940,125,500,5375,1625,1500,9125
1941,125,375,5375,1625,1500,9000
1942,125,375,5375,1750,1500,9125
1943,125,500,5500,1625,1500,9250
1944,125,500,5375,1750,1500,9250
1945,125,375,5250,1625,1500,8875
1946,125,375,5375,1625,1500,9000
1947,125,375,5250,1625,1625,9000
1948,125,500,5375,1750,1500,9250
1949,125,375,5375,1750,1500,9125
1950,125,375,5375,1750,1625,9250
1951,125,375,5375,1625,1500,9000
1952,125,500,5375,1625,1500,9125
1953,125,375,5500,1625,1500,9125
1954,125,375,5375,1625,1500,9000
1955,125,375,5375,1750,1625,9250
1956,125,375,5375,1625,1500,9000
1957,0,375,5250,1625,1625,8875
1958,125,375,5375,1625,1375,8875
1959,125,375,5250,1750,1500,9000
1960,125,375,5250,1625,1500,8875
1961,125,375,5375,1625,1500,9000
1962,125,500,5375,1750,1500,9250
1963,125,375,5500,1750,1500,9250
1964,125,375,5375,1625,1625,9125
1965,125,375,5250,1625,1500,8875
1966,125,375,5250,1625,1500,8875
1967,125,375,5375,1625,1500,9000
1968,0,375,5250,1625,1500,8750
1969,125,375,5250,1625,1500,8875
1970,125,375,5375,1750,1625,9250
1971,125,375,5375,1625,1625,9125
1972,125,375,5375,1625,1500,9000
1973,125,375,5375,1750,1500,9125
1974,125,500,5375,1750,1500,9250
1975,125,375,5375,1625,1500,9000
1976,125,375,5250,1625,1500,8875
1977,125,375,5375,1750,1625,9250
1978,125,375,5250,1625,1500,8875
1979,125,375,5375,1625,1500,9000
1980,125,375,5250,1625,1500,8875
1981,125,375,5250,1625,1500,8875
1982,0,375,5375,1625,1500,8875
1983,125,375,5375,1750,1500,9125
1984,125,500,5250,1625,1500,9000
1985,0,375,5500,1625,1500,9000
1986,125,375,5250,1625,1500,8875
1987,0,375,5375,1625,1500,8875
1988,125,375,5375,1750,1500,9125
1989,125,375,5250,1625,1500,8875
1990,125,375,5250,1625,1500,8875
1991,125,375,5375,1625,1500,9000
1992,0,375,5500,1625,1500,9000
1993,125,375,5375,1625,1500,9000
1994,125,375,5375,1625,1500,9000
1995,125,375,5500,1750,1500,9250
1996,0,375,5375,1625,1500,8875
1997,125,375,5250,1625,1500,8875
1998,125,500,5250,1625,1500,9000
1999,125,375,5375,1625,1500,9000
2000,0,375,5500,1625,1500,9000
2001,125,375,5500,1750,1625,9375
2002,125,375,5500,1625,1500,9125
2003,125,375,5500,1625,1500,9125
2004,125,500,5375,1625,1500,9125
2005,125,375,5375,1750,1625,9250
2006,125,375,5375,1625,1500,9000
2007,125,375,5250,1750,1500,9000
2008,125,375,5375,1625,1500,9000
2009,125,375,5375,1750,1500,9125
2010,125,375,5375,1625,1500,9000
2011,125,500,5375,1625,1500,9125
2012,125,375,5375,1750,1625,9250
2013,0,375,5375,1625,1500,8875
2014,125,375,5500,1625,1375,9000
2015,125,375,5375,1750,1500,9125
2016,0,375,5375,1625,1500,8875
2017,125,500,5250,1625,1500,9000
2018,125,375,5250,1625,1500,8875
2019,0,375,5375,1625,1625,9000
2020,125,375,5375,1625,1500,9000
2021,125,375,5500,1625,1500,9125
2022,125,375,5375,1625,1625,9125
2023,125,375,5375,1625,1500,9000
2024,125,375,5375,1625,1500,9000
2025,125,375,5375,1750,1500,9125
2026,125,375,5375,1625,1500,9000
2027,125,375,5375,1625,1625,9125
2028,125,375,5250,1625,1500,8875
2029,125,375,5250,1625,1500,8875
2030,125,375,5250,1625,1500,8875
2031,0,375,5500,1625,1500,9000
2032,125,500,5375,1625,1500,9125
2033,125,375,6000,1750,1625,9875
2034,0,375,5500,1750,1500,9125
2035,125,375,5500,1750,1500,9250
2036,125,375,5375,1625,1625,9125
2037,125,375,5250,1625,1500,8875
2038,125,375,5375,1625,1500,9000
2039,125,375,5500,1750,1500,9250
2040,0,375,5500,1625,1500,9000
2041,125,375,5375,1625,1500,9000
2042,125,375,5375,1750,1500,9125
2043,125,375,5250,1625,1500,8875
2044,125,375,5250,1625,1500,8875
2045,125,375,5250,1625,1500,8875
2046,125,375,5375,1625,1500,9000
2047,125,375,5375,1750,1500,9125
2048,125,375,5250,1625,1625,9000
2049,0,375,5500,1625,1500,9000
2050,125,500,5375,1750,1500,9250
2051,125,375,5375,1750,1625,9250
2052,125,375,5375,1625,1500,9000
2053,125,375,5500,1625,1500,9125
2054,125,375,5375,1625,1625,9125
2055,125,375,5250,1625,1500,8875
2056,125,375,5375,1625,1500,9000
2057,125,375,5375,1625,1500,9000
2058,125,375,5250,1625,1500,8875
2059,125,375,5375,1750,1625,9250
2060,0,375,5375,1625,1375,8750
2061,125,375,5250,1625,1500,8875
2062,125,500,5250,1625,1500,9000
2063,125,375,5250,1750,1500,9000
2064,125,375,5375,1625,1500,9000
2065,125,375,5375,1750,1500,9125
2066,0,375,5500,1625,1500,9000
2067,125,375,5375,1625,1500,9000
2068,125,375,5375,1625,1625,9125
2069,125,375,5375,1750,1500,9125
2070,125,500,5375,1625,1625,9250
2071,125,375,5250,1625,1500,8875
2072,125,375,5375,1625,1500,9000
2073,125,375,5500,1625,1500,9125
2074,125,375,5375,1750,1500,9125
2075,125,375,5375,1750,1500,9125
2076,125,375,5375,1625,1500,9000
2077,125,375,5250,1625,1500,8875
2078,125,375,5500,1625,1500,9125
2079,125,375,5375,1625,1500,9000
2080,125,375,5375,1625,1500,9000
2081,125,375,5375,1625,1500,9000
2082,125,375,5375,1750,1500,9125
2083,125,375,5250,1625,1500,8875
2084,125,375,5250,1750,1500,9000
2085,125,375,5500,1625,1500,9125
2086,125,375,5375,1625,1500,9000
2087,125,500,5375,1625,1500,9125
2088,125,500,5375,1625,1625,9250
2089,0,375,5375,1625,1500,8875
2090,125,375,5375,1625,1500,9000
2091,125,375,5375,1625,1500,9000
2092,125,375,5250,1625,1625,9000
2093,125,375,5375,1625,1500,9000
2094,125,375,5375,1750,1500,9125
2095,125,375,5250,1625,1500,8875
2096,0,375,5375,1625,1500,8875
2097,125,375,5375,1625,1500,9000
2098,125,500,5375,1625,1500,9125
2099,125,375,5500,1625,1500,9125
2100,125,375,5375,1625,1500,9000
2101,125,375,5375,1750,1625,9250
2102,125,375,5375,1625,1500,9000
2103,0,375,5500,1625,1500,9000
2104,125,375,5375,1750,1500,9125
2105,125,375,5375,1625,1500,9000
2106,125,375,5250,1625,1375,8750
2107,125,375,5375,1750,1375,9000
2108,125,375,5250,1625,1500,8875
2109,125,375,7500,2000,1875,11875
2110,0,375,5750,1750,1500,9375
2111,125,375,5500,1750,1500,9250
2112,125,500,5500,1750,1500,9375
2113,125,375,5250,1750,1500,9000
2114,125,375,5375,1625,1625,9125
2115,0,375,5375,1750,1625,9125
2116,125,375,5375,1625,1500,9000
2117,125,375,5375,1750,1500,9125
2118,125,500,5500,1625,1500,9250
2119,125,375,5375,1625,1500,9000
2120,125,375,5375,1625,1500,9000
2121,125,375,5375,1625,1500,9000
2122,125,375,5375,1625,1500,9000
2123,125,500,5250,1625,1500,9000
2124,125,500,5375,1750,1500,9250
2125,125,500,5375,1750,1500,9250
2126,125,375,5375,1625,1500,9000
2127,125,375,5375,1625,1500,9000
2128,125,375,5375,1625,1500,9000
2129,125,500,5375,1625,1500,9125
2130,125,375,5375,1625,1500,9000
2131,125,375,5500,1625,1500,9125
2132,125,375,5375,1750,1500,9125
2133,125,375,5375,1750,1500,9125
2134,125,375,5375,1625,1500,9000
2135,125,500,5375,1750,1500,9250
2136,0,375,5375,1750,1625,9125
2137,125,375,5250,1625,1500,8875
2138,125,375,5375,1625,1500,9000
2139,125,375,5375,1750,1500,9125
2140,125,375,5375,1625,1500,9000
2141,125,375,5375,1625,1500,9000
2142,125,375,5375,1625,1625,9125
2143,125,375,5500,1750,1500,9250
2144,125,375,5375,1750,1500,9125
2145,125,500,5375,1625,1500,9125
2146,125,375,5375,1625,1500,9000
2147,125,500,5250,1625,1500,9000
2148,125,375,5250,1625,1500,8875
2149,125,375,5375,1625,1500,9000
2150,125,375,5375,1750,1500,9125
2151,125,375,5375,1750,1625,9250
2152,125,375,5250,1750,1625,9125
2153,0,375,5500,1625,1625,9125
2154,0,375,5375,1625,1625,9000
2155,0,375,5500,1750,1500,9125
2156,125,375,5250,1625,1500,8875
2157,125,375,5250,1750,1500,9000
2158,125,375,6125,1875,1625,10125
2159,125,375,5500,1750,1500,9250
2160,125,375,5500,1750,1375,9125
2161,125,375,5375,1750,1500,9125
2162,125,500,5250,1625,1500,9000
2163,125,375,5375,1625,1500,9000
2164,125,375,5375,1625,1500,9000
2165,125,375,5375,1625,1500,9000
2166,125,375,5375,1750,1625,9250
2167,125,375,5375,1625,1500,9000
2168,125,375,5375,1625,1500,9000
2169,125,375,5375,1750,1625,9250
2170,125,375,5375,1750,1500,9125
2171,125,375,5250,1625,1625,9000
2172,125,375,5250,1625,1500,8875
2173,125,375,5500,1750,1500,9250
2174,125,375,5375,1750,1500,9125
2175,0,375,5125,1625,1500,8625
2176,125,375,5375,1750,1500,9125
2177,0,375,5375,1750,1625,9125
2178,125,375,5375,1750,1500,9125
2179,125,375,5500,1750,1500,9250
2180,125,375,5250,1625,1625,9000
2181,125,375,5375,1625,1500,9000
2182,125,375,5250,1625,1500,8875
2183,125,375,5375,1625,1500,9000
2184,125,500,5375,1750,1500,9250
2185,0,375,5375,1625,1500,8875
2186,125,375,5250,1625,1500,8875
2187,125,500,5250,1625,1500,9000
2188,125,375,5375,1750,1500,9125
2189,125,500,5250,1625,1500,9000
2190,125,375,5375,1625,1500,9000
2191,125,375,5250,1625,1500,8875
2192,125,375,5375,1750,1625,9250
2193,0,375,5375,1625,1625,9000
2194,125,375,5375,1750,1500,9125
2195,125,375,5375,1750,1500,9125
2196,0,375,5375,1750,1500,9000
2197,125,375,5375,1625,1500,9000
2198,125,375,5375,1750,1500,9125
2199,125,375,5500,1625,1500,9125
2200,0,375,5375,1625,1500,8875
2201,125,375,5375,1750,1625,9250
2202,125,375,5250,1625,1500,8875
2203,125,375,5250,1750,1625,9125
2204,125,375,5375,1625,1500,9000
2205,125,375,5375,1750,1500,9125
2206,125,375,5375,1625,1500,9000
2207,125,500,5375,1625,1500,9125
2208,125,375,5375,1625,1500,9000
2209,125,375,5250,1625,1625,9000
2210,0,375,5500,1750,1500,9125
2211,125,375,5500,1625,1500,9125
2212,125,375,5375,1750,1625,9250
2213,0,375,5375,1750,1500,9000
2214,125,375,5375,1625,1500,9000
2215,125,500,5250,1625,1500,9000
2216,0,375,5500,1625,1500,9000
2217,125,500,5375,1625,1500,9125
2218,125,500,5375,1625,1500,9125
2219,125,375,5375,1750,1625,9250
2220,125,375,5375,1750,1500,9125
2221,125,375,5375,1625,1625,9125
2222,125,375,5250,1750,1500,9000
2223,125,375,5375,1750,1625,9250
2224,125,375,5250,1625,1500,8875
2225,125,375,5375,1750,1500,9125
2226,125,375,5250,1625,1625,9000
2227,125,375,5500,1625,1500,9125
2228,125,375,5375,1750,1625,9250
2229,125,375,5250,1625,1500,8875
2230,125,375,5250,1625,1500,8875
2231,0,375,5375,1750,1500,9000
2232,125,500,5375,1625,1500,9125
2233,125,375,5250,1625,1500,8875
2234,125,375,5375,1625,1500,9000
2235,0,375,5500,1625,1500,9000
2236,125,375,5250,1625,1500,8875
2237,125,375,5375,1750,1500,9125
2238,125,375,5250,1625,1500,8875
2239,125,375,5375,1625,1500,9000
2240,125,375,5375,1750,1500,9125
2241,125,375,5375,1625,1500,9000
2242,125,375,5375,1625,1500,9000
2243,125,375,5375,1750,1500,9125
2244,125,500,5375,1625,1500,9125
2245,125,375,5375,1625,1500,9000
2246,0,375,5375,1625,1500,8875
2247,125,375,5500,1625,1500,9125
2248,125,375,5375,1750,1500,9125
2249,125,375,5375,1750,1500,9125
2250,0,375,5375,1625,1500,8875
2251,125,500,5500,1625,1500,9250
2252,125,375,5375,1625,1500,9000
2253,125,375,5375,1750,1625,9250
2254,125,375,5375,1625,1625,9125
2255,125,375,5375,1750,1625,9250
2256,125,375,5375,1625,1500,9000
2257,125,375,5375,1750,1500,9125
2258,125,375,5375,1750,1500,9125
2259,125,375,5250,1625,1500,8875
2260,125,375,5375,1625,1500,9000
2261,125,375,5375,1750,1625,9250
2262,0,375,5375,1625,1625,9000
2263,125,375,5375,1750,1500,9125
2264,125,375,5375,1750,1500,9125
2265,125,375,5500,1625,1500,9125
2266,125,375,5375,1750,1500,9125
2267,125,500,5375,1750,1500,9250
2268,125,375,5500,1625,1500,9125
2269,125,375,5375,1750,1625,9250
2270,0,375,5500,1750,1500,9125
2271,125,375,5250,1625,1625,9000
2272,125,375,5375,1625,1625,9125
2273,125,500,5375,1750,1500,9250
2274,125,375,5250,1625,1500,8875
2275,125,375,5375,1750,1500,9125
2276,125,375,5375,1625,1500,9000
2277,0,375,5500,1750,1500,9125
2278,125,375,5375,1625,1625,9125
2279,125,500,5375,1750,1500,9250
2280,125,500,5375,1750,1625,9375
2281,125,375,5375,1750,1500,9125
2282,125,375,5250,1625,1500,8875
2283,0,375,5875,1750,1625,9625
2284,125,375,5500,1625,1500,9125
2285,125,375,5250,1750,1500,9000
2286,125,375,5250,1625,1500,8875
2287,125,375,5375,1750,1625,9250
2288,125,375,5250,1625,1500,8875
2289,125,375,5375,1750,1500,9125
2290,0,375,5500,1625,1500,9000
2291,125,375,5375,1625,1500,9000
2292,125,375,5375,1625,1500,9000
2293,125,375,5500,1625,1500,9125
2294,125,375,5375,1750,1500,9125
2295,125,375,5375,1625,1500,9000
2296,125,375,5250,1625,1500,8875
2297,125,375,5250,1625,1500,8875
2298,125,375,5375,1625,1500,9000
2299,125,375,5375,1625,1500,9000
2300,125,375,5375,1750,1500,9125
2301,125,375,5250,1625,1500,8875
2302,125,375,5375,1625,1500,9000
2303,125,375,5375,1625,1500,9000
2304,125,375,5500,1625,1500,9125
2305,125,375,5375,1625,1500,9000
2306,125,375,5375,1625,1375,8875
2307,125,375,5500,1625,1500,9125
2308,0,375,5375,1625,1500,8875
2309,125,375,5375,1625,1500,9000
2310,125,375,5375,1750,1500,9125
2311,0,375,5500,1625,1500,9000
2312,125,375,5250,1625,1500,8875
2313,125,375,5500,1625,1625,9250
2314,125,375,5500,1750,1500,9250
2315,125,500,5375,1750,1500,9250
2316,0,375,5500,1625,1500,9000
2317,125,375,5375,1750,1500,9125
2318,125,375,5500,1750,1500,9250
2319,125,375,5375,1625,1500,9000
2320,125,375,5375,1750,1500,9125
2321,0,375,5250,1625,1500,8750
2322,125,500,5375,1625,1500,9125
2323,125,375,5250,1625,1500,8875
2324,125,500,5375,1750,1625,9375
2325,0,375,5250,1625,1500,8750
2326,125,375,5375,1625,1500,9000
2327,125,375,5375,1625,1500,9000
2328,125,375,5375,1750,1625,9250
2329,125,375,5500,1625,1500,9125
2330,0,375,5375,1750,1500,9000
2331,0,375,5500,1625,1500,9000
2332,125,500,5375,1750,1500,9250
2333,125,375,5250,1625,1500,8875
2334,125,375,5375,1625,1500,9000
2335,125,375,5500,1750,1500,9250
2336,0,375,5375,1750,1625,9125
2337,125,375,5375,1625,1500,9000
2338,0,375,5375,1625,1500,8875
2339,125,375,5375,1625,1500,9000
2340,125,375,5500,1625,1500,9125
2341,125,375,5250,1625,1625,9000
2342,125,375,5125,1625,1500,8750
2343,125,375,5250,1625,1625,9000
2344,125,375,5375,1750,1500,9125
2345,125,375,5250,1625,1500,8875
2346,125,375,5250,1625,1500,8875
2347,125,375,5250,1625,1625,9000
2348,125,375,5375,1750,1625,9250
2349,125,375,5375,1625,1500,9000
2350,125,375,5250,1750,1500,9000
2351,125,375,5375,1625,1500,9000
2352,125,375,5375,1750,1625,9250
2353,125,375,5375,1625,1500,9000
2354,125,375,5375,1750,1500,9125
2355,125,375,5375,1625,1500,9000
2356,125,375,5375,1625,1500,9000
2357,125,500,5250,1625,1500,9000
2358,0,375,5500,1750,1500,9125
2359,125,375,5375,1750,1500,9125
2360,125,500,5375,1750,1500,9250
2361,125,375,5375,1750,1500,9125
2362,125,375,5375,1750,1625,9250
2363,0,375,5375,1625,1625,9000
2364,125,375,5250,1625,1625,9000
2365,0,375,5500,1625,1500,9000
2366,125,375,5375,1750,1625,9250
2367,125,375,5250,1625,1375,8750
2368,0,375,5375,1750,1500,9000
2369,125,375,5375,1625,1500,9000
2370,125,375,5250,1750,1500,9000
2371,125,375,5375,1625,1500,9000
2372,0,375,5500,1750,1625,9250
2373,125,375,5500,1750,1500,9250
2374,125,375,5250,1625,1500,8875
2375,125,375,5250,1625,1375,8750
2376,125,375,5375,1625,1500,9000
2377,125,375,5375,1625,1500,9000
2378,125,375,5375,1750,1500,9125
2379,125,375,5375,1625,1500,9000
2380,125,375,5250,1625,1500,8875
2381,125,375,5375,1625,1500,9000
2382,125,375,5375,1625,1500,9000
2383,125,375,5250,1625,1500,8875
2384,125,375,5375,1625,1500,9000
2385,125,375,5500,1750,1500,9250
2386,125,375,5375,1625,1500,9000
2387,125,375,5250,1625,1500,8875
2388,125,375,5375,1750,1625,9250
2389,125,375,5375,1750,1625,9250
2390,0,375,5500,1750,1500,9125
2391,125,500,5375,1625,1500,9125
2392,125,375,5375,1750,1500,9125
2393,125,375,5375,1750,1500,9125
2394,125,375,5250,1750,1500,9000
2395,125,375,5375,1750,1500,9125
2396,125,500,5375,1625,1500,9125
2397,125,375,5250,1750,1500,9000
2398,125,375,5375,1625,1500,9000
2399,125,375,5250,1750,1625,9125
2400,0,375,5375,1750,1500,9000
2401,125,375,5375,1750,1625,9250
2402,125,375,5375,1750,1500,9125
2403,125,375,5375,1750,1625,9250
2404,125,375,5500,1625,1500,9125
2405,125,375,5250,1625,1500,8875
2406,125,375,5500,1750,1500,9250
2407,125,375,5500,1625,1500,9125
2408,125,375,6125,1875,1625,10125
2409,125,375,5375,1625,1500,9000
2410,125,375,5500,1625,1500,9125
2411,125,375,5250,1750,1500,9000
2412,125,375,5375,1625,1500,9000
2413,125,500,5250,1625,1500,9000
2414,125,375,5500,1625,1500,9125
2415,125,375,5375,1750,1500,9125
2416,0,375,5500,1625,1500,9000
2417,125,375,5375,1750,1500,9125
2418,0,375,5375,1625,1500,8875
2419,125,375,5500,1625,1500,9125
2420,125,375,5375,1625,1500,9000
2421,125,375,5375,1625,1500,9000
2422,125,375,5375,1750,1500,9125
2423,125,375,5375,1625,1500,9000
2424,125,375,5375,1625,1625,9125
2425,125,375,5375,1750,1500,9125
2426,125,375,5375,1625,1500,9000
2427,125,500,5375,1750,1625,9375
2428,0,375,5500,1750,1500,9125
2429,125,375,5375,1625,1500,9000
2430,125,375,5375,1750,1500,9125
2431,125,375,5375,1625,1500,9000
2432,125,375,5375,1750,1500,9125
2433,125,375,5375,1625,1500,9000
2434,125,375,5250,1625,1500,8875
2435,125,375,5250,1750,1625,9125
2436,125,375,5375,1625,1500,9000
2437,125,375,5125,1625,1500,8750
2438,125,500,5375,1625,1500,9125
2439,125,375,5375,1625,1500,9000
2440,125,375,5375,1750,1500,9125
2441,125,375,5375,1625,1625,9125
2442,125,375,5500,1750,1625,9375
2443,125,375,5375,1750,1625,9250
2444,125,375,5250,1625,1500,8875
2445,125,500,5375,1750,1625,9375
2446,125,375,5375,1750,1500,9125
2447,125,375,5375,1625,1500,9000
2448,125,375,5375,1750,1625,9250
2449,125,375,5375,1750,1500,9125
2450,125,375,5375,1625,1500,9000
2451,125,375,5375,1625,1500,9000
2452,125,500,16500,1750,1625,20500
2453,125,375,5500,1625,1500,9125
2454,0,375,5625,1625,1500,9125
2455,125,375,5625,1625,1500,9250
2456,125,375,5375,1750,1500,9125
2457,125,375,5375,1625,1500,9000
2458,125,375,5375,1625,1500,9000
2459,125,375,5375,1625,1500,9000
2460,125,375,5250,1625,1500,8875
2461,125,500,5375,1625,1500,9125
2462,0,375,5375,1750,1500,9000
2463,125,375,5375,1625,1500,9000
2464,0,375,5375,1625,1500,8875
2465,125,500,5375,1750,1625,9375
2466,125,375,5250,1625,1500,8875
2467,125,500,5375,1625,1625,9250
2468,125,375,5250,1625,1625,9000
2469,125,375,5500,1750,1500,9250
2470,125,375,5375,1750,1500,9125
2471,125,375,5250,1625,1500,8875
2472,125,375,5250,1625,1500,8875
2473,125,375,5250,1625,1500,8875
2474,125,375,5250,1625,1500,8875
2475,125,375,5375,1750,1625,9250
2476,125,375,5375,1625,1500,9000
2477,125,375,5375,1750,1500,9125
2478,125,375,5375,1625,1500,9000
2479,125,375,5500,1750,1625,9375
2480,0,375,5500,1625,1500,9000
2481,125,375,5500,1750,1625,9375
2482,125,375,5375,1750,1500,9125
2483,125,375,5375,1625,1500,9000
2484,125,375,5375,1750,1625,9250
2485,125,375,5250,1750,1500,9000
2486,125,375,5250,1750,1625,9125
2487,125,375,5375,1750,1625,9250
2488,125,375,5375,1625,1500,9000
2489,125,375,5375,1625,1500,9000
2490,0,375,5250,1750,1500,8875
2491,125,375,5250,1625,1500,8875
2492,125,500,5375,1625,1500,9125
2493,125,500,5375,1750,1500,9250
2494,125,375,5375,1625,1500,9000
2495,125,375,5375,1625,1500,9000
2496,125,375,5375,1625,1625,9125
2497,125,375,5250,1750,1500,9000
2498,0,375,5375,1750,1625,9125
2499,125,375,5250,1625,1500,8875
2500,125,375,5375,1750,1500,9125
2501,125,375,5375,1625,1500,9000
2502,125,375,5375,1625,1500,9000
2503,125,375,5375,1750,1625,9250
2504,0,375,5250,1625,1500,8750
2505,125,375,5375,1750,1625,9250
2506,0,375,5375,1750,1625,9125
2507,125,375,5500,1625,1500,9125
2508,125,375,5375,1625,1625,9125
2509,125,375,5375,1750,1500,9125
2510,125,375,5375,1750,1500,9125
2511,125,375,5375,1625,1500,9000
2512,125,500,5375,1750,1625,9375
2513,125,375,5500,1625,1500,9125
2514,125,375,5375,1625,1500,9000
2515,125,375,5375,1750,1500,9125
2516,0,375,5500,1625,1500,9000
2517,125,375,5375,1625,1500,9000
2518,125,375,5250,1625,1500,8875
2519,125,375,5375,1625,1500,9000
2520,125,375,5375,1750,1500,9125
2521,125,375,5250,1625,1500,8875
2522,125,375,5250,1625,1500,8875
2523,125,375,5250,1625,1500,8875
2524,125,375,5375,1625,1500,9000
2525,125,375,5375,1750,1500,9125
2526,125,375,5375,1625,1500,9000
2527,125,500,5375,1625,1500,9125
2528,125,375,5375,1625,1500,9000
2529,125,375,5250,1750,1500,9000
2530,0,375,5500,1625,1500,9000
2531,125,375,5375,1750,1625,9250
2532,0,375,5500,1750,1500,9125
2533,0,375,5875,1750,1500,9500
2534,125,375,5500,1750,1500,9250
2535,125,500,5500,1750,1625,9500
2536,125,375,5500,1750,1625,9375
2537,0,375,5500,1750,1500,9125
2538,125,375,5375,1750,1500,9125
2539,125,375,5375,1750,1500,9125
2540,125,375,5375,1750,1625,9250
2541,125,375,5500,1625,1500,9125
2542,125,375,5250,1625,1500,8875
2543,125,375,5250,1750,1500,9000
2544,125,500,5375,1625,1500,9125
2545,125,375,5250,1750,1500,9000
2546,125,375,5250,1625,1500,8875
2547,125,500,5375,1625,1625,9250
2548,0,375,5250,1625,1500,8750
2549,125,375,5250,1625,1500,8875
2550,125,375,5375,1625,1500,9000
2551,125,375,5375,1625,1500,9000
2552,125,375,5250,1625,1500,8875
2553,0,375,5375,1625,1500,8875
2554,125,500,5375,1625,1500,9125
2555,125,375,5250,1625,1500,8875
2556,125,375,5375,1750,1500,9125
2557,125,375,5375,1625,1500,9000
2558,125,500,5375,1750,1500,9250
2559,125,500,5375,1750,1625,9375
2560,125,375,5375,1750,1500,9125
2561,125,375,5500,1750,1500,9250
2562,125,375,5375,1750,1625,9250
2563,125,375,5250,1625,1500,8875
2564,125,375,5375,1750,1625,9250
2565,125,375,5375,1750,1500,9125
2566,125,375,5500,1625,1500,9125
2567,125,375,5375,1625,1625,9125
2568,0,375,5375,1625,1500,8875
2569,125,375,5375,1750,1500,9125
2570,125,375,5500,1625,1500,9125
2571,125,375,5375,1625,1500,9000
2572,125,375,5375,1625,1500,9000
2573,125,375,5250,1625,1500,8875
2574,0,375,5375,1625,1625,9000
2575,125,375,5375,1625,1500,9000
2576,125,375,5250,1625,1625,9000
2577,125,375,5375,1750,1500,9125
2578,125,375,5500,1625,1500,9125
2579,125,375,5375,1625,1500,9000
2580,125,375,5250,1625,1500,8875
2581,125,500,5500,1625,1500,9250
2582,125,375,5375,1625,1500,9000
2583,125,375,5250,1625,1625,9000
2584,0,375,5500,1625,1500,9000
2585,125,375,5375,1750,1500,9125
2586,125,375,5250,1750,1500,9000
2587,0,375,5250,1625,1500,8750
2588,125,375,5250,1625,1500,8875
2589,125,375,5375,1750,1500,9125
2590,125,375,5125,1625,1500,8750
2591,125,375,5250,1625,1500,8875
2592,125,375,5375,1750,1500,9125
2593,125,375,5250,1625,1500,8875
2594,125,375,5375,1750,1500,9125
2595,125,375,5375,1625,1500,9000
2596,125,375,5250,1625,1500,8875
2597,125,375,5250,1750,1500,9000
2598,0,375,5500,1625,1500,9000
2599,0,375,5375,1750,1625,9125
2600,125,375,5500,1750,1625,9375
2601,0,375,5375,1625,1500,8875
2602,125,500,5375,1625,1500,9125
2603,125,375,5375,1625,1500,9000
2604,125,375,5250,1625,1500,8875
2605,125,500,5250,1625,1500,9000
2606,125,375,5250,1625,1500,8875
2607,125,375,5500,1750,1500,9250
2608,125,375,5375,1625,1500,9000
2609,125,375,5250,1750,1500,9000
2610,125,375,5375,1750,1500,9125
2611,125,375,5250,1625,1500,8875
2612,125,375,5500,1625,1500,9125
2613,125,375,5375,1750,1500,9125
2614,125,375,5375,1750,1500,9125
2615,125,375,5375,1750,1500,9125
2616,125,375,5375,1750,1500,9125
2617,125,375,5375,1750,1500,9125
2618,125,375,5250,1625,1500,8875
2619,125,375,5250,1625,1500,8875
2620,125,375,5375,1750,1500,9125
2621,125,375,5375,1750,1625,9250
2622,125,500,5375,1625,1625,9250
2623,125,375,5250,1750,1625,9125
2624,125,375,5250,1625,1500,8875
2625,125,375,5250,1625,1500,8875
2626,125,375,5250,1625,1500,8875
2627,125,375,5250,1750,1500,9000
2628,125,375,5250,1625,1500,8875
2629,0,375,5500,1750,1625,9250
2630,125,375,5500,1750,1500,9250
2631,125,375,5375,1750,1500,9125
2632,125,375,5375,1750,1500,9125
2633,125,375,5375,1625,1500,9000
2634,125,375,5375,1750,1500,9125
2635,125,375,5375,1625,1625,9125
2636,0,375,5500,1625,1625,9125
2637,125,375,5250,1750,1625,9125
2638,125,375,5375,1625,1500,9000
2639,125,500,5375,1625,1500,9125
2640,0,375,5375,1625,1500,8875
2641,125,375,5375,1625,1500,9000
2642,125,375,5375,1625,1500,9000
2643,0,375,5375,1625,1500,8875
2644,0,375,5375,1625,1500,8875
2645,0,375,5375,1750,1500,9000
2646,0,375,5375,1625,1500,8875
2647,125,375,5375,1625,1500,9000
2648,0,375,5375,1625,1500,8875
2649,125,375,5500,1625,1625,9250
2650,125,375,5375,1625,1500,9000
2651,0,375,5375,1750,1500,9000
2652,125,500,5375,1625,1500,9125
2653,125,375,5375,1625,1625,9125
2654,125,375,5500,1625,1500,9125
2655,125,375,5375,1625,1625,9125
2656,125,375,5375,1625,1500,9000
2657,125,375,5250,1750,1500,9000
2658,125,375,6375,1875,1625,10375
2659,125,375,5500,1750,1500,9250
2660,125,375,5375,1625,1625,9125
2661,125,375,5500,1750,1625,9375
2662,125,375,5375,1625,1500,9000
2663,125,375,5500,1625,1500,9125
2664,125,375,5375,1625,1500,9000
2665,125,375,5500,1625,1500,9125
2666,125,375,5250,1625,1500,8875
2667,125,375,5375,1750,1500,9125
2668,125,375,5375,1750,1500,9125
2669,125,500,5250,1625,1500,9000
2670,125,375,5375,1750,1500,9125
2671,125,375,5375,1625,1500,9000
2672,125,375,5375,1625,1500,9000
2673,125,375,5375,1750,1500,9125
2674,125,375,5375,1625,1500,9000
2675,125,375,5250,1750,1500,9000
2676,125,375,5500,1625,1500,9125
2677,0,375,5375,1625,1500,8875
2678,125,375,5375,1625,1500,9000
2679,125,375,5250,1625,1500,8875
2680,125,375,5375,1625,1500,9000
2681,125,375,5375,1750,1500,9125
2682,125,375,5375,1750,1625,9250
2683,125,375,5375,1750,1625,9250
2684,0,375,5375,1625,1625,9000
2685,0,375,5500,1625,1500,9000
2686,125,375,5375,1750,1625,9250
2687,125,375,5375,1625,1500,9000
2688,0,375,5375,1625,1500,8875
2689,125,375,5375,1750,1500,9125
2690,125,375,5375,1750,1500,9125
2691,125,375,5375,1625,1500,9000
2692,125,375,5375,1750,1625,9250
2693,125,375,5250,1625,1500,8875
2694,125,375,5250,1625,1500,8875
2695,125,375,5375,1625,1500,9000
2696,0,375,5375,1625,1500,8875
2697,125,375,5375,1750,1500,9125
2698,125,375,5250,1625,1625,9000
2699,125,375,5375,1750,1625,9250
2700,125,375,5375,1750,1500,9125
2701,125,500,5250,1625,1500,9000
2702,125,375,5375,1625,1500,9000
2703,125,375,5250,1625,1625,9000
2704,0,375,5375,1625,1500,8875
2705,125,375,5375,1625,1500,9000
2706,0,375,5375,1625,1625,9000
2707,125,375,5375,1750,1625,9250
2708,125,375,5500,1625,1375,9000
2709,0,375,5250,1625,1500,8750
2710,125,500,5375,1625,1500,9125
2711,125,500,5375,1750,1500,9250
2712,125,375,5375,1750,1625,9250
2713,0,375,5250,1625,1500,8750
2714,125,375,5375,1625,1500,9000
2715,125,375,5500,1750,1625,9375
2716,0,375,5375,1750,1500,9000
2717,125,375,5250,1750,1500,9000
2718,125,500,5375,1625,1500,9125
2719,0,375,5375,1750,1625,9125
2720,125,500,5375,1625,1625,9250
2721,125,375,5375,1625,1500,9000
2722,125,375,5375,1750,1625,9250
2723,125,375,5500,1625,1500,9125
2724,125,375,5375,1750,1625,9250
2725,125,375,5375,1750,1500,9125
2726,125,375,5375,1625,1500,9000
2727,125,375,5375,1750,1500,9125
2728,125,375,5250,1625,1375,8750
2729,0,375,5375,1750,1625,9125
2730,0,375,5375,1750,1500,9000
2731,125,500,5250,1625,1500,9000
2732,0,375,5375,1625,1500,8875
2733,125,375,5375,1750,1500,9125
2734,125,375,5375,1625,1500,9000
2735,0,375,5375,1625,1500,8875
2736,125,375,5375,1625,1500,9000
2737,125,375,5250,1750,1500,9000
2738,125,375,5500,1750,1625,9375
2739,125,375,5375,1625,1500,9000
2740,125,375,5250,1625,1500,8875
2741,125,375,5375,1750,1500,9125
2742,125,500,5375,1625,1500,9125
2743,0,375,5375,1625,1500,8875
2744,125,375,5500,1750,1500,9250
2745,125,375,5250,1625,1500,8875
2746,125,375,5375,1625,1500,9000
2747,125,375,5375,1625,1500,9000
2748,125,375,5375,1750,1500,9125
2749,125,375,5375,1625,1500,9000
2750,125,500,5250,1750,1500,9125
2751,125,375,5250,1625,1625,9000
2752,0,375,5500,1625,1500,9000
2753,125,375,5250,1750,1500,9000
2754,125,375,5250,1750,1500,9000
2755,125,375,5375,1750,1500,9125
2756,0,375,5375,1625,1500,8875
2757,125,375,5375,1625,1500,9000
2758,125,375,5375,1625,1500,9000
2759,0,375,5375,1625,1500,8875
2760,125,375,5375,1625,1625,9125
2761,125,375,5375,1750,1500,9125
2762,125,375,5375,1750,1625,9250
2763,125,375,5375,1750,1500,9125
2764,125,375,5375,1750,1625,9250
2765,125,375,5500,1625,1500,9125
2766,125,500,5375,1625,1500,9125
2767,0,375,5500,1750,1625,9250
2768,125,500,5250,1625,1625,9125
2769,125,375,5250,1750,1500,9000
2770,125,375,5375,1625,1500,9000
2771,125,375,5250,1750,1625,9125
2772,0,375,5375,1750,1500,9000
2773,125,375,5375,1750,1500,9125
2774,125,375,5375,1625,1375,8875
2775,125,375,5375,1750,1625,9250
2776,125,375,5500,1750,1500,9250
2777,125,375,5500,1750,1500,9250
2778,125,375,5375,1750,1500,9125
2779,125,375,5375,1625,1500,9000
2780,125,375,5375,1625,1500,9000
2781,125,375,5375,1750,1500,9125
2782,125,375,5375,1625,1500,9000
2783,0,375,6000,2000,1500,9875
2784,125,375,5500,1750,1500,9250
2785,125,375,5375,1750,1500,9125
2786,0,375,5375,1625,1500,8875
2787,125,500,5375,1750,1500,9250
2788,125,375,5250,1625,1500,8875
2789,0,375,5500,1625,1500,9000
2790,125,375,5375,1625,1500,9000
2791,125,375,5250,1625,1500,8875
2792,0,375,5375,1625,1500,8875
2793,125,500,5375,1625,1500,9125
2794,125,375,5375,1750,1625,9250
2795,125,375,5250,1625,1500,8875
2796,125,375,6250,1875,1625,10250
2797,125,375,5500,1750,1625,9375
2798,125,375,5500,1750,1500,9250
2799,125,375,5375,1625,1500,9000
2800,125,375,5375,1625,1500,9000
2801,125,375,5500,1750,1500,9250
2802,125,500,5375,1750,1625,9375
2803,125,375,5375,1625,1500,9000
2804,125,375,5375,1625,1500,9000
2805,125,375,5375,1750,1500,9125
2806,125,375,5375,1750,1500,9125
2807,125,375,5375,1625,1500,9000
2808,125,375,5250,1750,1500,9000
2809,125,375,5250,1625,1500,8875
2810,125,375,5375,1625,1500,9000
2811,125,375,5500,1750,1500,9250
2812,125,375,5375,1625,1625,9125
2813,0,375,5500,1625,1500,9000
2814,125,375,5375,1625,1500,9000
2815,125,500,5375,1625,1500,9125
2816,125,500,5375,1750,1500,9250
2817,125,375,5375,1625,1500,9000
2818,125,375,5375,1750,1500,9125
2819,125,375,5500,1625,1500,9125
2820,125,375,5375,1625,1625,9125
2821,125,375,5500,1625,1500,9125
2822,125,375,5375,1625,1500,9000
2823,125,375,5375,1625,1625,9125
2824,0,375,5375,1750,1625,9125
2825,125,375,5375,1625,1500,9000
2826,0,375,5250,1625,1500,8750
2827,0,375,5500,1625,1500,9000
2828,125,375,5375,1750,1500,9125
2829,125,375,5375,1625,1500,9000
2830,125,375,5250,1625,1500,8875
2831,125,375,5250,1625,1500,8875
2832,0,375,5375,1625,1500,8875
2833,125,375,5375,1750,1625,9250
2834,125,375,5500,1750,1625,9375
2835,125,375,5375,1750,1625,9250
2836,0,375,5500,1750,1500,9125
2837,0,375,5375,1625,1500,8875
2838,125,375,5375,1625,1500,9000
2839,125,375,5375,1625,1500,9000
2840,125,500,5375,1625,1500,9125
2841,125,375,5250,1625,1500,8875
2842,125,375,5375,1750,1500,9125
2843,125,500,5375,1750,1500,9250
2844,125,375,5250,1625,1500,8875
2845,125,375,5250,1625,1500,8875
2846,125,375,5375,1750,1625,9250
2847,0,375,5375,1750,1625,9125
2848,125,375,5375,1750,1500,9125
2849,125,500,5375,1625,1500,9125
2850,125,375,5250,1625,1500,8875
2851,125,375,5375,1625,1500,9000
2852,125,375,5375,1625,1500,9000
2853,125,500,5250,1750,1500,9125
2854,125,375,5375,1625,1500,9000
2855,125,375,5375,1625,1500,9000
2856,125,375,5375,1625,1500,9000
2857,0,375,5500,1625,1500,9000
2858,125,500,5375,1625,1500,9125
2859,0,375,5375,1625,1500,8875
2860,125,375,5250,1625,1500,8875
2861,0,375,5500,1625,1500,9000
2862,125,375,5250,1625,1500,8875
2863,125,375,5375,1625,1625,9125
2864,0,375,5500,1625,1500,9000
2865,0,375,5500,1750,1500,9125
2866,125,375,5250,1625,1500,8875
2867,125,375,5250,1750,1500,9000
2868,125,375,5375,1625,1500,9000
2869,125,375,5375,1625,1500,9000
2870,125,375,5375,1625,1500,9000
2871,125,375,5375,1625,1500,9000
2872,125,500,5375,1625,1500,9125
2873,125,375,5375,1750,1500,9125
2874,125,375,5375,1750,1625,9250
2875,125,375,5250,1625,1500,8875
2876,125,375,5375,1750,1500,9125
2877,125,375,5500,1750,1625,9375
2878,125,375,5500,1625,1500,9125
2879,125,375,5375,1625,1625,9125
2880,125,375,5375,1625,1500,9000
2881,125,375,5375,1750,1625,9250
2882,0,375,5375,1625,1500,8875
2883,125,375,5250,1750,1500,9000
2884,125,375,5375,1625,1500,9000
2885,125,375,5250,1625,1500,8875
2886,125,375,5375,1625,1500,9000
2887,125,375,5375,1625,1500,9000
2888,125,375,5375,1625,1500,9000
2889,125,375,5375,1625,1500,9000
2890,125,375,5250,1625,1500,8875
2891,125,375,5375,1625,1500,9000
2892,125,375,5375,1750,1625,9250
2893,125,375,5250,1625,1500,8875
2894,125,375,5375,1625,1500,9000
2895,125,375,5375,1625,1500,9000
2896,125,375,5375,1625,1500,9000
2897,0,375,5375,1625,1500,8875
2898,125,375,5250,1625,1625,9000
2899,125,375,5375,1625,1500,9000
2900,125,375,5375,1625,1625,9125
2901,125,375,5375,1625,1500,9000
2902,125,375,5250,1625,1500,8875
2903,125,375,5250,1750,1625,9125
2904,125,375,5500,1750,1500,9250
2905,125,375,5375,1625,1500,9000
2906,125,375,5375,1625,1500,9000
2907,0,375,5250,1625,1500,8750
2908,125,500,5375,1750,1625,9375
2909,125,375,6000,1875,1625,10000
2910,0,375,5625,1750,1500,9250
2911,125,375,5500,1625,1500,9125
2912,0,375,5500,1625,1625,9125
2913,125,375,5375,1750,1625,9250
2914,125,375,5250,1750,1625,9125
2915,125,375,5250,1625,1500,8875
2916,125,375,5375,1625,1625,9125
2917,125,375,5375,1750,1500,9125
2918,125,375,5375,1625,1625,9125
2919,125,375,5250,1750,1500,9000
2920,125,500,5375,1750,1375,9125
2921,125,375,5375,1750,1500,9125
2922,125,375,5375,1625,1500,9000
2923,125,375,5375,1625,1500,9000
2924,0,375,5375,1750,1500,9000
2925,125,375,5250,1750,1500,9000
2926,125,375,5375,1625,1500,9000
2927,125,375,5250,1625,1500,8875
2928,125,375,5250,1750,1500,9000
2929,125,375,5375,1625,1625,9125
2930,125,375,5250,1625,1500,8875
2931,125,375,5375,1625,1500,9000
2932,125,375,5375,1625,1500,9000
2933,125,375,5375,1625,1500,9000
2934,125,375,5375,1625,1500,9000
2935,125,375,5375,1625,1625,9125
2936,125,375,5125,1750,1500,8875
2937,125,375,5250,1750,1500,9000
2938,125,375,5375,1750,1500,9125
2939,125,375,5375,1750,1500,9125
2940,0,375,5500,1750,1500,9125
2941,125,375,5375,1750,1500,9125
2942,125,375,5375,1750,1500,9125
2943,125,375,5375,1625,1500,9000
2944,125,375,5375,1625,1500,9000
2945,125,375,5375,1625,1500,9000
2946,125,500,5250,1625,1500,9000
2947,125,375,5375,1750,1500,9125
2948,0,375,5375,1625,1625,9000
2949,125,375,5375,1750,1625,9250
2950,125,375,5500,1625,1500,9125
2951,0,375,5375,1625,1500,8875
2952,125,375,5250,1750,1500,9000
2953,125,375,5375,1625,1625,9125
2954,125,500,5250,1625,1500,9000
2955,125,375,5375,1750,1500,9125
2956,125,375,5375,1625,1500,9000
2957,125,500,5375,1625,1500,9125
2958,125,375,5375,1625,1500,9000
2959,125,500,5375,1625,1375,9000
2960,125,375,5375,1625,1500,9000
2961,0,375,5250,1625,1500,8750
2962,125,375,5375,1750,1500,9125
2963,125,375,5250,1625,1500,8875
2964,125,375,5375,1625,1500,9000
2965,125,375,5375,1625,1500,9000
2966,0,375,5500,1625,1500,9000
2967,125,375,5250,1625,1500,8875
2968,125,375,5375,1625,1500,9000
2969,0,375,5500,1750,1500,9125
2970,125,375,5250,1625,1500,8875
2971,125,375,5375,1625,1500,9000
2972,125,375,5375,1750,1500,9125
2973,125,375,5375,1750,1500,9125
2974,125,375,5375,1625,1500,9000
2975,125,375,5375,1750,1500,9125
2976,125,375,5375,1625,1500,9000
2977,125,375,5250,1625,1500,8875
2978,125,375,5375,1625,1500,9000
2979,125,375,5250,1625,1625,9000
2980,125,375,5500,1750,1625,9375
2981,125,375,5250,1625,1500,8875
2982,125,375,5500,1625,1500,9125
2983,0,375,5250,1625,1500,8750
2984,0,375,5375,1625,1500,8875
2985,125,500,5500,1625,1500,9250
2986,0,375,5500,1750,1625,9250
2987,125,375,5375,1625,1500,9000
2988,125,375,5375,1625,1625,9125
2989,0,375,5250,1625,1500,8750
2990,125,375,5500,1750,1625,9375
2991,125,375,5375,1625,1500,9000
2992,125,375,5375,1625,1500,9000
2993,125,375,5375,1750,1625,9250
2994,0,375,5250,1750,1500,8875
2995,125,500,5375,1625,1500,9125
2996,125,375,5375,1750,1500,9125
2997,125,375,5375,1625,1500,9000
2998,125,375,5125,1625,1625,8875
2999,125,375,5375,1750,1500,9125
3000,125,375,5375,1625,1625,9125
3001,0,375,5375,1625,1500,8875
3002,125,375,5375,1625,1625,9125
3003,0,375,5375,1625,1500,8875
3004,125,375,5500,1625,1500,9125
3005,125,375,5375,1750,1625,9250
3006,125,375,5250,1625,1500,8875
3007,125,375,5375,1625,1500,9000
3008,125,375,5375,1625,1500,9000
3009,125,375,5375,1750,1500,9125
3010,125,375,5375,1625,1500,9000
3011,125,500,5375,1625,1500,9125
3012,125,375,5375,1625,1500,9000
3013,0,375,5375,1625,1500,8875
3014,125,375,5500,1625,1500,9125
3015,125,375,5375,1625,1500,9000
3016,125,375,5375,1750,1500,9125
3017,125,375,5250,1750,1500,9000
3018,125,500,5375,1750,1625,9375
3019,0,375,5375,1625,1625,9000
3020,125,500,5375,1750,1625,9375
3021,0,375,5250,1750,1500,8875
3022,125,375,5375,1625,1500,9000
3023,125,375,5250,1625,1500,8875
3024,125,375,5375,1750,1500,9125
3025,125,375,5500,1750,1500,9250
3026,0,375,5375,1625,1500,8875
3027,125,375,5375,1625,1625,9125
3028,125,375,5375,1625,1500,9000
3029,125,375,5250,1750,1500,9000
3030,125,375,5250,1625,1500,8875
3031,125,375,5375,1750,1625,9250
3032,125,375,5250,1750,1625,9125
3033,125,375,5500,1625,1500,9125
3034,125,375,5875,1750,1500,9625
3035,125,500,5500,1625,1500,9250
3036,125,375,5500,1625,1500,9125
3037,125,375,5250,1625,1500,8875
3038,125,375,5375,1625,1500,9000
3039,125,375,5375,1625,1500,9000
3040,125,375,5375,1750,1500,9125
3041,125,375,5250,1625,1500,8875
3042,125,375,5375,1750,1625,9250
3043,125,375,5250,1750,1500,9000
3044,125,375,5250,1625,1625,9000
3045,125,375,5375,1625,1500,9000
3046,125,375,5375,1625,1500,9000
3047,0,375,5500,1625,1500,9000
3048,125,375,5375,1750,1500,9125
3049,125,500,5250,1625,1500,9000
3050,125,375,5375,1625,1500,9000
3051,125,500,5375,1750,1500,9250
3052,125,375,5375,1750,1500,9125
3053,125,375,5375,1750,1500,9125
3054,125,375,5375,1625,1500,9000
3055,125,375,5250,1750,1625,9125
3056,125,375,5375,1750,1500,9125
3057,125,500,5375,1625,1500,9125
3058,0,375,5500,1625,1500,9000
3059,125,375,5375,1625,1500,9000
3060,125,375,5375,1750,1625,9250
3061,125,375,5500,1625,1500,9125
3062,125,375,5375,1625,1500,9000
3063,0,375,5375,1750,1500,9000
3064,125,375,5375,1750,1500,9125
3065,125,500,5375,1625,1500,9125
3066,125,375,5375,1750,1500,9125
3067,125,375,5375,1625,1500,9000
3068,125,375,5250,1625,1500,8875
3069,125,375,5375,1625,1500,9000
3070,125,375,5375,1750,1500,9125
3071,0,375,5375,1625,1500,8875
3072,125,375,5375,1625,1500,9000
3073,125,375,5375,1625,1500,9000
3074,125,375,5375,1750,1625,9250
3075,125,375,5375,1750,1625,9250
3076,125,375,5500,1750,1500,9250
3077,125,375,5250,1625,1500,8875
3078,125,375,5250,1750,1500,9000
3079,125,375,5375,1625,1500,9000
3080,125,375,5250,1750,1500,9000
3081,125,375,5375,1625,1625,9125
3082,125,375,5375,1750,1625,9250
3083,125,375,5500,1750,1500,9250
3084,125,375,5375,1750,1625,9250
3085,0,375,5375,1625,1625,9000
3086,125,375,5250,1625,1500,8875
3087,125,375,5250,1625,1500,8875
3088,125,375,5375,1625,1500,9000
3089,125,375,5375,1750,1625,9250
3090,125,375,5375,1750,1500,9125
3091,125,375,5375,1625,1500,9000
3092,125,375,5375,1625,1500,9000
3093,125,375,5250,1750,1625,9125
3094,125,375,5375,1625,1500,9000
3095,125,375,5250,1625,1500,8875
3096,125,375,5375,1625,1500,9000
3097,125,500,5375,1625,1500,9125
3098,125,375,5250,1625,1625,9000
3099,125,375,5375,1750,1500,9125
3100,0,375,5375,1625,1500,8875
3101,125,375,5250,1750,1500,9000
3102,125,375,5250,1625,1500,8875
3103,125,500,5375,1625,1500,9125
3104,125,500,5250,1625,1625,9125
3105,125,375,5375,1625,1625,9125
3106,125,375,5375,1750,1500,9125
3107,125,375,5375,1625,1500,9000
3108,125,375,5375,1750,1625,9250
3109,125,375,5500,1625,1500,9125
3110,125,500,5375,1750,1500,9250
3111,125,375,5375,1750,1500,9125
3112,125,375,5375,1750,1625,9250
3113,0,375,5375,1750,1500,9000
3114,125,375,5500,1625,1500,9125
3115,125,375,5250,1750,1500,9000
3116,125,375,5375,1750,1500,9125
3117,0,375,5375,1625,1500,8875
3118,125,375,5375,1625,1500,9000
3119,125,375,5375,1625,1625,9125
3120,125,375,5375,1750,1625,9250
3121,125,375,5375,1750,1500,9125
3122,125,375,5375,1625,1500,9000
3123,0,375,5375,1625,1375,8750
3124,125,375,5500,1625,1500,9125
3125,125,375,5250,1625,1500,8875
3126,125,375,5250,1625,1500,8875
3127,125,375,5375,1625,1500,9000
3128,125,375,5500,1750,1500,9250
3129,125,375,5375,1625,1500,9000
3130,125,375,5250,1625,1500,8875
3131,125,375,5250,1625,1500,8875
3132,125,375,5375,1625,1500,9000
3133,125,375,5375,1625,1500,9000
3134,125,375,5250,1750,1625,9125
3135,125,375,5375,1625,1500,9000
3136,125,375,5375,1625,1500,9000
3137,125,375,5500,1625,1625,9250
3138,125,500,5375,1625,1500,9125
3139,125,500,5375,1750,1625,9375
3140,125,375,19000,1750,1500,22750
3141,125,375,6000,1750,1500,9750
3142,125,375,5500,1750,1500,9250
3143,125,500,5375,1625,1500,9125
3144,0,375,5375,1625,1500,8875
3145,125,375,5500,1625,1625,9250
3146,125,375,5375,1625,1500,9000
3147,0,375,5250,1625,1500,8750
3148,125,375,5375,1750,1625,9250
3149,125,375,5250,1625,1500,8875
3150,125,375,5250,1625,1500,8875
3151,125,375,5375,1750,1625,9250
3152,125,375,5250,1625,1500,8875
3153,0,375,5375,1750,1500,9000
3154,125,375,5375,1625,1500,9000
3155,0,375,5375,1750,1500,9000
3156,125,375,5250,1750,1625,9125
3157,125,375,5250,1625,1500,8875
3158,125,375,5375,1625,1500,9000
3159,125,375,6000,1875,1625,10000
3160,0,375,5500,1750,1500,9125
3161,125,375,5375,1750,1500,9125
3162,125,375,5375,1625,1500,9000
3163,125,375,5375,1625,1500,9000
3164,0,375,5250,1625,1500,8750
3165,125,375,5375,1750,1625,9250
3166,0,375,5375,1750,1500,9000
3167,0,375,5375,1625,1500,8875
3168,125,375,5375,1750,1500,9125
3169,125,375,5375,1625,1500,9000
3170,125,375,5250,1625,1500,8875
3171,125,375,5375,1750,1625,9250
3172,125,375,5375,1625,1500,9000
3173,125,375,5375,1625,1500,9000
3174,125,375,5250,1625,1625,9000
3175,125,375,5375,1750,1500,9125
3176,125,375,5250,1625,1625,9000
3177,125,375,5375,1750,1500,9125
3178,125,375,5250,1625,1500,8875
3179,125,375,5375,1625,1500,9000
3180,125,375,5375,1750,1625,9250
3181,125,500,5375,1625,1500,9125
3182,0,375,5375,1625,1500,8875
3183,0,375,5375,1625,1500,8875
3184,125,375,5375,1750,1500,9125
3185,125,375,5375,1750,1500,9125
3186,125,375,5375,1625,1500,9000
3187,125,375,5375,1750,1500,9125
3188,0,375,5500,1750,1500,9125
3189,0,375,5500,1625,1500,9000
3190,125,500,5375,1625,1500,9125
3191,125,375,5375,1625,1500,9000
3192,0,375,5375,1750,1500,9000
3193,125,375,5250,1625,1500,8875
3194,125,375,5375,1625,1500,9000
3195,125,500,5500,1625,1500,9250
3196,125,375,5375,1625,1500,9000
3197,125,500,5375,1625,1625,9250
3198,125,375,5375,1625,1500,9000
3199,125,375,5375,1750,1500,9125
3200,125,375,5375,1625,1500,9000
3201,125,375,5500,1625,1500,9125
3202,125,375,5375,1750,1625,9250
3203,125,375,5375,1750,1500,9125
3204,125,375,5375,1625,1500,9000
3205,125,375,5375,1625,1500,9000
3206,125,375,5375,1625,1500,9000
3207,125,375,5375,1625,1500,9000
3208,125,375,5250,1625,1500,8875
3209,125,375,5375,1750,1500,9125
3210,125,375,5375,1625,1500,9000
3211,125,375,5250,1625,1500,8875
3212,125,375,5250,1625,1500,8875
3213,125,375,5375,1625,1500,9000
3214,125,500,5250,1625,1375,8875
3215,125,375,5375,1625,1500,9000
3216,125,375,5500,1750,1500,9250
3217,125,375,5375,1750,1500,9125
3218,0,375,5375,1750,1625,9125
3219,125,375,5375,1625,1625,9125
3220,0,375,5250,1750,1625,9000
3221,125,375,5500,1625,1500,9125
3222,125,500,5375,1750,1500,9250
3223,125,375,5375,1625,1625,9125
3224,125,375,5250,1625,1625,9000
3225,0,375,5375,1750,1500,9000
3226,125,375,5375,1750,1500,9125
3227,125,375,5375,1750,1500,9125
3228,125,375,5500,1750,1625,9375
3229,125,375,5375,1750,1500,9125
3230,125,375,5375,1625,1500,9000
3231,125,500,5250,1625,1500,9000
3232,0,375,5500,1625,1500,9000
3233,125,500,5375,1625,1500,9125
3234,125,500,5375,1625,1500,9125
3235,125,375,5375,1750,1625,9250
3236,125,375,5375,1625,1500,9000
3237,0,375,5375,1750,1500,9000
3238,125,375,5500,1625,1500,9125
3239,125,375,5250,1750,1500,9000
3240,125,375,5375,1625,1500,9000
3241,125,500,5375,1625,1500,9125
3242,0,375,5375,1750,1500,9000
3243,125,375,5375,1625,1500,9000
3244,125,375,5250,1625,1500,8875
3245,125,375,5375,1625,1500,9000
3246,125,500,5250,1750,1500,9125
3247,125,375,5375,1750,1500,9125
3248,125,375,5250,1625,1500,8875
3249,125,375,5375,1750,1625,9250
3250,125,375,5375,1625,1500,9000
3251,125,375,5250,1625,1500,8875
3252,125,375,5375,1625,1500,9000
3253,125,375,5375,1625,1500,9000
3254,125,375,5375,1625,1500,9000
3255,125,375,5250,1625,1500,8875
3256,125,375,5250,1625,1500,8875
3257,125,500,5375,1750,1625,9375
3258,125,375,5250,1625,1500,8875
3259,125,500,5375,1625,1625,9250
3260,125,375,5250,1625,1625,9000
3261,125,375,5375,1750,1500,9125
3262,0,375,5375,1750,1500,9000
3263,125,375,5375,1625,1500,9000
3264,125,375,5375,1750,1625,9250
3265,125,375,5375,1625,1500,9000
3266,125,375,5375,1750,1625,9250
3267,125,375,5250,1750,1500,9000
3268,125,375,5375,1750,1500,9125
3269,0,375,5375,1750,1500,9000
3270,0,375,5375,1750,1500,9000
3271,125,375,5375,1750,1500,9125
3272,125,375,5375,1625,1500,9000
3273,125,375,5375,1625,1500,9000
3274,0,375,5375,1625,1500,8875
3275,125,375,5375,1750,1625,9250
3276,125,375,5250,1625,1500,8875
3277,125,375,5375,1625,1500,9000
3278,125,375,5375,1625,1500,9000
3279,125,375,5375,1625,1500,9000
3280,125,375,5375,1625,1500,9000
3281,125,375,5250,1625,1500,8875
3282,125,375,5250,1625,1500,8875
3283,125,375,5250,1625,1500,8875
3284,125,375,6125,1875,1500,10000
3285,125,375,5500,1625,1500,9125
3286,125,375,5500,1625,1500,9125
3287,125,375,5375,1750,1500,9125
3288,125,375,5500,1625,1500,9125
3289,125,375,5375,1750,1500,9125
3290,0,375,5375,1625,1500,8875
3291,125,375,5375,1750,1500,9125
3292,125,375,5375,1750,1500,9125
3293,125,375,5250,1625,1500,8875
3294,125,375,5375,1625,1500,9000
3295,125,375,5375,1625,1500,9000
3296,125,500,5375,1625,1625,9250
3297,0,375,5375,1625,1625,9000
3298,125,375,5500,1750,1500,9250
3299,125,375,5125,1625,1625,8875
3300,125,375,5375,1625,1500,9000
3301,125,375,5375,1625,1500,9000
3302,125,375,5375,1625,1500,9000
3303,125,375,5375,1625,1500,9000
3304,125,375,5375,1750,1500,9125
3305,125,375,5500,1750,1500,9250
3306,125,375,5375,1750,1500,9125
3307,125,375,5250,1625,1500,8875
3308,125,375,5500,1625,1500,9125
3309,125,375,5500,1625,1500,9125
3310,125,375,5375,1625,1500,9000
3311,125,375,5250,1625,1500,8875
3312,125,375,5375,1625,1500,9000
3313,125,375,5250,1625,1500,8875
3314,125,375,5375,1625,1500,9000
3315,0,375,5500,1625,1500,9000
3316,125,375,5375,1625,1500,9000
3317,125,375,5375,1625,1500,9000
3318,125,500,5375,1750,1500,9250
3319,125,500,5375,1750,1500,9250
3320,125,375,5375,1625,1500,9000
3321,125,375,5250,1625,1500,8875
3322,0,375,5375,1625,1500,8875
3323,125,375,5375,1625,1625,9125
3324,125,375,5375,1625,1500,9000
3325,125,375,5250,1750,1500,9000
3326,125,375,5250,1750,1500,9000
3327,125,375,5375,1625,1625,9125
3328,125,375,5250,1625,1500,8875
3329,125,375,5375,1750,1625,9250
3330,125,375,5500,1625,1375,9000
3331,125,375,5375,1500,1625,9000
3332,125,375,5375,1625,1500,9000
3333,125,375,5375,1750,1500,9125
3334,125,500,5250,1625,1500,9000
3335,125,375,5250,1625,1500,8875
3336,125,375,5375,1625,1625,9125
3337,0,375,5500,1625,1500,9000
3338,125,375,5250,1625,1500,8875
3339,125,375,5250,1750,1500,9000
3340,0,375,5375,1625,1500,8875
3341,125,500,5375,1750,1500,9250
3342,125,375,5375,1625,1500,9000
3343,125,375,5375,1750,1500,9125
3344,125,375,5375,1750,1500,9125
3345,125,375,5375,1750,1500,9125
3346,125,375,5375,1750,1625,9250
3347,0,375,5375,1625,1500,8875
3348,125,375,5250,1625,1500,8875
3349,125,375,5375,1625,1500,9000
3350,0,375,5375,1625,1500,8875
3351,125,375,5250,1750,1500,9000
3352,0,375,5500,1750,1500,9125
3353,125,375,5375,1625,1500,9000
3354,125,375,5375,1625,1500,9000
3355,125,375,5375,1625,1500,9000
3356,125,375,5500,1750,1625,9375
3357,125,375,5125,1625,1500,8750
3358,125,375,5250,1625,1500,8875
3359,125,375,5250,1625,1500,8875
3360,125,500,5500,1750,1500,9375
3361,125,375,5375,1750,1625,9250
3362,125,375,5500,1750,1500,9250
3363,125,375,5375,1750,1625,9250
3364,0,375,5500,1750,1625,9250
3365,0,375,5500,1750,1500,9125
3366,125,375,5250,1625,1500,8875
3367,125,375,5375,1625,1500,9000
3368,125,375,5375,1750,1500,9125
3369,125,375,5375,1750,1500,9125
3370,125,375,5500,1750,1500,9250
3371,125,375,5375,1750,1625,9250
3372,125,375,5375,1625,1500,9000
3373,125,375,5250,1625,1500,8875
3374,125,375,5375,1625,1500,9000
3375,0,375,5500,1750,1500,9125
3376,125,375,5375,1750,1625,9250
3377,125,375,5375,1750,1500,9125
3378,125,500,5375,1625,1500,9125
3379,125,500,5250,1625,1500,9000
3380,125,375,5250,1625,1500,8875
3381,0,375,5375,1625,1500,8875
3382,125,375,5375,1750,1625,9250
3383,125,375,5250,1750,1625,9125
3384,0,375,5500,1750,1500,9125
3385,125,500,5500,1625,1500,9250
3386,125,375,5375,1625,1500,9000
3387,125,375,5250,1625,1500,8875
3388,125,375,5375,1750,1500,9125
3389,125,375,5375,1750,1500,9125
3390,125,375,5375,1625,1500,9000
3391,125,375,5375,1625,1500,9000
3392,125,500,5375,1625,1625,9250
3393,125,375,5375,1750,1500,9125
3394,125,375,5375,1625,1500,9000
3395,0,375,5500,1750,1625,9250
3396,0,375,5375,1750,1625,9125
3397,0,375,5375,1750,1625,9125
3398,125,375,5250,1625,1500,8875
3399,125,375,5375,1625,1625,9125
3400,125,375,5375,1750,1625,9250
3401,125,375,5250,1750,1500,9000
3402,125,500,5250,1625,1500,9000
3403,125,375,5375,1625,1500,9000
3404,125,500,5375,1625,1500,9125
3405,125,375,5250,1750,1500,9000
3406,125,375,5250,1625,1500,8875
3407,125,375,5375,1625,1500,9000
3408,125,375,5375,1625,1625,9125
3409,125,500,6000,1750,1500,9875
3410,125,375,5500,1750,1625,9375
3411,125,375,5500,1625,1500,9125
3412,125,375,5500,1625,1500,9125
3413,125,375,5375,1750,1500,9125
3414,125,375,5250,1625,1500,8875
3415,125,375,5375,1750,1625,9250
3416,125,375,5500,1750,1625,9375
3417,125,375,5375,1625,1500,9000
3418,125,375,5375,1625,1500,9000
3419,125,375,5375,1625,1500,9000
3420,125,375,5375,1625,1500,9000
3421,125,375,5250,1625,1625,9000
3422,125,375,5250,1625,1625,9000
3423,125,375,5375,1750,1625,9250
3424,125,375,5375,1625,1500,9000
3425,125,375,5250,1750,1625,9125
3426,125,375,5250,1750,1625,9125
3427,0,375,5375,1750,1500,9000
3428,125,375,5375,1625,1625,9125
3429,125,375,5375,1625,1500,9000
3430,125,375,5375,1750,1500,9125
3431,125,375,5375,1625,1500,9000
3432,125,375,5250,1625,1500,8875
3433,125,375,5375,1625,1625,9125
3434,125,375,5375,1750,1625,9250
3435,125,375,5375,1750,1625,9250
3436,0,375,5500,1750,1500,9125
3437,125,500,5500,1625,1500,9250
3438,125,375,5250,1625,1500,8875
3439,125,375,5375,1625,1500,9000
3440,125,375,5250,1625,1500,8875
3441,125,375,5250,1625,1500,8875
3442,125,375,5375,1750,1625,9250
3443,125,375,5250,1625,1500,8875
3444,125,375,5500,1625,1500,9125
3445,0,375,5375,1750,1500,9000
3446,125,375,5375,1625,1500,9000
3447,125,375,5375,1625,1500,9000
3448,125,375,5375,1625,1500,9000
3449,125,500,5375,1625,1500,9125
3450,125,375,5250,1625,1625,9000
3451,0,375,5375,1625,1500,8875
3452,125,375,5375,1750,1500,9125
3453,125,375,5375,1625,1500,9000
3454,125,375,5375,1750,1500,9125
3455,125,375,5375,1750,1500,9125
3456,125,375,5500,1750,1500,9250
3457,125,375,5375,1625,1500,9000
3458,0,375,5500,1750,1500,9125
3459,125,375,5375,1750,1500,9125
3460,0,375,5375,1750,1625,9125
3461,125,375,5375,1750,1500,9125
3462,125,375,5375,1625,1500,9000
3463,125,375,5500,1625,1375,9000
3464,125,500,5250,1625,1500,9000
3465,125,375,5500,1750,1625,9375
3466,0,375,5375,1750,1500,9000
3467,125,375,5500,1625,1500,9125
3468,125,375,5375,1625,1500,9000
3469,125,375,5375,1750,1625,9250
3470,0,375,5250,1625,1500,8750
3471,125,375,5375,1625,1500,9000
3472,125,375,5375,1750,1625,9250
3473,0,375,5375,1625,1500,8875
3474,125,375,5375,1625,1500,9000
3475,125,375,5500,1625,1500,9125
3476,125,500,5375,1750,1500,9250
3477,125,375,5500,1750,1500,9250
3478,125,375,5250,1750,1500,9000
3479,125,375,5375,1625,1625,9125
3480,125,375,5375,1750,1500,9125
3481,125,375,5375,1625,1500,9000
3482,125,375,5375,1625,1500,9000
3483,125,375,5375,1750,12750,20375
3484,125,375,6000,1875,1625,10000
3485,125,375,5625,1625,1500,9250
3486,125,375,5500,1750,1625,9375
3487,125,375,5375,1625,1500,9000
3488,125,375,5250,1625,1500,8875
3489,125,375,5375,1750,1500,9125
3490,125,375,5500,1750,1500,9250
3491,0,375,5250,1750,1500,8875
3492,0,375,5375,1625,1500,8875
3493,0,375,5500,1750,1500,9125
3494,125,375,5375,1750,1500,9125
3495,125,375,5375,1750,1500,9125
3496,125,500,5375,1750,1625,9375
3497,0,375,5375,1750,1500,9000
3498,125,375,5625,1625,1500,9250
3499,125,375,5375,1625,1500,9000
3500,125,375,5375,1625,1625,9125
3501,125,375,5250,1750,1500,9000
3502,125,375,5375,1750,1500,9125
3503,125,375,5375,1625,1500,9000
3504,125,500,5375,1625,1500,9125
3505,125,375,5250,1625,1500,8875
3506,125,500,5375,1750,1500,9250
3507,125,375,5375,1750,1500,9125
3508,125,500,5375,1750,1625,9375
3509,125,375,5375,1625,1500,9000
3510,125,375,5250,1625,1625,9000
3511,0,375,5500,1750,1500,9125
3512,125,375,5250,1625,1500,8875
3513,125,375,5375,1625,1625,9125
3514,125,375,5375,1625,1375,8875
3515,125,375,5375,1750,1500,9125
3516,125,375,5500,1750,1625,9375
3517,0,375,5375,1750,1625,9125
3518,125,375,5375,1750,1625,9250
3519,0,375,5500,1750,1500,9125
3520,125,375,5250,1750,1625,9125
3521,125,375,5250,1750,1500,9000
3522,125,500,5375,1750,1500,9250
3523,125,375,5250,1625,1500,8875
3524,125,375,5250,1625,1500,8875
3525,125,375,5375,1625,1500,9000
3526,125,375,5375,1625,1500,9000
3527,125,375,5375,1625,1500,9000
3528,125,375,5375,1625,1375,8875
3529,0,375,5375,1625,1500,8875
3530,125,375,5250,1625,1500,8875
3531,125,375,5375,1625,1500,9000
3532,125,375,5375,1625,1500,9000
3533,125,500,5250,1625,1500,9000
3534,125,375,6125,1875,1625,10125
3535,125,375,5500,1625,1500,9125
3536,125,375,5375,1625,1500,9000
3537,125,375,5250,1625,1500,8875
3538,125,375,5375,1750,1625,9250
3539,125,375,5250,1750,1500,9000
3540,125,375,5375,1750,1500,9125
3541,0,375,5375,1625,1500,8875
3542,125,375,5500,1625,1500,9125
3543,125,375,5250,1625,1500,8875
3544,125,500,5500,1750,1500,9375
3545,125,500,5250,1625,1500,9000
3546,125,375,5375,1625,1625,9125
3547,125,375,5375,1625,1500,9000
3548,125,375,5375,1625,1500,9000
3549,125,500,5375,1750,1500,9250
3550,125,375,5500,1625,1500,9125
3551,125,375,5375,1625,1500,9000
3552,125,375,5375,1750,1625,9250
3553,125,375,5250,1625,1500,8875
3554,125,375,5375,1625,1500,9000
3555,125,375,5250,1625,1500,8875
3556,125,375,5250,1625,1500,8875
3557,125,375,5375,1625,1500,9000
3558,125,375,5375,1750,1500,9125
3559,0,375,5375,1625,1500,8875
3560,125,375,5250,1625,1500,8875
3561,0,375,5375,1625,1500,8875
3562,125,500,5375,1750,1500,9250
3563,125,500,5375,1625,1500,9125
3564,125,375,5375,1750,1500,9125
3565,125,375,5375,1625,1625,9125
3566,125,375,5375,1625,1500,9000
3567,125,500,5375,1625,1625,9250
3568,0,375,5500,1625,1500,9000
3569,125,500,5250,1625,1500,9000
3570,125,375,5375,1625,1500,9000
3571,125,375,5500,1750,1500,9250
3572,125,375,5250,1625,1625,9000
3573,125,500,5500,1625,1500,9250
3574,0,375,5375,1625,1500,8875
3575,125,375,5375,1625,1500,9000
3576,125,375,5250,1625,1500,8875
3577,125,375,5375,1625,1625,9125
3578,125,375,5375,1750,1500,9125
3579,125,375,5375,1625,1625,9125
3580,125,375,5375,1625,1625,9125
3581,125,375,5250,1750,1500,9000
3582,125,375,5375,1750,1500,9125
3583,0,375,5500,1750,1625,9250
3584,125,375,5375,1625,1500,9000
3585,125,375,5250,1625,1500,8875
3586,125,375,5375,1625,1500,9000
3587,0,375,5375,1750,1625,9125
3588,0,375,5375,1625,1500,8875
3589,125,375,5375,1750,1500,9125
3590,125,375,5500,1625,1500,9125
3591,125,375,5250,1625,1500,8875
3592,125,375,5375,1750,1500,9125
3593,125,375,5250,1625,1500,8875
3594,125,375,5375,1625,1500,9000
3595,125,375,5375,1750,1500,9125
3596,125,375,5250,1625,1625,9000
3597,125,375,5375,1625,1500,9000
3598,125,375,5250,1750,1625,9125
3599,125,375,5250,1625,1500,8875
3600,125,375,5375,1750,1500,9125
3601,125,375,5375,1625,1500,9000
3602,125,375,5500,1625,1500,9125
3603,125,375,5375,1625,1500,9000
3604,125,375,5250,1625,1500,8875
3605,125,375,5250,1750,1500,9000
3606,125,375,5375,1625,1500,9000
3607,125,375,5375,1625,1500,9000
3608,125,375,5375,1625,1500,9000
3609,125,375,5375,1625,1500,9000
3610,125,375,5375,1750,1500,9125
3611,125,375,5500,1625,1500,9125
3612,0,375,5375,1750,1500,9000
3613,125,375,5375,1750,1625,9250
3614,0,375,5375,1625,1500,8875
3615,125,375,5375,1625,1500,9000
3616,125,375,5375,1625,1625,9125
3617,0,375,5500,1625,1500,9000
3618,125,375,5250,1625,1500,8875
3619,125,375,5375,1625,1500,9000
3620,125,375,5375,1625,1500,9000
3621,125,375,5250,1750,1500,9000
3622,125,375,5250,1625,1625,9000
3623,125,375,5250,1625,1500,8875
3624,125,500,5375,1625,1500,9125
3625,125,375,5375,1625,1500,9000
3626,125,375,5250,1625,1500,8875
3627,125,375,5375,1750,1500,9125
3628,125,375,5375,1750,1500,9125
3629,125,375,5375,1750,1500,9125
3630,125,375,5375,1750,1625,9250
3631,0,375,5375,1625,1500,8875
3632,125,375,5375,1625,1500,9000
3633,125,375,5250,1625,1500,8875
3634,125,375,5250,1625,1500,8875
3635,0,375,5375,1625,1500,8875
3636,125,375,5250,1625,1500,8875
3637,125,375,5375,1750,1500,9125
3638,125,375,5375,1625,1500,9000
3639,125,375,5250,1625,1625,9000
3640,125,375,5375,1625,1500,9000
3641,125,375,5375,1750,1500,9125
3642,125,375,5375,1750,1625,9250
3643,125,500,5375,1750,1625,9375
3644,125,375,5375,1625,1500,9000
3645,125,375,5375,1625,1500,9000
3646,125,375,5375,1750,1500,9125
3647,125,375,5250,1625,1500,8875
3648,125,375,5375,1625,1500,9000
3649,125,375,5375,1625,1500,9000
3650,125,375,5250,1625,1500,8875
3651,125,375,5375,1625,1500,9000
3652,125,500,5375,1750,1625,9375
3653,0,375,5375,1625,1625,9000
3654,125,375,5375,1750,1625,9250
3655,125,375,5375,1625,1500,9000
3656,125,375,5375,1750,1500,9125
3657,125,375,5375,1625,1625,9125
3658,125,375,5375,1625,1625,9125
3659,125,500,5875,1750,1625,9875
3660,125,375,5500,1750,1625,9375
3661,125,500,5375,1625,1500,9125
3662,125,375,5375,1625,1500,9000
3663,125,375,5250,1625,1500,8875
3664,125,375,5375,1750,1500,9125
3665,125,375,5375,1625,1500,9000
3666,125,375,5375,1750,1500,9125
3667,125,500,5375,1750,1500,9250
3668,125,375,5250,1750,1625,9125
3669,125,375,5250,1750,1500,9000
3670,125,375,5375,1625,1500,9000
3671,125,375,5375,1750,1625,9250
3672,125,375,5250,1625,1625,9000
3673,125,375,5250,1625,1500,8875
3674,0,375,5500,1750,1500,9125
3675,125,375,5375,1750,1500,9125
3676,125,375,5125,1625,1500,8750
3677,125,375,5375,1750,1500,9125
3678,0,375,5500,1625,1500,9000
3679,125,375,5375,1625,1500,9000
3680,125,375,5375,1625,1500,9000
3681,125,375,5375,1750,1500,9125
3682,0,375,5250,1750,1625,9000
3683,125,375,5250,1750,1500,9000
3684,125,375,5375,1625,1500,9000
3685,125,375,5250,1750,1500,9000
3686,125,375,5375,1625,1375,8875
3687,125,375,5375,1625,1500,9000
3688,125,375,5375,1625,1500,9000
3689,125,500,5375,1625,1500,9125
3690,125,500,5500,1750,1625,9500
3691,125,375,5375,1625,1625,9125
3692,125,500,5375,1750,1625,9375
3693,125,375,5375,1750,1500,9125
3694,125,375,5375,1625,1625,9125
3695,0,375,5375,1750,1625,9125
3696,125,375,5375,1625,1500,9000
3697,125,500,5375,1750,1625,9375
3698,125,375,5375,1750,1500,9125
3699,125,375,5250,1750,1500,9000
3700,125,500,5375,1625,1500,9125
3701,125,375,5375,1500,1500,8875
3702,125,500,5500,1625,1500,9250
3703,125,375,5250,1750,1625,9125
3704,125,500,5375,1750,1500,9250
3705,0,375,5375,1750,1500,9000
3706,125,375,5250,1625,1500,8875
3707,125,375,5375,1750,1625,9250
3708,125,375,5250,1625,1500,8875
3709,125,375,5500,1625,1500,9125
3710,125,375,5500,1750,1625,9375
3711,125,375,5375,1625,1500,9000
3712,125,375,5375,1625,1500,9000
3713,125,500,5375,1750,1500,9250
3714,125,375,5250,1625,1500,8875
3715,0,375,5500,1750,1625,9250
3716,125,375,5250,1625,1500,8875
3717,125,375,5375,1625,1500,9000
3718,125,375,5375,1625,1500,9000
3719,125,375,5250,1625,1500,8875
3720,125,375,5375,1750,1500,9125
3721,125,375,5250,1625,1500,8875
3722,125,375,5375,1625,1625,9125
3723,125,375,5375,1750,1625,9250
3724,125,375,5375,1625,1500,9000
3725,125,375,5375,1625,1500,9000
3726,125,375,5375,1750,1500,9125
3727,125,500,5375,1625,1500,9125
3728,125,375,5375,1625,1625,9125
3729,125,375,5375,1625,1500,9000
3730,125,375,5375,1625,1500,9000
3731,125,375,5250,1625,1625,9000
3732,0,375,5375,1625,1500,8875
3733,125,500,5375,1750,1500,9250
3734,0,375,5375,1750,1375,8875
3735,125,375,5375,1625,1500,9000
3736,125,375,5375,1625,1500,9000
3737,125,375,5500,1625,1500,9125
3738,125,375,5375,1625,1500,9000
3739,125,375,5375,1625,1625,9125
3740,125,375,5500,1750,1625,9375
3741,125,500,5375,1625,1500,9125
3742,125,375,5375,1750,1500,9125
3743,125,375,5375,1625,1500,9000
3744,125,375,5375,1750,1500,9125
3745,125,375,5375,1750,1625,9250
3746,125,375,5375,1625,1500,9000
3747,0,375,5500,1750,1625,9250
3748,125,375,5250,1625,1500,8875
3749,125,375,5250,1625,1500,8875
3750,125,500,5375,1625,1500,9125
3751,0,375,5500,1750,1500,9125
3752,125,375,5375,1750,1500,9125
3753,125,500,5375,1750,1500,9250
3754,125,375,5375,1625,1500,9000
3755,125,375,5375,1750,1500,9125
3756,0,375,5375,1625,1500,8875
3757,125,500,5375,1750,1625,9375
3758,125,375,5375,1625,1500,9000
3759,125,500,5250,1625,1500,9000
3760,125,375,5375,1750,1500,9125
3761,125,375,5375,1625,1500,9000
3762,125,375,5250,1625,1500,8875
3763,125,375,5250,1625,1500,8875
3764,125,375,5375,1625,1500,9000
3765,125,375,5375,1750,1500,9125
3766,125,375,5375,1750,1625,9250
3767,125,375,5375,1750,1625,9250
3768,125,375,5375,1625,1500,9000
3769,125,375,5250,1625,1500,8875
3770,125,375,5375,1625,1500,9000
3771,125,375,5375,1625,1500,9000
3772,125,375,5375,1750,1625,9250
3773,0,375,5375,1625,1500,8875
3774,125,375,5250,1625,1500,8875
3775,125,375,5375,1750,1500,9125
3776,125,375,5375,1750,1625,9250
3777,125,375,5500,1625,1625,9250
3778,125,375,5375,1750,1500,9125
3779,125,375,5375,1750,1500,9125
3780,125,375,5250,1625,1500,8875
3781,125,375,5375,1750,1625,9250
3782,125,375,5250,1625,1500,8875
3783,125,500,5375,1750,1500,9250
3784,125,375,6000,1875,1625,10000
3785,125,375,5375,1625,1500,9000
3786,125,375,5500,1625,1500,9125
3787,125,375,5250,1625,1500,8875
3788,125,375,5500,1625,1500,9125
3789,125,375,5375,1625,1500,9000
3790,125,375,5375,1625,1500,9000
3791,125,375,5375,1625,1500,9000
3792,125,375,5375,1625,1500,9000
3793,125,375,5250,1625,1625,9000
3794,125,375,5375,1625,1500,9000
3795,0,375,5375,1750,1625,9125
3796,125,375,5375,1625,1375,8875
3797,0,375,5375,1625,1500,8875
3798,0,375,5375,1625,1500,8875
3799,0,375,5375,1625,1500,8875
3800,125,375,5375,1625,1625,9125
3801,0,375,5375,1750,1500,9000
3802,125,375,5375,1625,1625,9125
3803,0,375,5500,1750,1625,9250
3804,125,375,5500,1750,1625,9375
3805,125,375,5375,1625,1625,9125
3806,0,375,5500,1625,1500,9000
3807,125,375,5375,1750,1625,9250
3808,0,375,5375,1750,1500,9000
3809,125,500,5375,1625,1500,9125
3810,125,375,5375,1750,1625,9250
3811,125,375,5375,1750,1500,9125
3812,125,375,5375,1625,1500,9000
3813,125,375,5500,1625,1500,9125
3814,125,375,5375,1625,1500,9000
3815,0,375,5375,1625,1500,8875
3816,125,375,5250,1625,1500,8875
3817,125,375,5375,1625,1500,9000
3818,0,375,5500,1625,1500,9000
3819,125,375,5375,1625,1500,9000
3820,125,375,5375,1625,1500,9000
3821,125,500,5375,1625,1500,9125
3822,125,375,5375,1750,1625,9250
3823,125,375,5375,1625,1500,9000
3824,125,375,5375,1625,1500,9000
3825,125,500,5375,1625,1500,9125
3826,125,375,5375,1625,1500,9000
3827,125,375,15125,1875,1625,19125
3828,125,375,6000,1750,1500,9750
3829,125,375,5625,1625,1500,9250
3830,0,375,5375,1625,1500,8875
3831,125,375,5375,1750,1500,9125
3832,125,375,5375,1625,1625,9125
3833,125,375,5250,1625,1500,8875
3834,125,375,5375,1625,1625,9125
3835,0,375,5500,1750,1625,9250
3836,125,375,5375,1750,1500,9125
3837,125,375,5375,1625,1500,9000
3838,125,375,5500,1625,1500,9125
3839,125,375,5250,1625,1500,8875
3840,125,375,5250,1625,1500,8875
3841,125,375,5250,1625,1500,8875
3842,125,375,5250,1625,1500,8875
3843,125,500,5250,1625,1500,9000
3844,0,375,5500,1750,1500,9125
3845,125,375,5500,1750,1500,9250
3846,125,375,5375,1750,1625,9250
3847,125,375,5375,1625,1500,9000
3848,125,375,5250,1750,1500,9000
3849,125,375,5500,1625,1500,9125
3850,125,375,5375,1625,1500,9000
3851,0,375,5375,1750,1500,9000
3852,125,375,5375,1750,1625,9250
3853,125,375,5250,1625,1500,8875
3854,125,375,5375,1625,1500,9000
3855,125,375,5375,1750,1500,9125
3856,125,375,5375,1625,1625,9125
3857,125,375,5250,1625,1500,8875
3858,125,375,5375,1750,1500,9125
3859,125,375,5500,1750,1500,9250
3860,125,375,5375,1625,1500,9000
3861,125,375,5250,1625,1500,8875
3862,125,375,5375,1750,1500,9125
3863,125,375,5250,1625,1500,8875
3864,125,375,5375,1625,1500,9000
3865,125,375,5375,1625,1500,9000
3866,125,375,5250,1750,1500,9000
3867,125,375,5375,1625,1500,9000
3868,0,375,5375,1625,1500,8875
3869,125,375,5375,1750,1625,9250
3870,125,375,5375,1750,1625,9250
3871,125,375,5375,1750,1500,9125
3872,125,375,5375,1750,1625,9250
3873,0,375,5375,1625,1500,8875
3874,125,375,5375,1750,1625,9250
3875,0,375,5500,1625,1500,9000
3876,125,375,5250,1625,1500,8875
3877,125,375,5250,1625,1625,9000
3878,125,375,5250,1625,1500,8875
3879,125,375,5375,1750,1625,9250
3880,125,500,5375,1750,1500,9250
3881,125,375,5250,1750,1625,9125
3882,0,375,5375,1750,1500,9000
3883,125,375,5375,1750,1500,9125
3884,125,375,5375,1750,1500,9125
3885,125,375,5250,1625,1500,8875
3886,125,500,5375,1750,1500,9250
3887,125,500,5375,1750,1500,9250
3888,125,375,5375,1625,1500,9000
3889,125,375,5375,1625,1500,9000
3890,125,500,5250,1625,1375,8875
3891,125,375,5375,1625,1500,9000
3892,125,375,5375,1625,1500,9000
3893,125,375,5250,1625,1500,8875
3894,125,375,5375,1625,1500,9000
3895,125,375,5250,1625,1500,8875
3896,125,375,5375,1750,1500,9125
3897,125,375,5250,1750,1625,9125
3898,125,375,5375,1625,1500,9000
3899,125,375,5375,1625,1500,9000
3900,125,375,5250,1625,1500,8875
3901,125,375,5250,1625,1500,8875
3902,125,375,5375,1625,1500,9000
3903,125,375,5500,1625,1500,9125
3904,0,375,5375,1750,1500,9000
3905,0,375,5375,1750,1500,9000
3906,125,375,5375,1625,1500,9000
3907,125,375,5375,1625,1500,9000
3908,125,375,5500,1625,1500,9125
3909,125,500,6000,1750,1500,9875
3910,125,375,5500,1625,1500,9125
3911,125,375,5375,1625,1500,9000
3912,125,375,5375,1750,1500,9125
3913,125,375,5375,1625,1500,9000
3914,125,375,5375,1625,1500,9000
3915,125,375,5375,1625,1500,9000
3916,0,375,5375,1625,1500,8875
3917,125,375,5375,1625,1500,9000
3918,125,375,5375,1625,1500,9000
3919,125,375,5375,1750,1625,9250
3920,125,375,5375,1625,1500,9000
3921,125,500,5375,1625,1500,9125
3922,125,375,5375,1750,1625,9250
3923,125,375,5375,1625,1500,9000
3924,0,375,5500,1625,1500,9000
3925,125,375,5375,1625,1500,9000
3926,125,375,5375,1750,1500,9125
3927,125,375,5375,1625,1500,9000
3928,0,375,5375,1750,1625,9125
3929,125,375,5375,1625,1500,9000
3930,125,375,5250,1625,1500,8875
3931,125,375,5375,1625,1500,9000
3932,125,375,5375,1625,1625,9125
3933,0,375,5375,1625,1500,8875
3934,125,375,5500,1750,1625,9375
3935,125,375,5375,1625,1500,9000
3936,0,375,5375,1625,1625,9000
3937,0,375,5375,1750,1500,9000
3938,125,375,5375,1625,1500,9000
3939,125,375,5375,1750,1625,9250
3940,125,375,5375,1625,1500,9000
3941,0,375,5375,1750,1500,9000
3942,125,375,5375,1750,1500,9125
3943,125,375,5250,1625,1500,8875
3944,0,375,5500,1750,1500,9125
3945,125,375,5375,1625,1500,9000
3946,125,375,5250,1750,1500,9000
3947,125,375,5375,1750,1500,9125
3948,125,375,5375,1625,1500,9000
3949,125,500,5375,1625,1500,9125
3950,125,375,5375,1625,1500,9000
3951,125,375,5250,1625,1500,8875
3952,125,375,5250,1625,1500,8875
3953,125,500,5500,1625,1500,9250
3954,0,375,5375,1625,1500,8875
3955,125,375,5375,1625,1500,9000
3956,125,375,5375,1750,1500,9125
3957,0,375,5250,1625,1625,8875
3958,0,375,5375,1750,1500,9000
3959,125,375,5375,1625,1500,9000
3960,125,375,5375,1750,1625,9250
3961,125,375,5375,1625,1500,9000
3962,125,375,5375,1625,1625,9125
3963,125,375,5500,1750,1500,9250
3964,125,375,5375,1625,1500,9000
3965,125,375,5375,1625,1500,9000
3966,125,500,5375,1750,1625,9375
3967,125,375,5375,1625,1500,9000
3968,125,375,5375,1750,1500,9125
3969,125,375,5375,1625,1500,9000
3970,125,375,5375,1625,1500,9000
3971,0,375,5375,1625,1500,8875
3972,125,500,5375,1750,1500,9250
3973,125,375,5375,1625,1625,9125
3974,125,375,5375,1625,1500,9000
3975,125,375,5250,1625,1500,8875
3976,125,375,5250,1750,1625,9125
3977,125,375,5375,1750,1500,9125
3978,125,375,5375,1750,1500,9125
3979,125,375,5375,1750,1625,9250
3980,0,375,5375,1625,1500,8875
3981,125,375,5375,1625,1500,9000
3982,125,375,5375,1625,1500,9000
3983,125,375,5375,1625,1625,9125
3984,0,375,5500,1750,1500,9125
3985,0,375,5375,1750,1500,9000
3986,125,500,5375,1625,1500,9125
3987,125,500,5375,1750,1625,9375
3988,125,375,5375,1625,1500,9000
3989,125,375,5375,1625,1500,9000
3990,0,375,5375,1750,1500,9000
3991,125,375,5250,1750,1625,9125
3992,125,375,5375,1750,1500,9125
3993,0,375,5375,1625,1500,8875
3994,125,375,5375,1750,1500,9125
3995,125,375,5375,1750,1500,9125
3996,125,375,5375,1625,1500,9000
3997,125,375,5250,1750,1500,9000
3998,125,375,5500,1750,1500,9250
3999,125,375,5500,1625,1500,9125
4000,125,375,5375,1625,1625,9125
4001,0,375,5375,1625,1500,8875
4002,125,375,5375,1750,1500,9125
4003,125,375,5250,1625,1500,8875
4004,125,375,5375,1750,1500,9125
4005,125,375,5375,1500,1500,8875
4006,125,375,5250,1625,1500,8875
4007,125,375,5375,1625,1500,9000
4008,125,375,5375,1750,1625,9250
4009,125,375,5250,1625,1500,8875
4010,125,500,5375,1625,1500,9125
4011,125,375,5375,1625,1500,9000
4012,125,375,5375,1750,1625,9250
4013,0,375,5375,1625,1500,8875
4014,0,375,5375,1750,1500,9000
4015,125,375,5375,1625,1500,9000
4016,125,375,5250,1625,1500,8875
4017,125,375,5375,1625,1625,9125
4018,0,375,5500,1750,1500,9125
4019,125,375,5250,1625,1500,8875
4020,125,375,5375,1750,1500,9125
4021,125,375,5375,1750,1500,9125
4022,125,375,5375,1750,1500,9125
4023,125,500,5250,1625,1500,9000
4024,0,375,5500,1625,1500,9000
4025,125,375,5375,1625,1500,9000
4026,0,375,5375,1625,1500,8875
4027,125,375,5250,1625,1500,8875
4028,125,375,5375,1625,1500,9000
4029,125,375,5375,1625,1500,9000
4030,0,375,5375,1625,1500,8875
4031,125,375,5500,1625,1500,9125
4032,125,375,5250,1625,1625,9000
4033,0,375,5375,1625,1500,8875
4034,125,500,5375,1625,1375,9000
4035,125,375,6000,2000,1625,10125
4036,125,500,5375,1750,1625,9375
4037,125,375,5500,1750,1625,9375
4038,125,375,5375,1625,1500,9000
4039,125,375,5375,1625,1625,9125
4040,125,375,5250,1750,1500,9000
4041,125,500,5375,1750,1625,9375
4042,0,375,5375,1750,1625,9125
4043,0,375,5250,1625,1500,8750
4044,125,375,5500,1625,1500,9125
4045,125,375,5250,1625,1500,8875
4046,0,375,5375,1625,1500,8875
4047,0,375,5375,1625,1500,8875
4048,125,375,5375,1750,1500,9125
4049,125,375,5375,1750,1500,9125
4050,125,375,5250,1625,1500,8875
4051,125,375,5375,1625,1500,9000
4052,0,375,5500,1625,1500,9000
4053,125,375,5375,1750,1625,9250
4054,0,375,5500,1750,1500,9125
4055,125,375,5500,1625,1500,9125
4056,125,375,5375,1625,1500,9000
4057,125,375,5250,1625,1500,8875
4058,125,375,5250,1750,1625,9125
4059,0,375,5375,1625,1500,8875
4060,125,375,5375,1625,1500,9000
4061,125,375,5375,1625,1500,9000
4062,125,375,5250,1625,1500,8875
4063,125,375,5250,1625,1500,8875
4064,125,375,5375,1750,1500,9125
4065,125,375,5250,1625,1500,8875
4066,125,375,5250,1625,1375,8750
4067,125,375,5250,1625,1500,8875
4068,125,375,5375,1750,1500,9125
4069,125,375,5375,1750,1500,9125
4070,0,375,5375,1625,1500,8875
4071,0,375,5375,1750,1625,9125
4072,125,375,5375,1625,1625,9125
4073,125,375,5375,1625,1500,9000
4074,125,500,5375,1750,1625,9375
4075,125,500,5250,1625,1500,9000
4076,0,375,5250,1750,1625,9000
4077,125,375,5375,1750,1500,9125
4078,125,375,5375,1625,1500,9000
4079,125,375,5375,1750,1500,9125
4080,125,375,5250,1625,1500,8875
4081,125,375,5375,1625,1500,9000
4082,125,375,5250,1750,1500,9000
4083,125,375,5375,1750,1625,9250
4084,125,375,5375,1625,1500,9000
4085,125,375,5250,1625,1500,8875
4086,125,375,5500,1750,1625,9375
4087,125,375,5375,1625,1500,9000
4088,125,375,5375,1625,1500,9000
4089,125,375,5500,1750,1500,9250
4090,125,375,5375,1625,1625,9125
4091,125,375,5375,1625,1500,9000
4092,125,375,5375,1625,1500,9000
4093,125,375,5250,1625,1500,8875
4094,125,500,5500,1625,1500,9250
4095,0,375,5500,1625,1500,9000
4096,125,375,5250,1625,1500,8875
4097,125,375,5375,1750,1500,9125
4098,125,375,5375,1750,1500,9125
4099,125,375,5250,1625,1500,8875
4100,125,375,5375,1750,1500,9125
4101,0,375,5500,1625,1500,9000
4102,125,375,5375,1625,1500,9000
4103,125,375,5375,1750,1500,9125
4104,125,375,5375,1625,1500,9000
4105,125,375,5375,1750,1625,9250
4106,125,375,5375,1625,1500,9000
4107,125,375,5250,1625,1500,8875
4108,0,375,5375,1750,1500,9000
4109,125,375,5375,1625,1500,9000
4110,125,375,5375,1750,1500,9125
4111,125,375,5250,1625,1500,8875
4112,125,375,5250,1625,1500,8875
4113,125,375,5375,1500,1625,9000
4114,125,375,5500,1625,1500,9125
4115,125,375,5375,1625,1500,9000
4116,125,375,5250,1625,1500,8875
4117,125,375,5500,1750,1500,9250
4118,125,375,5375,1750,1500,9125
4119,125,375,5250,1625,1375,8750
4120,125,500,5375,1625,1500,9125
4121,125,375,5250,1625,1500,8875
4122,125,375,5375,1625,1625,9125
4123,125,375,5250,1750,1625,9125
4124,125,375,5250,1750,1375,8875
4125,0,375,5500,1750,1625,9250
4126,125,375,5375,1625,1500,9000
4127,0,375,5500,1750,1500,9125
4128,125,375,5250,1625,1500,8875
4129,125,375,5375,1750,1500,9125
4130,125,375,5375,1750,1500,9125
4131,125,375,5500,1625,1500,9125
4132,125,375,5250,1625,1500,8875
4133,125,375,5375,1625,1500,9000
4134,125,375,5375,1625,1500,9000
4135,125,375,5250,1750,1625,9125
4136,0,375,5375,1625,1625,9000
4137,125,375,5375,1750,1500,9125
4138,125,375,5375,1625,1500,9000
4139,125,375,5250,1625,1625,9000
4140,0,375,5375,1625,1500,8875
4141,125,375,5375,1625,1500,9000
4142,125,375,5375,1750,1500,9125
4143,125,375,5375,1750,1625,9250
4144,0,375,5375,1750,1625,9125
4145,0,375,5375,1750,1500,9000
4146,125,375,5250,1625,1500,8875
4147,0,375,5500,1625,1500,9000
4148,125,375,5250,1625,1500,8875
4149,125,375,5375,1625,1500,9000
4150,125,375,5250,1750,1500,9000
4151,125,500,5375,1750,1500,9250
4152,125,375,5375,1625,1500,9000
4153,125,375,5375,1750,1500,9125
4154,125,375,5250,1625,1500,8875
4155,125,375,5250,1625,1500,8875
4156,125,375,5375,1750,1625,9250
4157,125,375,5250,1625,1500,8875
4158,0,375,5500,1625,1500,9000
4159,125,500,5250,1750,1625,9250
4160,125,375,6000,1875,1625,10000
4161,125,375,5500,1750,1625,9375
4162,0,375,5375,1750,1625,9125
4163,125,375,5375,1750,1625,9250
4164,125,375,5250,1625,1500,8875
4165,125,375,5375,1750,1500,9125
4166,125,500,5375,1625,1500,9125
4167,125,375,5375,1750,1500,9125
4168,125,375,5250,1625,1500,8875
4169,125,375,5375,1625,1500,9000
4170,125,500,5250,1625,1500,9000
4171,125,375,5375,12000,1750,19625
4172,125,500,6125,1750,1625,10125
4173,125,375,5625,1750,1500,9375
4174,125,375,5375,1750,1500,9125
4175,125,375,5375,1750,1500,9125
4176,125,375,5375,1625,1500,9000
4177,125,375,5375,1750,1625,9250
4178,125,375,5375,1625,1500,9000
4179,0,375,5375,1625,1500,8875
4180,0,375,5375,1750,1625,9125
4181,125,500,5250,1625,1500,9000
4182,125,375,5250,1625,1500,8875
4183,125,375,5375,1750,1625,9250
4184,125,375,5250,1625,1500,8875
4185,125,375,5375,1625,1500,9000
4186,125,375,5375,1750,1500,9125
4187,125,375,5375,1625,1500,9000
4188,125,375,5375,1625,1500,9000
4189,125,375,5250,1625,1625,9000
4190,125,375,5375,1500,1500,8875
4191,125,375,5500,1750,1625,9375
4192,0,375,5250,1750,1625,9000
4193,125,375,5375,1625,1500,9000
4194,125,500,5375,1750,1625,9375
4195,125,375,5375,1625,1625,9125
4196,0,375,5375,1750,1500,9000
4197,125,375,5375,1750,1500,9125
4198,125,375,5250,1625,1500,8875
4199,125,375,5500,1625,1500,9125
4200,125,375,5250,1625,1500,8875
4201,0,375,5500,1750,1500,9125
4202,125,375,5375,1750,1500,9125
4203,125,375,5250,1625,1625,9000
4204,125,375,5375,1750,1625,9250
4205,125,375,5375,1625,1500,9000
4206,0,375,5375,1750,1500,9000
4207,125,375,5375,1750,1625,9250
4208,125,375,5375,1625,1625,9125
4209,0,375,5375,1625,1625,9000
4210,0,375,5375,1750,1375,8875
4211,125,375,5375,1625,1500,9000
4212,125,375,5250,1625,1500,8875
4213,125,375,5375,1750,1625,9250
4214,0,375,5375,1625,1500,8875
4215,125,375,5250,1625,1500,8875
4216,125,375,5375,1625,1500,9000
4217,125,375,5375,1750,1500,9125
4218,0,375,5500,1625,1500,9000
4219,0,375,5375,1625,1500,8875
4220,0,375,5500,1625,1500,9000
4221,125,375,5375,1625,1500,9000
4222,125,500,5250,1625,1500,9000
4223,125,375,5375,1625,1500,9000
4224,125,375,5250,1625,1500,8875
4225,125,375,5375,1750,1625,9250
4226,0,375,5375,1750,1500,9000
4227,125,375,5375,1625,1625,9125
4228,125,375,5250,1625,1625,9000
4229,125,375,5375,1750,1500,9125
4230,125,500,5250,1625,1500,9000
4231,125,500,5250,1625,1625,9125
4232,125,375,5250,1625,1500,8875
4233,125,375,5250,1625,1625,9000
4234,125,375,5250,1625,1500,8875
4235,125,375,5375,1750,1500,9125
4236,125,375,5375,1625,1625,9125
4237,125,375,5250,1750,1625,9125
4238,125,375,5250,1750,1500,9000
4239,125,375,5250,1750,1500,9000
4240,125,375,5500,1625,1500,9125
4241,125,375,5375,1625,1500,9000
4242,125,500,5250,1625,1500,9000
4243,125,375,5375,1750,1625,9250
4244,0,375,5375,1625,1500,8875
4245,125,375,5250,1625,1625,9000
4246,0,375,5500,1750,1625,9250
4247,0,375,5375,1625,1500,8875
4248,125,375,5375,1750,1500,9125
4249,125,375,5500,1625,1500,9125
4250,125,375,5375,1625,1500,9000
4251,125,375,5375,1750,1500,9125
4252,125,375,5375,1750,1500,9125
4253,125,375,5375,1750,1625,9250
4254,125,375,5375,1750,1500,9125
4255,125,375,5375,1625,1500,9000
4256,0,375,5375,1625,1500,8875
4257,125,375,5250,1625,1500,8875
4258,125,500,5250,1750,1625,9250
4259,0,375,5500,1750,1625,9250
4260,125,375,5375,1750,1500,9125
4261,125,375,5375,1750,1625,9250
4262,125,375,5375,1750,1500,9125
4263,125,375,5375,1625,1500,9000
4264,125,500,5500,1625,1500,9250
4265,125,375,5375,1625,1500,9000
4266,125,500,5375,1750,1625,9375
4267,0,375,5375,1625,1500,8875
4268,0,375,5375,1750,1500,9000
4269,125,375,5375,1625,1500,9000
4270,125,375,5500,1750,1500,9250
4271,125,375,5375,1625,1500,9000
4272,0,375,5500,1625,1500,9000
4273,125,375,5250,1625,1500,8875
4274,125,375,5375,1750,1625,9250
4275,125,375,5250,1625,1500,8875
4276,125,375,5375,1625,1500,9000
4277,125,375,5375,1750,1500,9125
4278,125,375,5250,1625,1500,8875
4279,125,375,5375,1625,1625,9125
4280,125,375,5250,1625,1500,8875
4281,125,375,5375,1750,1500,9125
4282,0,375,5500,1625,1500,9000
4283,125,500,5375,1625,1500,9125
4284,125,375,5375,1750,1625,9250
4285,0,375,5375,1625,1500,8875
4286,125,375,6000,1875,1625,10000
4287,125,375,5500,1625,1500,9125
4288,125,375,5375,1750,1625,9250
4289,125,375,5250,1625,1625,9000
4290,125,375,5375,1625,1500,9000
4291,125,375,5375,1750,1500,9125
4292,125,375,5250,1625,1500,8875
4293,125,375,5250,1625,1500,8875
4294,125,375,5375,1625,1500,9000
4295,125,375,5250,1625,1500,8875
4296,125,375,5375,1750,1500,9125
4297,125,375,5375,1625,1500,9000
4298,125,375,5250,1750,1500,9000
4299,125,375,5375,1625,1500,9000
4300,125,375,5250,1625,1500,8875
4301,125,375,5250,1625,1500,8875
4302,125,375,5375,1750,1500,9125
4303,125,375,5250,1625,1500,8875
4304,125,375,5250,1750,1375,8875
4305,0,375,5500,1625,1500,9000
4306,125,375,5375,1750,1625,9250
4307,125,375,5375,1625,1500,9000
4308,125,375,5250,1750,1500,9000
4309,125,375,5125,1625,1500,8750
4310,125,375,5375,1625,1500,9000
4311,125,500,5375,1750,1500,9250
4312,125,375,5375,1750,1500,9125
4313,125,375,5250,1625,1500,8875
4314,125,500,5375,1750,1625,9375
4315,125,375,5375,1750,1500,9125
4316,0,375,5375,1625,1500,8875
4317,125,375,5375,1625,1500,9000
4318,125,375,5375,1750,1625,9250
4319,125,375,5500,1625,1500,9125
4320,125,375,5375,1750,1625,9250
4321,125,375,5375,1625,1500,9000
4322,125,375,5250,1625,1500,8875
4323,125,375,5375,1750,1625,9250
4324,125,375,5375,1625,1625,9125
4325,125,375,5500,1625,1500,9125
4326,125,375,5375,1625,1500,9000
4327,125,375,5375,1625,1500,9000
4328,125,375,5250,1625,1500,8875
4329,125,375,5375,1625,1625,9125
4330,0,375,5500,1625,1500,9000
4331,125,500,5375,1625,1500,9125
4332,125,375,5250,1750,1625,9125
4333,0,375,5250,1625,1500,8750
4334,125,375,5250,1750,1500,9000
4335,125,375,5500,1750,1500,9250
4336,125,375,5250,1625,1625,9000
4337,125,375,5375,1750,1625,9250
4338,125,375,5500,1625,1500,9125
4339,125,375,5250,1625,1500,8875
4340,125,375,5375,1625,1500,9000
4341,125,375,5375,1625,1500,9000
4342,0,375,5375,1625,1500,8875
4343,125,375,5250,1625,1500,8875
4344,125,375,5375,1625,1500,9000
4345,125,375,5375,1750,1625,9250
4346,125,375,5375,1625,1500,9000
4347,125,500,5375,1625,1500,9125
4348,125,375,5250,1625,1500,8875
4349,125,500,5375,1750,1500,9250
4350,125,375,5375,1625,1500,9000
4351,0,375,5500,1750,1625,9250
4352,0,375,5375,1625,1500,8875
4353,125,375,5375,1625,1500,9000
4354,125,375,5375,1625,1500,9000
4355,125,375,5250,1625,1500,8875
4356,0,375,5500,1625,1500,9000
4357,125,375,5375,1750,1625,9250
4358,125,375,5250,1625,1500,8875
4359,125,500,5250,1750,1500,9125
4360,125,375,5375,1750,1500,9125
4361,125,500,5375,1625,1500,9125
4362,125,500,5375,1750,1500,9250
4363,125,375,5375,1750,1500,9125
4364,125,375,5250,1625,1500,8875
4365,125,375,5375,1625,1500,9000
4366,0,375,5500,1750,1625,9250
4367,125,375,5500,1750,1500,9250
4368,125,375,5375,1625,1500,9000
4369,125,375,5375,1625,1625,9125
4370,125,375,5375,1750,1500,9125
4371,125,375,5250,1625,1500,8875
4372,125,375,5250,1625,1500,8875
4373,125,375,5375,1750,1500,9125
4374,125,500,5250,1625,1500,9000
4375,125,375,5375,1625,1500,9000
4376,125,375,5375,1750,1500,9125
4377,125,375,5500,1625,1500,9125
4378,125,375,5250,1625,1500,8875
4379,125,375,5250,1625,1500,8875
4380,125,375,5500,1625,1500,9125
4381,125,375,5375,1625,1500,9000
4382,0,375,5375,1750,1500,9000
4383,125,375,5375,1625,1500,9000
4384,125,500,5500,1750,1500,9375
4385,125,375,5375,1625,1500,9000
4386,125,375,5375,1625,1500,9000
4387,125,375,5375,1750,1500,9125
4388,125,375,5375,1625,1500,9000
4389,125,375,5250,1625,1500,8875
4390,125,375,5250,1750,1500,9000
4391,125,375,5500,1625,1500,9125
4392,125,375,5375,1625,1500,9000
4393,125,375,5375,1625,1500,9000
4394,125,375,5375,1750,1500,9125
4395,125,375,5375,1625,1500,9000
4396,125,375,5375,1625,1500,9000
4397,125,375,5500,1625,1500,9125
4398,125,500,5375,1625,1500,9125
4399,125,375,5375,1625,1625,9125
4400,125,375,5375,1625,1500,9000
4401,125,375,5375,1625,1500,9000
4402,125,375,5375,1750,1500,9125
4403,0,375,5375,1625,1500,8875
4404,125,375,5375,1625,1500,9000
4405,125,375,5500,1750,1625,9375
4406,125,375,5250,1625,1500,8875
4407,125,375,5500,1625,1500,9125
4408,125,375,5375,1625,1500,9000
4409,125,375,5250,1625,1500,8875
4410,125,375,6000,1875,1500,9875
4411,125,375,5500,1750,1500,9250
4412,0,375,5500,1750,1500,9125
4413,0,375,5375,1625,1500,8875
4414,0,375,5500,1625,1500,9000
4415,125,375,5375,1625,1625,9125
4416,125,375,5250,1625,1500,8875
4417,125,375,5375,1625,1500,9000
4418,125,375,5375,1750,1500,9125
4419,125,375,5500,1625,1500,9125
4420,125,375,5375,1625,1625,9125
4421,125,375,5250,1625,1500,8875
4422,125,375,5375,1750,1500,9125
4423,125,500,5500,1750,1500,9375
4424,125,375,5375,1625,1500,9000
4425,125,375,5375,1625,1500,9000
4426,125,500,5500,1625,1625,9375
4427,125,375,5250,1625,1625,9000
4428,0,375,5500,1625,1500,9000
4429,125,375,5375,1750,1500,9125
4430,125,375,5250,1625,1500,8875
4431,125,375,5250,1625,1500,8875
4432,125,375,5250,1750,1500,9000
4433,125,500,5375,1625,1625,9250
4434,0,375,5375,1750,1500,9000
4435,125,375,5375,1625,1500,9000
4436,125,375,5375,1625,1500,9000
4437,125,375,5250,1750,1625,9125
4438,0,375,5375,1625,1625,9000
4439,125,375,5500,1625,1500,9125
4440,0,375,5375,1625,1500,8875
4441,0,375,5375,1625,1625,9000
4442,125,375,5500,1625,1500,9125
4443,125,375,5375,1625,1500,9000
4444,125,375,5375,1750,1500,9125
4445,125,375,5375,1750,1625,9250
4446,0,375,5375,1750,1500,9000
4447,125,375,5375,1750,1625,9250
4448,125,375,5375,1625,1500,9000
4449,125,375,5375,1625,1625,9125
4450,0,375,5375,1625,1500,8875
4451,125,500,5375,1750,1500,9250
4452,125,375,5250,1750,1500,9000
4453,125,375,5375,1625,1500,9000
4454,125,500,5375,1625,1625,9250
4455,125,375,5375,1625,1500,9000
4456,125,375,5375,1750,1625,9250
4457,125,375,5250,1625,1500,8875
4458,0,375,5375,1625,1500,8875
4459,125,500,5375,1625,1500,9125
4460,0,375,5250,1625,1500,8750
4461,125,375,5250,1750,1625,9125
4462,125,375,5250,1625,1500,8875
4463,125,375,5375,1750,1625,9250
4464,0,375,5375,1750,1500,9000
4465,0,375,5500,1750,1500,9125
4466,125,375,5250,1625,1500,8875
4467,125,375,5375,1625,1500,9000
4468,125,375,5250,1625,1500,8875
4469,125,375,5375,1625,1500,9000
4470,125,375,5375,1625,1625,9125
4471,0,375,5375,1625,1500,8875
4472,0,375,5500,1625,1500,9000
4473,125,375,5250,1625,1500,8875
4474,125,375,5375,1750,1625,9250
4475,125,375,5250,1625,1500,8875
4476,125,375,5250,1625,1375,8750
4477,125,375,5250,1625,1500,8875
4478,0,375,5375,1625,1500,8875
4479,125,375,5375,1750,1500,9125
4480,125,375,5375,1750,1500,9125
4481,125,500,5250,1625,1500,9000
4482,125,375,5250,1625,1500,8875
4483,125,375,5250,1625,1500,8875
4484,125,375,5375,1750,1625,9250
4485,125,375,5500,1625,1500,9125
4486,125,375,5375,1625,1500,9000
4487,125,375,5375,1625,1500,9000
4488,125,375,5250,1625,1500,8875
4489,125,375,5375,1625,1500,9000
4490,125,500,5375,1625,1500,9125
4491,125,500,5250,1750,1625,9250
4492,125,375,5250,1625,1500,8875
4493,125,375,5375,1750,1500,9125
4494,125,375,5375,1625,1500,9000
4495,125,375,5250,1625,1500,8875
4496,125,375,5375,1750,1500,9125
4497,125,500,5375,1750,1625,9375
4498,0,375,5500,1625,1500,9000
4499,125,500,5375,1750,1500,9250
4500,125,375,5375,1750,1500,9125
4501,125,375,5250,1625,1500,8875
4502,125,375,5250,1625,1625,9000
4503,125,375,5250,1750,1625,9125
4504,125,375,5375,1750,1500,9125
4505,125,375,5375,1625,1625,9125
4506,125,375,5375,1625,1500,9000
4507,125,375,5250,1625,1625,9000
4508,0,375,5375,1625,1500,8875
4509,0,375,5500,1750,1500,9125
4510,125,375,5250,1625,1500,8875
4511,0,375,5375,1625,1375,8750
4512,125,375,5375,1750,1625,9250
4513,125,375,5375,1750,1500,9125
4514,125,375,5250,1625,1500,8875
4515,125,375,5250,1625,1500,8875
4516,125,375,16250,1750,1625,20125
4517,125,375,5875,1750,1500,9625
4518,0,375,5625,1750,1625,9375
4519,125,375,5250,1625,1500,8875
4520,125,375,5250,1625,1500,8875
4521,0,375,5375,1625,1500,8875
4522,125,375,5375,1625,1500,9000
4523,125,375,5250,1625,1500,8875
4524,125,375,5250,1625,1500,8875
4525,125,375,5375,1625,1375,8875
4526,125,375,5375,1750,1500,9125
4527,0,375,5375,1625,1500,8875
4528,125,375,5250,1750,1375,8875
4529,125,375,5375,1625,1500,9000
4530,125,375,5375,1750,1500,9125
4531,125,375,5375,1750,1375,9000
4532,125,375,5375,1625,1500,9000
4533,125,375,5375,1625,1500,9000
4534,125,375,5375,1625,1500,9000
4535,125,375,5500,1625,1500,9125
4536,125,375,6000,1875,1625,10000
4537,0,375,5625,1750,1625,9375
4538,125,375,5375,1750,1500,9125
4539,125,500,5250,1625,1500,9000
4540,125,500,5375,1750,1500,9250
4541,125,375,5500,1750,1500,9250
4542,125,500,5375,1625,1500,9125
4543,125,375,5500,1750,1500,9250
4544,125,375,5250,1625,1500,8875
4545,125,375,5375,1625,1625,9125
4546,0,375,5500,1625,1500,9000
4547,125,500,5500,1625,1500,9250
4548,125,500,5375,1625,1500,9125
4549,125,375,5500,1625,1500,9125
4550,125,375,5250,1625,1500,8875
4551,0,375,5500,1750,1500,9125
4552,125,375,5375,1625,1500,9000
4553,0,375,5500,1625,1500,9000
4554,125,375,5375,1750,1375,9000
4555,125,375,5375,1625,1500,9000
4556,0,375,5375,1625,1500,8875
4557,125,375,5250,1625,1500,8875
4558,125,375,5250,1750,1625,9125
4559,125,375,5375,1625,1500,9000
4560,125,500,5250,1750,1500,9125
4561,125,375,5375,1625,1500,9000
4562,125,375,5250,1625,1500,8875
4563,125,375,5375,1625,1500,9000
4564,125,375,5250,1625,1500,8875
4565,125,375,5250,1625,1500,8875
4566,125,375,5250,1625,1625,9000
4567,0,375,5375,1750,1500,9000
4568,125,500,5375,1750,1500,9250
4569,0,375,5375,1625,1500,8875
4570,0,375,5375,1625,1500,8875
4571,125,375,5375,1750,1500,9125
4572,125,375,5375,1625,1500,9000
4573,125,375,5375,1750,1500,9125
4574,125,375,5375,1750,1500,9125
4575,125,500,5375,1625,1500,9125
4576,125,375,5375,1625,1500,9000
4577,125,375,5375,1625,1500,9000
4578,0,375,5375,1750,1500,9000
4579,125,375,5375,1625,1625,9125
4580,0,375,5375,1750,1500,9000
4581,125,375,5375,1625,1500,9000
4582,125,500,5250,1625,1500,9000
4583,125,375,5375,1625,1500,9000
4584,125,500,5375,1750,1500,9250
4585,125,375,5375,1625,1500,9000
4586,125,375,5375,1750,1500,9125
4587,125,375,5375,1625,1625,9125
4588,0,375,5375,1625,1625,9000
4589,125,375,5375,1625,1500,9000
4590,125,375,5250,1625,1500,8875
4591,0,375,5500,1625,1500,9000
4592,0,375,5375,1750,1500,9000
4593,125,375,5250,1625,1500,8875
4594,125,375,5375,1750,1500,9125
4595,125,375,5375,1625,1500,9000
4596,125,375,5250,1750,1500,9000
4597,125,375,5375,1750,1500,9125
4598,125,375,5500,1625,1500,9125
4599,125,375,5250,1625,1500,8875
4600,125,375,5250,1625,1500,8875
4601,0,375,5500,1750,1500,9125
4602,125,375,5250,1750,1625,9125
4603,0,375,5500,1750,1500,9125
4604,125,375,5375,1750,1500,9125
4605,125,375,5375,1625,1625,9125
4606,125,375,5500,1625,1500,9125
4607,125,375,5375,1750,1500,9125
4608,0,375,5500,1750,1625,9250
4609,125,375,5375,1625,1500,9000
4610,125,375,5375,1750,1625,9250
4611,125,375,5250,1625,1625,9000
4612,125,375,5375,1625,1500,9000
4613,125,375,5375,1750,1500,9125
4614,125,375,5375,1750,1625,9250
4615,125,375,5500,1750,1500,9250
4616,125,375,5375,1750,1625,9250
4617,125,375,5500,1625,1500,9125
4618,125,375,5375,1625,1500,9000
4619,125,375,5250,1625,1625,9000
4620,125,375,5375,1750,1625,9250
4621,0,375,5375,1625,1500,8875
4622,125,375,5250,1625,1500,8875
4623,125,375,5375,1750,1500,9125
4624,0,375,5500,1625,1500,9000
4625,125,375,5375,1625,1500,9000
4626,125,375,5375,1625,1500,9000
4627,125,500,5250,1625,1500,9000
4628,125,500,5375,1625,1500,9125
4629,125,375,5375,1625,1500,9000
4630,125,375,5250,1625,1500,8875
4631,125,375,5375,1625,1500,9000
4632,125,375,5375,1750,1625,9250
4633,125,375,5500,1750,1500,9250
4634,125,375,5250,1625,1500,8875
4635,125,375,5250,1625,1500,8875
4636,125,375,5375,1750,1625,9250
4637,125,375,5250,1625,1500,8875
4638,125,375,5250,1625,1500,8875
4639,125,375,5250,1625,1500,8875
4640,125,375,5375,1625,1500,9000
4641,125,375,5375,1750,1500,9125
4642,125,375,5375,1625,1500,9000
4643,125,500,5250,1625,1500,9000
4644,125,500,5375,1625,1500,9125
4645,125,375,5375,1750,1500,9125
4646,125,375,5375,1750,1500,9125
4647,125,375,5375,1625,1500,9000
4648,125,375,5375,1625,1500,9000
4649,125,375,5375,1750,1500,9125
4650,125,375,5375,1625,1500,9000
4651,125,500,5375,1625,1500,9125
4652,0,375,5375,1750,1500,9000
4653,125,375,5375,1625,1500,9000
4654,125,375,5250,1625,1625,9000
4655,125,375,5375,1750,1500,9125
4656,125,375,5375,1625,1500,9000
4657,0,375,5250,1750,1500,8875
4658,125,375,5375,1625,1500,9000
4659,125,375,5250,1625,1500,8875
4660,125,375,5375,1750,1500,9125
4661,125,375,6125,1875,1625,10125
4662,0,375,5500,1625,1500,9000
4663,125,500,5500,1625,1625,9375
4664,125,500,5375,1625,1500,9125
4665,125,375,5250,1625,1500,8875
4666,125,375,5375,1625,1500,9000
4667,125,500,5375,1750,1500,9250
4668,125,375,5375,1625,1500,9000
4669,125,375,5500,1750,1625,9375
4670,0,375,5375,1625,1500,8875
4671,125,375,5500,1750,1625,9375
4672,0,375,5375,1625,1500,8875
4673,125,375,5500,1625,1500,9125
4674,125,500,5250,1625,1500,9000
4675,125,375,5375,1625,1500,9000
4676,125,500,5375,1625,1500,9125
4677,125,375,5500,1750,1625,9375
4678,125,375,5375,1625,1500,9000
4679,125,375,5375,1625,1500,9000
4680,0,375,5375,1625,1500,8875
4681,125,375,5125,1750,1625,9000
4682,125,375,5375,1625,1625,9125
4683,125,375,5250,1750,1625,9125
4684,125,375,5250,1500,1500,8750
4685,125,375,5250,1750,1500,9000
4686,125,375,5500,1625,1625,9250
4687,125,375,5375,1625,1500,9000
4688,125,500,5375,1750,1500,9250
4689,125,375,5250,1625,1625,9000
4690,0,375,5500,1750,1500,9125
4691,125,375,5375,1625,1500,9000
4692,125,375,5375,1750,1625,9250
4693,125,375,5375,1625,1500,9000
4694,125,375,5250,1750,1500,9000
4695,125,375,5375,1625,1500,9000
4696,125,375,5500,1750,1625,9375
4697,125,375,5250,1750,1625,9125
4698,125,500,5250,1625,1500,9000
4699,125,375,5375,1625,1500,9000
4700,125,375,5375,1625,1500,9000
4701,0,375,5375,1750,1500,9000
4702,125,375,5375,1625,1500,9000
4703,125,375,5250,1625,1500,8875
4704,125,375,5250,1750,1500,9000
4705,125,375,5375,1750,1500,9125
4706,125,375,5250,1625,1500,8875
4707,125,500,5375,1625,1500,9125
4708,125,375,5375,1750,1625,9250
4709,125,375,5375,1750,1625,9250
4710,125,375,5250,1625,1500,8875
4711,125,375,5250,1625,1500,8875
4712,0,375,5500,1750,1500,9125
4713,125,500,5250,1625,1500,9000
4714,0,375,5375,1625,1500,8875
4715,125,375,5250,1625,1500,8875
4716,125,375,5500,1625,1500,9125
4717,125,500,5250,1625,1500,9000
4718,125,375,5375,1625,1500,9000
4719,125,375,5375,1750,1500,9125
4720,125,375,5375,1750,1500,9125
4721,125,375,5375,1750,1500,9125
4722,125,375,5375,1625,1625,9125
4723,0,375,5375,1625,1500,8875
4724,125,375,5375,1750,1500,9125
4725,0,375,5375,1750,1500,9000
4726,0,375,5375,1625,1500,8875
4727,125,375,5250,1625,1500,8875
4728,125,375,5375,1625,1500,9000
4729,125,500,5375,1625,1500,9125
4730,125,375,5250,1625,1500,8875
4731,125,375,5375,1750,1500,9125
4732,125,375,5375,1750,1625,9250
4733,0,375,5250,1750,1500,8875
4734,125,375,5250,1750,1500,9000
4735,125,375,5375,1625,1500,9000
4736,125,375,5375,1625,1500,9000
4737,125,375,5250,1750,1625,9125
4738,125,375,5250,1750,1500,9000
4739,125,375,5500,1625,1500,9125
4740,125,375,5250,1750,1500,9000
4741,125,375,5375,1625,1500,9000
4742,125,375,5375,1625,1500,9000
4743,125,375,5250,1625,1500,8875
4744,125,375,5250,1625,1500,8875
4745,0,375,5250,1625,1500,8750
4746,125,375,5375,1750,1625,9250
4747,125,375,5250,1625,1500,8875
4748,125,375,5375,1750,1625,9250
4749,125,375,5500,1625,1375,9000
4750,125,375,5375,1750,1500,9125
4751,125,375,5375,1625,1500,9000
4752,125,375,5500,1625,1500,9125
4753,125,500,5375,1750,1625,9375
4754,0,375,5500,1750,1500,9125
4755,125,375,5375,1625,1625,9125
4756,125,375,5500,1625,1500,9125
4757,125,375,5375,1750,1625,9250
4758,125,500,5375,1750,1500,9250
4759,0,375,5375,1750,1500,9000
4760,125,375,5375,1750,1500,9125
4761,0,375,5375,1625,1500,8875
4762,125,375,5375,1625,1500,9000
4763,125,375,5375,1750,1625,9250
4764,125,375,5250,1625,1625,9000
4765,125,500,5375,1750,1500,9250
4766,0,375,5375,1625,1500,8875
4767,0,375,5375,1750,1500,9000
4768,125,375,5375,1750,1625,9250
4769,125,375,5375,1625,1500,9000
4770,125,375,5250,1625,1500,8875
4771,125,375,5375,1625,1625,9125
4772,125,500,5375,1750,1625,9375
4773,125,375,5375,1750,1500,9125
4774,125,375,5375,1625,1500,9000
4775,125,375,5375,1625,1500,9000
4776,125,375,5375,1625,1500,9000
4777,125,375,5375,1750,1500,9125
4778,125,375,5375,1625,1500,9000
4779,125,375,5250,1625,1500,8875
4780,125,375,5250,1625,1500,8875
4781,125,375,5500,1750,1500,9250
4782,125,375,5375,1750,1500,9125
4783,125,375,5250,1625,1500,8875
4784,125,375,5375,1625,1500,9000
4785,125,375,5250,1625,1500,8875
4786,125,375,6000,1750,1500,9750
4787,125,375,5625,1750,1625,9500
4788,125,375,5375,1625,1500,9000
4789,0,375,5375,1750,1500,9000
4790,125,375,5375,1625,1500,9000
4791,125,375,5375,1625,1500,9000
4792,125,500,5375,1750,1625,9375
4793,0,375,5375,1750,1625,9125
4794,0,375,5375,1750,1500,9000
4795,125,375,5375,1625,1500,9000
4796,125,500,5375,1625,1500,9125
4797,125,500,5500,1625,1500,9250
4798,125,375,5375,1750,1625,9250
4799,125,375,5500,1750,1500,9250
4800,125,375,5375,1625,1500,9000
4801,125,375,5375,1625,1500,9000
4802,125,375,5375,1750,1500,9125
4803,125,500,5375,1750,1500,9250
4804,125,375,5250,1625,1500,8875
4805,125,375,5375,1750,1625,9250
4806,0,375,5250,1625,1500,8750
4807,125,375,5250,1625,1500,8875
4808,125,375,5375,1625,1625,9125
4809,125,375,5250,1625,1500,8875
4810,125,375,5500,1750,1500,9250
4811,125,375,5375,1750,1500,9125
4812,125,375,5375,1750,1625,9250
4813,0,375,5375,1625,1625,9000
4814,125,375,5375,1625,1500,9000
4815,125,375,5375,1625,1500,9000
4816,125,375,5375,1625,1500,9000
4817,125,375,5500,1625,1625,9250
4818,125,500,5375,1625,1500,9125
4819,125,375,5375,1750,1625,9250
4820,125,375,5250,1625,1500,8875
4821,125,375,5250,1750,1500,9000
4822,0,375,5250,1625,1500,8750
4823,125,375,5375,1625,1500,9000
4824,125,375,5250,1625,1500,8875
4825,125,375,5375,1625,1500,9000
4826,125,375,5375,1625,1500,9000
4827,125,375,5250,1750,1500,9000
4828,125,375,5375,1750,1500,9125
4829,125,375,5250,1750,1500,9000
4830,125,500,5375,1750,1500,9250
4831,125,375,5250,1625,1500,8875
4832,125,375,5375,1625,1500,9000
4833,125,375,5250,1625,1500,8875
4834,125,500,5250,1625,1500,9000
4835,125,375,5375,1625,1500,9000
4836,125,375,5375,1625,1500,9000
4837,0,375,5375,1625,1500,8875
4838,125,375,5375,1750,1500,9125
4839,125,375,5375,1750,1500,9125
4840,125,375,5375,1625,1500,9000
4841,125,500,5375,1625,1625,9250
4842,125,375,5375,1625,1500,9000
4843,125,375,5375,1750,1500,9125
4844,125,375,5250,1750,1500,9000
4845,125,375,5375,1750,1625,9250
4846,125,375,5500,1750,1500,9250
4847,125,375,5375,1750,1625,9250
4848,125,375,5250,1750,1500,9000
4849,0,375,5500,1750,1500,9125
4850,125,375,5375,1750,1500,9125
4851,125,375,5250,1625,1500,8875
4852,125,500,5375,1625,1500,9125
4853,0,375,5250,1625,1500,8750
4854,0,375,5375,1625,1375,8750
4855,125,375,5375,1750,1625,9250
4856,125,375,5375,1625,1500,9000
4857,125,375,5375,1625,1625,9125
4858,125,500,5375,1625,1500,9125
4859,125,375,5500,1625,1500,9125
4860,125,375,6375,1750,1625,10250
4861,125,375,5750,1625,1625,9500
4862,125,500,5500,1625,1500,9250
4863,125,375,5375,1625,1500,9000
4864,125,375,5500,1750,1625,9375
4865,125,375,5250,1750,1625,9125
4866,125,375,5375,1625,1500,9000
4867,125,500,5375,1625,1500,9125
4868,125,375,5250,1750,1500,9000
4869,125,375,5250,1750,1625,9125
4870,0,375,5375,1625,1500,8875
4871,125,375,5375,1750,1500,9125
4872,125,375,5375,1625,1500,9000
4873,125,375,5375,1750,1500,9125
4874,125,375,5375,1625,1500,9000
4875,125,500,5375,1750,1625,9375
4876,125,375,5375,1625,1500,9000
4877,125,375,5250,1625,1500,8875
4878,125,500,5375,1750,1625,9375
4879,125,375,5250,1625,1625,9000
4880,125,375,5375,1750,1500,9125
4881,125,375,5500,1750,1625,9375
4882,125,375,5375,1625,1625,9125
4883,0,375,5500,1750,1500,9125
4884,125,500,5250,1625,1500,9000
4885,125,375,5375,1625,1500,9000
4886,125,500,5375,1625,1500,9125
4887,0,375,5375,1625,1500,8875
4888,125,375,5250,1625,1625,9000
4889,125,375,5500,1750,1625,9375
4890,125,375,5375,1625,1500,9000
4891,125,375,5375,1625,1500,9000
4892,125,375,5250,1750,1500,9000
4893,125,375,5250,1625,1500,8875
4894,125,375,5250,1625,1500,8875
4895,125,375,5375,1750,1625,9250
4896,125,375,5375,1625,1500,9000
4897,125,375,5250,1625,1500,8875
4898,125,375,5500,1750,1500,9250
4899,125,500,5375,1750,1625,9375
4900,125,375,5375,1625,1500,9000
4901,125,375,5250,1625,1625,9000
4902,125,375,5250,1750,1500,9000
4903,125,375,5250,1625,1500,8875
4904,125,375,5375,1625,1500,9000
4905,0,375,5375,1625,1500,8875
4906,125,375,5375,1750,1500,9125
4907,125,500,5375,1625,1500,9125
4908,125,500,5375,1750,1500,9250
4909,125,375,5125,1750,1500,8875
4910,125,375,5375,1625,1500,9000
4911,125,500,6000,1750,1500,9875
4912,125,375,5500,1625,1500,9125
4913,125,500,5500,1750,1500,9375
4914,125,500,5375,1625,1500,9125
4915,125,500,5375,1625,1500,9125
4916,125,375,5375,1750,1500,9125
4917,125,375,5375,1625,1500,9000
4918,125,500,5375,1625,1500,9125
4919,125,375,5500,1625,1500,9125
4920,125,375,5375,1625,1500,9000
4921,125,375,5250,1625,1500,8875
4922,125,375,5500,1625,1500,9125
4923,125,375,5375,1750,1500,9125
4924,125,500,5375,1625,1500,9125
4925,125,375,5375,1750,1500,9125
4926,125,375,5375,1750,1625,9250
4927,125,375,5375,1750,1500,9125
4928,125,375,5375,1750,1500,9125
4929,125,375,5375,1750,1500,9125
4930,125,375,5375,1625,1500,9000
4931,125,375,5375,1625,1500,9000
4932,125,375,5250,1625,1500,8875
4933,0,375,5375,1625,1500,8875
4934,125,500,5250,1625,1500,9000
4935,0,375,5375,1625,1500,8875
4936,125,375,5375,1750,1500,9125
4937,125,375,5375,1750,1500,9125
4938,0,375,5375,1625,1500,8875
4939,125,375,5250,1625,1500,8875
4940,125,500,5500,1750,1500,9375
4941,125,375,5375,1625,1500,9000
4942,125,375,5375,1625,1625,9125
4943,125,375,5375,1750,1625,9250
4944,125,375,5250,1625,1500,8875
4945,125,375,5375,1625,1500,9000
4946,125,375,5250,1625,1500,8875
4947,125,500,5250,1625,1500,9000
4948,125,500,5375,1625,1500,9125
4949,125,375,5250,1750,1625,9125
4950,125,375,5250,1625,1500,8875
4951,125,375,5375,1625,1500,9000
4952,0,375,5375,1625,1500,8875
4953,125,375,5250,1625,1500,8875
4954,125,375,5375,1625,1500,9000
4955,125,500,5250,1750,1500,9125
4956,125,375,5250,1625,1500,8875
4957,125,375,5250,1625,1500,8875
4958,125,375,5500,1625,1500,9125
4959,125,375,5375,1625,1500,9000
4960,125,500,5375,1625,1500,9125
4961,125,375,5250,1625,1500,8875
4962,125,375,5375,1625,1500,9000
4963,125,375,5250,1625,1500,8875
4964,125,500,5375,1750,1625,9375
4965,125,375,5375,1625,1375,8875
4966,125,375,5125,1625,1500,8750
4967,125,375,5375,1625,1500,9000
4968,125,375,5250,1750,1625,9125
4969,125,375,5250,1625,1500,8875
4970,125,375,5375,1625,1500,9000
4971,125,375,5250,1625,1500,8875
4972,125,375,5250,1625,1500,8875
4973,125,375,5250,1625,1500,8875
4974,125,375,5250,1625,1500,8875
4975,125,375,5375,1750,1625,9250
4976,0,375,5250,1625,1500,8750
4977,0,375,5500,1625,1500,9000
4978,125,375,5250,1750,1625,9125
4979,125,375,5375,1625,1500,9000
4980,125,375,5375,1750,1500,9125
4981,125,375,5500,1750,1500,9250
4982,125,375,5500,1750,1500,9250
4983,125,375,5375,1625,1500,9000
4984,125,375,5375,1750,1625,9250
4985,125,375,5250,1625,1500,8875
4986,125,375,5375,1625,1500,9000
4987,125,375,5375,1750,1625,9250
4988,0,375,5375,1750,1500,9000
4989,125,375,5250,1625,1500,8875
4990,125,375,5375,1625,1500,9000
4991,125,500,5375,1625,1500,9125
4992,125,375,5250,1625,1500,8875
4993,125,375,5250,1625,1500,8875
4994,125,375,5375,1625,1500,9000
4995,125,375,5375,1625,1500,9000
4996,125,375,5375,1625,1500,9000
4997,125,375,5375,1625,1500,9000
4998,125,375,5500,1625,1500,9125
4999,0,375,5375,1625,1500,8875
5000,125,375,5500,1750,1625,9375
5001,125,375,5375,1625,1500,9000
5002,125,375,5375,1625,1500,9000
5003,125,375,5250,1625,1500,8875
5004,125,375,5375,1750,1625,9250
5005,125,375,5250,1750,1500,9000
5006,125,500,5375,1625,1500,9125
5007,125,375,5375,1750,1500,9125
5008,125,375,5500,1750,1625,9375
5009,0,375,5500,1625,1500,9000
5010,125,375,5375,1625,1625,9125
5011,125,375,5500,1625,1500,9125
5012,125,375,5375,1750,1625,9250
5013,125,375,5250,1625,1500,8875
5014,125,375,5375,1625,1500,9000
5015,125,375,5375,1750,1500,9125
5016,125,375,5375,1625,1625,9125
5017,125,375,5250,1625,1625,9000
5018,125,375,5375,1625,1500,9000
5019,0,375,5375,1750,1500,9000
5020,0,375,5375,1625,1500,8875
5021,125,375,5250,1625,1500,8875
5022,125,375,5500,1625,1500,9125
5023,0,375,5375,1750,1625,9125
5024,125,375,5250,1750,1500,9000
5025,125,500,5250,1625,1500,9000
5026,125,375,5375,1625,1500,9000
5027,125,375,5250,1625,1500,8875
5028,125,375,5250,1625,1500,8875
5029,125,375,5375,1625,1500,9000
5030,0,375,5250,1750,1500,8875
5031,125,375,5375,1625,1625,9125
5032,125,375,5375,1625,1500,9000
5033,125,375,5375,1625,1500,9000
5034,125,375,5125,1625,1500,8750
5035,125,375,5250,1625,1500,8875
5036,125,500,5875,1750,1625,9875
5037,125,375,5500,1750,1500,9250
5038,125,375,5375,1625,1500,9000
5039,125,375,5500,1750,1500,9250
5040,125,375,5375,1750,1500,9125
5041,0,375,5500,1750,1500,9125
5042,0,375,5250,1625,1500,8750
5043,0,375,5125,1625,1500,8625
5044,125,375,5250,1625,1500,8875
5045,125,375,5375,1750,1625,9250
5046,125,375,5250,1625,1375,8750
5047,125,375,5375,1625,1500,9000
5048,125,375,5375,1625,1500,9000
5049,125,375,5375,1750,1500,9125
5050,125,375,5250,1625,1500,8875
5051,125,375,5375,1750,1500,9125
5052,125,375,5375,1625,1500,9000
5053,125,375,5250,1625,1500,8875
5054,125,500,5250,1750,1500,9125
5055,125,500,5375,1625,1500,9125
5056,125,375,5375,1750,1625,9250
5057,0,375,5500,1750,1500,9125
5058,0,375,5375,1625,1500,8875
5059,125,375,5375,1750,1500,9125
5060,125,375,5375,1625,1500,9000
5061,125,375,5375,1625,1500,9000
5062,125,375,5375,1750,1625,9250
5063,125,375,5250,1625,1625,9000
5064,125,375,5250,1750,1500,9000
5065,125,500,5375,1625,1625,9250
5066,0,375,5375,1625,1500,8875
5067,125,500,5375,1625,1500,9125
5068,125,500,5375,1750,1625,9375
5069,0,375,5375,1625,1625,9000
5070,125,375,5375,1750,1625,9250
5071,125,375,5375,1625,1500,9000
5072,0,375,5250,1625,1500,8750
5073,0,375,5375,1625,1500,8875
5074,125,375,5250,1625,1625,9000
5075,0,375,5375,1750,1500,9000
5076,125,500,5375,1750,1500,9250
5077,125,375,5375,1625,1625,9125
5078,125,375,5375,1625,1500,9000
5079,125,375,5250,1625,1500,8875
5080,125,375,5375,1625,1500,9000
5081,125,375,5375,1625,1500,9000
5082,125,375,5375,1625,1500,9000
5083,125,375,5250,1625,1500,8875
5084,125,375,5250,1625,1500,8875
5085,0,375,5375,1625,1500,8875
5086,125,375,5375,1750,1500,9125
5087,125,375,5250,1625,1500,8875
5088,125,375,5375,1750,1500,9125
5089,0,375,5375,1625,1500,8875
5090,125,375,5375,1625,1500,9000
5091,125,375,5375,1625,1500,9000
5092,125,375,5250,1625,1500,8875
5093,0,375,5375,1625,1625,9000
5094,0,375,5500,1625,1500,9000
5095,125,375,5375,1750,1625,9250
5096,125,375,5375,1625,1500,9000
5097,125,375,5250,1625,1500,8875
5098,125,375,5250,1625,1625,9000
5099,0,375,5375,1750,1500,9000
5100,125,375,5375,1625,1500,9000
5101,125,375,5250,1750,1625,9125
5102,125,375,5375,1625,1500,9000
5103,125,375,5375,1750,1500,9125
5104,125,375,5250,1750,1625,9125
5105,125,375,5500,1750,1500,9250
5106,125,375,5375,1750,1625,9250
5107,0,375,5375,1625,1500,8875
5108,125,375,5375,1625,1500,9000
5109,125,375,5375,1625,1500,9000
5110,125,500,5250,1625,1500,9000
5111,0,375,5500,1625,1500,9000
5112,125,375,5375,1625,1500,9000
5113,125,375,5125,1625,1500,8750
5114,125,375,5375,1750,1500,9125
5115,125,375,5375,1750,1625,9250
5116,125,375,5250,1625,1500,8875
5117,125,500,5375,1625,1500,9125
5118,125,375,5375,1625,1500,9000
5119,125,375,5500,1625,1500,9125
5120,125,375,5375,1625,1500,9000
5121,0,375,5500,1625,1500,9000
5122,125,375,5500,1750,1625,9375
5123,125,375,5375,1750,1625,9250
5124,125,375,5375,1625,1500,9000
5125,125,375,5375,1625,1500,9000
5126,125,375,5250,1625,1500,8875
5127,125,500,5375,1750,1625,9375
5128,125,375,5500,1750,1625,9375
5129,125,375,5250,1625,1500,8875
5130,125,375,5500,1625,1375,9000
5131,125,375,5375,1625,1500,9000
5132,125,375,5375,1625,1500,9000
5133,125,375,5375,1625,1500,9000
5134,125,375,5375,1750,1500,9125
5135,125,500,5375,1625,1500,9125
5136,125,375,5250,1625,1500,8875
5137,125,375,5375,1750,1500,9125
5138,125,500,5250,1625,1500,9000
5139,0,375,5500,1750,1625,9250
5140,0,375,5375,1625,1500,8875
5141,125,375,5250,1750,1500,9000
5142,125,375,5375,1625,1500,9000
5143,125,375,5250,1625,1500,8875
5144,125,375,5250,1625,1500,8875
5145,125,375,5375,1750,1500,9125
5146,125,375,5375,1750,1500,9125
5147,125,375,5375,1750,1625,9250
5148,125,375,5375,1625,1500,9000
5149,125,375,5375,1750,1500,9125
5150,125,375,5250,1750,1625,9125
5151,125,375,5375,1625,1500,9000
5152,125,500,5375,1625,1500,9125
5153,0,375,5375,1625,1500,8875
5154,125,375,5375,1750,1500,9125
5155,0,375,5500,1750,1500,9125
5156,125,500,5375,1750,1500,9250
5157,125,500,5375,1750,1500,9250
5158,125,375,5250,1625,1500,8875
5159,125,500,5375,1625,1500,9125
5160,125,375,5250,1750,1625,9125
5161,125,375,5375,1750,1500,9125
5162,125,375,5875,1875,1625,9875
5163,125,375,5500,1625,1500,9125
5164,125,375,5375,1625,1500,9000
5165,125,375,5375,1750,1500,9125
5166,125,375,5375,1625,1500,9000
5167,125,375,5375,1750,1500,9125
5168,125,500,5250,1625,1625,9125
5169,125,375,5375,1625,1500,9000
5170,125,375,5375,1625,1500,9000
5171,125,375,5375,1750,1500,9125
5172,125,375,5375,1750,1500,9125
5173,125,375,5375,1625,1500,9000
5174,125,500,5250,1625,1625,9125
5175,125,375,5250,1625,1625,9000
5176,125,375,5375,1625,1500,9000
5177,0,375,5375,1750,1500,9000
5178,125,375,5500,1625,1500,9125
5179,125,375,5250,1625,1625,9000
5180,125,375,5250,1625,1500,8875
5181,0,375,5375,1625,1500,8875
5182,125,500,5375,1625,1500,9125
5183,125,375,5375,1750,1500,9125
5184,125,375,5375,1750,1500,9125
5185,125,375,5250,1625,1500,8875
5186,0,375,5375,1750,1500,9000
5187,125,375,5375,1750,1500,9125
5188,125,375,5500,1750,1500,9250
5189,125,375,5500,1750,1500,9250
5190,125,500,5250,1750,1500,9125
5191,125,500,5250,1625,1625,9125
5192,0,375,5375,1625,1500,8875
5193,125,375,5250,1625,1500,8875
5194,125,375,5375,1625,1500,9000
5195,125,375,5250,1625,1500,8875
5196,125,375,5375,1625,1500,9000
5197,125,375,5375,1625,1625,9125
5198,0,375,5250,1625,1500,8750
5199,125,375,5375,1750,1500,9125
5200,125,375,5375,1625,1500,9000
5201,125,375,5250,1750,1625,9125
5202,125,375,5375,1750,1500,9125
5203,125,500,5375,1750,11875,19625
5204,125,500,6125,1750,1625,10125
5205,125,375,5500,1875,1500,9375
5206,125,375,5375,1750,1625,9250
5207,125,375,5375,1625,1500,9000
5208,125,375,5375,1750,1500,9125
5209,125,375,5375,1750,1500,9125
5210,125,375,5375,1625,1500,9000
5211,125,375,5375,1625,1500,9000
5212,125,375,5375,1750,1500,9125
5213,125,375,5375,1625,1500,9000
5214,125,375,5375,1625,1500,9000
5215,125,375,5250,1625,1500,8875
5216,125,375,5375,1750,1500,9125
5217,125,375,5250,1625,1500,8875
5218,0,375,5375,1750,1500,9000
5219,125,500,5375,1625,1500,9125
5220,125,375,5375,1625,1500,9000
5221,125,375,5375,1625,1500,9000
5222,125,375,5250,1625,1500,8875
5223,125,375,5375,1750,1500,9125
5224,125,375,5375,1625,1500,9000
5225,125,375,5250,1625,1500,8875
5226,125,375,5375,1625,1500,9000
5227,125,375,5375,1750,1500,9125
5228,125,375,5375,1750,1625,9250
5229,125,500,5375,1625,1500,9125
5230,125,375,5375,1625,1500,9000
5231,0,375,5500,1750,1500,9125
5232,125,375,5250,1625,1500,8875
5233,125,375,5250,1625,1500,8875
5234,125,375,5250,1625,1625,9000
5235,0,375,5375,1625,1500,8875
5236,125,375,5250,1625,1500,8875
5237,125,500,5375,1750,1500,9250
5238,125,375,5250,1625,1500,8875
5239,125,500,5375,1625,1500,9125
5240,125,375,5375,1625,1500,9000
5241,125,375,5250,1625,1625,9000
5242,125,375,5375,1750,1500,9125
5243,125,375,5375,1625,1500,9000
5244,0,375,5375,1625,1500,8875
5245,125,375,5375,1625,1500,9000
5246,125,375,5375,1625,1500,9000
5247,125,375,5500,1625,1500,9125
5248,125,375,5375,1625,1500,9000
5249,125,375,5375,1625,1500,9000
5250,0,375,5250,1625,1500,8750
5251,125,375,5375,1750,1500,9125
5252,125,375,5375,1625,1500,9000
5253,125,375,5250,1625,1500,8875
5254,125,375,5375,1625,1500,9000
5255,125,375,5375,1625,1500,9000
5256,125,375,5375,1750,1625,9250
5257,125,375,5250,1625,1625,9000
5258,125,375,5500,1625,1500,9125
5259,125,375,5250,1625,1500,8875
5260,125,375,5375,1750,1625,9250
5261,125,375,5375,1625,1500,9000
5262,125,375,5375,1750,1500,9125
5263,0,375,5250,1625,1500,8750
5264,125,375,5250,1625,1500,8875
5265,0,375,5375,1625,1500,8875
5266,125,375,5375,1625,1625,9125
5267,0,375,5250,1750,1500,8875
5268,125,375,5375,1750,1500,9125
5269,125,375,5375,1625,1500,9000
5270,125,375,5375,1750,1500,9125
5271,125,375,5375,1625,1625,9125
5272,125,375,5250,1750,1500,9000
5273,125,375,5375,1750,1625,9250
5274,0,375,5375,1625,1500,8875
5275,125,375,5375,1625,1500,9000
5276,125,500,5375,1750,1500,9250
5277,125,375,5375,1625,1500,9000
5278,125,500,5375,1750,1500,9250
5279,125,375,5250,1750,1625,9125
5280,0,375,5375,1750,1500,9000
5281,125,375,5375,1750,1500,9125
5282,125,375,5250,1625,1500,8875
5283,125,375,5250,1750,1500,9000
5284,125,375,5375,1625,1500,9000
5285,125,375,5375,1750,1500,9125
5286,0,375,5375,1625,1375,8750
5287,125,375,5875,1750,1500,9625
5288,125,375,5375,1750,1500,9125
5289,125,375,5500,1750,1500,9250
5290,125,500,5375,1750,1500,9250
5291,125,375,5250,1625,1500,8875
5292,125,500,5250,1750,1625,9250
5293,125,375,5375,1625,1500,9000
5294,125,375,5375,1625,1500,9000
5295,125,375,5375,1625,1625,9125
5296,125,375,5375,1625,1625,9125
5297,0,375,5375,1625,1500,8875
5298,125,375,5375,1625,1500,9000
5299,125,375,5375,1750,1625,9250
5300,125,375,5375,1625,1500,9000
5301,125,375,5250,1625,1500,8875
5302,125,375,5250,1625,1500,8875
5303,125,375,5375,1750,1500,9125
5304,125,375,5375,1750,1500,9125
5305,125,375,5375,1625,1500,9000
5306,125,375,5375,1625,1500,9000
5307,0,375,5375,1750,1500,9000
5308,125,375,5500,1625,1500,9125
5309,125,375,5375,1625,1500,9000
5310,125,375,5375,1750,1500,9125
5311,125,375,5375,1625,1500,9000
5312,125,500,5250,1625,1500,9000
5313,125,375,5375,1625,1500,9000
5314,125,375,5375,1750,1500,9125
5315,125,375,5375,1750,1500,9125
5316,125,375,5375,1625,1500,9000
5317,125,375,5375,1750,1500,9125
5318,0,375,5375,1625,1500,8875
5319,125,375,5500,1625,1500,9125
5320,125,375,5375,1625,1500,9000
5321,125,375,5375,1625,1500,9000
5322,125,375,5375,1625,1625,9125
5323,125,375,5250,1625,1500,8875
5324,125,375,5375,1625,1500,9000
5325,125,375,5250,1625,1500,8875
5326,0,375,5500,1750,1500,9125
5327,125,375,5250,1625,1375,8750
5328,125,375,5375,1625,1500,9000
5329,125,375,5375,1750,1625,9250
5330,125,375,5375,1625,1500,9000
5331,125,375,5250,1625,1500,8875
5332,125,500,5375,1750,1500,9250
5333,125,375,5375,1625,1500,9000
5334,125,375,5375,1625,1500,9000
5335,125,375,5375,1750,1625,9250
5336,125,375,5375,1625,1500,9000
5337,125,375,5250,1625,1500,8875
5338,125,500,5375,1625,1500,9125
5339,125,375,5250,1750,1500,9000
5340,0,375,5375,1750,1500,9000
5341,125,500,5375,1750,1500,9250
5342,125,500,5375,1625,1625,9250
5343,125,375,5375,1750,1625,9250
5344,125,375,5375,1625,1500,9000
5345,125,500,5375,1625,1500,9125
5346,125,375,5250,1625,1500,8875
5347,125,375,5375,1625,1625,9125
5348,125,375,5250,1625,1500,8875
5349,0,375,5500,1625,1500,9000
5350,125,375,5500,1500,1500,9000
5351,125,375,5375,1750,1500,9125
5352,125,500,5375,1625,1500,9125
5353,125,375,5375,1625,1500,9000
5354,0,375,5375,1625,1500,8875
5355,125,375,5375,1750,1625,9250
5356,0,375,5250,1625,1500,8750
5357,125,375,5375,1750,1625,9250
5358,0,375,5375,1625,1500,8875
5359,125,375,5500,1750,1500,9250
5360,125,375,5375,1625,1500,9000
5361,125,375,5250,1625,1625,9000
5362,125,375,5375,1625,1500,9000
5363,125,375,5375,1625,1500,9000
5364,125,375,5250,1625,1625,9000
5365,125,375,5375,1625,1500,9000
5366,125,375,5375,1625,1500,9000
5367,125,375,5250,1625,1500,8875
5368,125,375,5250,1625,1500,8875
5369,125,375,5375,1625,1500,9000
5370,125,500,5375,1625,1500,9125
5371,125,500,5250,1625,1500,9000
5372,125,375,5250,1625,1625,9000
5373,0,375,5500,1625,1500,9000
5374,125,375,5250,1625,1500,8875
5375,125,375,5250,1750,1500,9000
5376,125,375,5375,1750,1625,9250
5377,125,375,5375,1625,1500,9000
5378,125,375,5500,1625,1500,9125
5379,0,375,5375,1625,1625,9000
5380,125,375,5375,1750,1500,9125
5381,125,375,5375,1750,1625,9250
5382,125,375,5375,1750,1500,9125
5383,125,375,5375,1750,1500,9125
5384,125,375,5375,1625,1500,9000
5385,125,375,5375,1625,1500,9000
5386,125,375,5250,1625,1500,8875
5387,125,375,5375,1750,1500,9125
5388,125,375,5375,1625,1500,9000
5389,125,375,5375,1750,1500,9125
5390,125,375,5375,1625,1500,9000
5391,0,375,5500,1750,1500,9125
5392,125,375,5375,1750,1500,9125
5393,125,375,5500,1625,1500,9125
5394,125,375,5375,1625,1500,9000
5395,125,375,5375,1625,1500,9000
5396,125,375,5250,1625,1625,9000
5397,125,375,5500,1625,1500,9125
5398,125,375,5250,1625,1500,8875
5399,125,500,5375,1750,1500,9250
5400,125,375,5375,1625,1500,9000
5401,125,375,5375,1625,1500,9000
5402,125,375,5375,1625,1500,9000
5403,125,375,5250,1625,1500,8875
5404,125,375,5375,1750,1500,9125
5405,125,375,5375,1750,1500,9125
5406,125,500,5250,1750,1500,9125
5407,125,500,5375,1625,1500,9125
5408,125,375,5250,1750,1500,9000
5409,125,375,5375,1625,1500,9000
5410,125,375,5375,1750,1500,9125
5411,125,500,5375,1750,1500,9250
5412,125,375,6000,1875,1625,10000
5413,125,375,5500,1750,1500,9250
5414,125,375,5250,1625,1500,8875
5415,125,375,5250,1750,1500,9000
5416,125,375,5375,1625,1500,9000
5417,125,500,5375,1625,1500,9125
5418,125,375,5250,1750,1500,9000
5419,125,375,5375,1750,1625,9250
5420,0,375,5375,1750,1500,9000
5421,0,375,5375,1625,1500,8875
5422,0,375,5375,1750,1625,9125
5423,0,375,5375,1750,1500,9000
5424,125,500,5375,1625,1500,9125
5425,125,375,5500,1750,1625,9375
5426,125,375,5250,1625,1500,8875
5427,125,375,5250,1625,1500,8875
5428,125,375,5375,1625,1500,9000
5429,0,375,5500,1625,1500,9000
5430,0,375,5375,1625,1500,8875
5431,0,375,5375,1625,1500,8875
5432,125,375,5375,1625,1500,9000
5433,125,375,5375,1750,1625,9250
5434,0,375,5375,1625,1500,8875
5435,125,375,5250,1625,1500,8875
5436,125,375,5375,1750,1500,9125
5437,125,500,5375,1750,1625,9375
5438,125,375,5500,1625,1500,9125
5439,125,375,5375,1625,1625,9125
5440,125,375,5250,1625,1500,8875
5441,0,375,5375,1625,1500,8875
5442,125,375,5375,1750,1500,9125
5443,125,375,5375,1625,1500,9000
5444,125,375,5375,1750,1375,9000
5445,125,375,5375,1625,1500,9000
5446,125,375,5500,1625,1500,9125
5447,125,375,5375,1625,1500,9000
5448,125,375,5250,1625,1625,9000
5449,125,500,5375,1750,1625,9375
5450,125,375,5375,1750,1625,9250
5451,125,500,5375,1625,1500,9125
5452,125,375,5500,1750,1500,9250
5453,125,375,5375,1625,1500,9000
5454,125,375,5250,1625,1625,9000
5455,125,375,5500,1625,1500,9125
5456,125,375,5375,1625,1500,9000
5457,125,375,5375,1625,1500,9000
5458,125,500,5375,1625,1500,9125
5459,125,375,5375,1750,1500,9125
5460,125,375,5375,1750,1500,9125
5461,0,375,5375,1625,1500,8875
5462,125,375,5375,1625,1500,9000
5463,0,375,5375,1500,1500,8750
5464,125,375,5250,1625,1625,9000
5465,0,375,5375,1625,1500,8875
5466,125,375,5500,1625,1500,9125
5467,125,375,5250,1625,1500,8875
5468,125,375,5375,1625,1500,9000
5469,125,375,5500,1750,1500,9250
5470,125,375,5375,1625,1500,9000
5471,0,375,5375,1750,1500,9000
5472,125,375,5375,1625,1500,9000
5473,125,375,5250,1625,1500,8875
5474,125,375,5375,1625,1500,9000
5475,125,500,5375,1750,1500,9250
5476,125,375,5375,1750,1500,9125
5477,125,375,5375,1750,1500,9125
5478,125,375,5375,1625,1500,9000
5479,125,375,5375,1625,1500,9000
5480,125,375,5250,1625,1375,8750
5481,125,375,5375,1750,1500,9125
5482,125,500,5250,1625,1500,9000
5483,125,375,5250,1625,1500,8875
5484,125,375,5375,1625,1625,9125
5485,125,375,5375,1625,1500,9000
5486,125,500,5375,1625,1500,9125
5487,125,500,5375,1625,1500,9125
5488,125,375,5375,1750,1500,9125
5489,125,500,5375,1625,1500,9125
5490,125,375,5500,1625,1500,9125
5491,125,375,5375,1750,1625,9250
5492,0,375,5375,1750,1500,9000
5493,0,375,5375,1625,1625,9000
5494,125,375,5375,1625,1500,9000
5495,125,375,5500,1625,1500,9125
5496,125,375,5375,1625,1375,8875
5497,125,375,5375,1625,1500,9000
5498,125,375,5375,1750,1500,9125
5499,125,375,5375,1750,1500,9125
5500,125,500,5375,1625,1500,9125
5501,125,375,5375,1625,1625,9125
5502,125,500,5500,1625,1500,9250
5503,125,375,5375,1625,1500,9000
5504,125,500,5375,1625,1500,9125
5505,125,375,5375,1750,1500,9125
5506,125,500,5375,1625,1500,9125
5507,125,375,5375,1625,1500,9000
5508,125,375,5375,1625,1500,9000
5509,125,375,5375,1750,1500,9125
5510,125,500,5500,1750,1500,9375
5511,125,375,5250,1625,1500,8875
5512,125,375,5250,1750,1500,9000
5513,0,375,5375,1750,1500,9000
5514,125,375,5375,1625,1500,9000
5515,125,500,5375,1625,1500,9125
5516,125,375,5375,1625,1500,9000
5517,125,375,5375,1625,1500,9000
5518,0,375,5375,1625,1625,9000
5519,125,375,5375,1750,1500,9125
5520,125,375,5375,1750,1500,9125
5521,125,375,5375,1625,1500,9000
5522,125,375,5375,1625,1500,9000
5523,125,375,5500,1625,1500,9125
5524,125,375,5375,1750,1625,9250
5525,0,375,5375,1625,1500,8875
5526,125,500,5375,1625,1500,9125
5527,125,375,5375,1625,1625,9125
5528,125,375,5375,1750,1625,9250
5529,0,375,5375,1625,1500,8875
5530,125,375,5250,1625,1500,8875
5531,125,375,5375,1750,1500,9125
5532,0,375,5375,1625,1500,8875
5533,125,375,5375,1750,1500,9125
5534,125,375,5375,1750,1500,9125
5535,125,375,5375,1750,1500,9125
5536,125,375,5375,1750,1625,9250
5537,125,375,5875,1875,1625,9875
5538,125,500,5500,1625,1500,9250
5539,125,375,5250,1625,1500,8875
5540,125,375,5375,1750,1500,9125
5541,0,375,5500,1625,1500,9000
5542,125,375,5250,1750,1625,9125
5543,125,375,5625,1625,1500,9250
5544,125,375,5375,1625,1500,9000
5545,125,500,5375,1625,1500,9125
5546,125,375,5250,1625,1500,8875
5547,125,500,5375,1625,11750,19375
5548,125,375,6000,1750,1625,9875
5549,125,375,5500,1750,1500,9250
5550,125,375,5375,1750,1625,9250
5551,125,375,5250,1750,1625,9125
5552,125,375,5250,1750,1500,9000
5553,125,375,5500,1625,1500,9125
5554,125,375,5375,1625,1500,9000
5555,125,375,5250,1625,1500,8875
5556,125,375,5250,1625,1500,8875
5557,125,375,5375,1750,1625,9250
5558,125,375,5375,1625,1500,9000
5559,125,375,5500,1625,1500,9125
5560,125,375,5375,1750,1625,9250
5561,125,375,5500,1750,1500,9250
5562,125,375,5250,1625,1500,8875
5563,125,375,5375,1750,1500,9125
5564,125,375,5375,1625,1500,9000
5565,125,500,5375,1750,1500,9250
5566,125,375,5250,1750,1500,9000
5567,125,375,5250,1750,1625,9125
5568,125,375,5250,1625,1625,9000
5569,125,375,5375,1750,1500,9125
5570,125,500,5375,1625,1500,9125
5571,125,375,5375,1625,1500,9000
5572,125,375,5250,1625,1500,8875
5573,125,375,5250,1625,1500,8875
5574,0,375,5500,1750,1500,9125
5575,0,375,5500,1625,1500,9000
5576,125,375,5375,1750,1500,9125
5577,125,375,5375,1625,1500,9000
5578,125,375,5375,1625,1500,9000
5579,0,375,5500,1625,1500,9000
5580,125,375,5375,1625,1500,9000
5581,125,375,5500,1750,1500,9250
5582,0,375,5375,1625,1500,8875
5583,125,375,5250,1625,1500,8875
5584,125,500,5375,1625,1500,9125
5585,125,375,5250,1625,1500,8875
5586,125,375,5375,1750,1625,9250
5587,0,375,5375,1625,1500,8875
5588,125,375,5250,1625,1500,8875
5589,125,375,5250,1750,1500,9000
5590,125,375,5375,1625,1500,9000
5591,125,375,5375,1625,1500,9000
5592,125,375,5250,1625,1500,8875
5593,125,375,5375,1625,1500,9000
5594,0,375,5250,1625,1500,8750
5595,125,375,5375,1750,1500,9125
5596,0,375,5250,1625,1500,8750
5597,125,375,5250,1625,1500,8875
5598,125,375,5250,1625,1625,9000
5599,125,375,5500,1625,1500,9125
5600,125,500,5250,1625,1500,9000
5601,125,375,5250,1625,1500,8875
5602,125,375,5375,1750,1625,9250
5603,0,375,5375,1750,1625,9125
5604,125,375,5250,1625,1500,8875
5605,125,500,5375,1625,1500,9125
5606,125,500,5375,1625,1500,9125
5607,125,375,5375,1625,1500,9000
5608,125,375,5250,1625,1375,8750
5609,0,375,5375,1625,1500,8875
5610,125,375,5250,1625,1500,8875
5611,125,375,5375,1750,1500,9125
5612,125,500,5375,1625,1500,9125
5613,0,375,5250,1625,1500,8750
5614,125,375,5375,1625,1500,9000
5615,125,375,5375,1750,1500,9125
5616,125,375,5375,1750,1625,9250
5617,125,375,5375,1625,1500,9000
5618,125,375,5375,1625,1500,9000
5619,125,375,5375,1625,1500,9000
5620,125,375,5375,1625,1375,8875
5621,125,375,5250,1625,1500,8875
5622,125,375,5500,1625,1500,9125
5623,125,375,5375,1750,1500,9125
5624,125,375,5375,1625,1500,9000
5625,125,375,5250,1625,1500,8875
5626,125,375,5375,1750,1500,9125
5627,125,375,5500,1750,1500,9250
5628,0,375,5375,1625,1500,8875
5629,125,375,5375,1625,1500,9000
5630,125,375,5375,1750,1500,9125
5631,125,375,5375,1750,1500,9125
5632,0,375,5375,1625,1500,8875
5633,125,375,5375,1750,1625,9250
5634,0,375,5500,1625,1625,9125
5635,0,375,5375,1750,1500,9000
5636,125,375,5375,1750,1625,9250
5637,125,375,5375,1750,1625,9250
5638,125,375,5375,1625,1500,9000
5639,125,375,5375,1625,1500,9000
5640,125,375,5250,1625,1500,8875
5641,125,375,5250,1750,1500,9000
5642,125,375,5375,1625,1500,9000
5643,125,375,5375,1750,1500,9125
5644,125,375,5375,1625,1500,9000
5645,125,500,5375,1750,1500,9250
5646,125,375,5250,1625,1500,8875
5647,125,375,5250,1625,1500,8875
5648,125,375,5250,1625,1500,8875
5649,125,500,5375,1625,1500,9125
5650,125,375,5375,1750,1500,9125
5651,0,375,5375,1625,1500,8875
5652,125,375,5500,1625,1500,9125
5653,125,375,5375,1625,1500,9000
5654,125,375,5375,1750,1500,9125
5655,125,375,5375,1625,1500,9000
5656,125,375,5375,1625,1500,9000
5657,0,375,5375,1625,1500,8875
5658,125,375,5375,1625,1500,9000
5659,125,375,5250,1750,1625,9125
5660,0,375,5375,1625,1500,8875
5661,125,375,5375,1750,1500,9125
5662,125,500,6000,1875,1500,10000
5663,125,500,5625,1625,1500,9375
5664,125,375,5500,1625,1500,9125
5665,125,375,5250,1625,1500,8875
5666,125,375,5375,1750,1500,9125
5667,125,375,5375,1750,1500,9125
5668,125,375,5375,1625,1500,9000
5669,125,375,5375,1625,1625,9125
5670,0,375,5375,1625,1500,8875
5671,125,500,5375,1750,1500,9250
5672,125,375,5375,1625,1500,9000
5673,125,375,5375,1625,1625,9125
5674,125,375,5375,1625,1500,9000
5675,125,375,5250,1625,1500,8875
5676,125,375,5375,1625,1500,9000
5677,125,375,5250,1625,1500,8875
5678,125,500,5375,1625,1500,9125
5679,125,375,5375,1750,1500,9125
5680,125,375,5500,1625,1500,9125
5681,125,375,5375,1750,1500,9125
5682,125,375,5250,1625,1500,8875
5683,0,375,5375,1625,1500,8875
5684,125,375,5250,1750,1625,9125
5685,0,375,5375,1625,1500,8875
5686,125,375,5375,1625,1500,9000
5687,125,375,5375,1625,1500,9000
5688,125,500,5375,1625,1500,9125
5689,125,375,5250,1750,1500,9000
5690,125,375,5250,1750,1625,9125
5691,125,375,5375,1625,1500,9000
5692,125,375,5375,1625,1500,9000
5693,125,500,5375,1750,1500,9250
5694,125,375,5375,1750,1500,9125
5695,0,375,5375,1625,1500,8875
5696,0,375,5250,1625,1500,8750
5697,125,375,5375,1625,1500,9000
5698,125,375,5375,1750,1500,9125
5699,125,375,5375,1625,1625,9125
5700,125,375,5375,1750,1500,9125
5701,125,375,5500,1625,1500,9125
5702,125,375,5375,1750,1500,9125
5703,125,375,5375,1750,1500,9125
5704,125,500,5250,1625,1500,9000
5705,125,375,5375,1625,1500,9000
5706,125,375,5250,1625,1500,8875
5707,125,500,5375,1750,1625,9375
5708,0,375,5375,1625,1500,8875
5709,125,375,5375,1625,1500,9000
5710,125,375,5250,1625,1500,8875
5711,125,375,5375,1750,1500,9125
5712,125,375,5250,1625,1500,8875
5713,125,375,5375,1750,1500,9125
5714,125,375,5250,1625,1500,8875
5715,125,375,5375,1625,1500,9000
5716,0,375,5375,1625,1500,8875
5717,125,375,5375,1625,1500,9000
5718,125,375,5500,1625,1500,9125
5719,0,375,5375,1750,1625,9125
5720,125,375,5375,1625,1500,9000
5721,125,375,5375,1750,1500,9125
5722,0,375,5375,1625,1500,8875
5723,125,375,5375,1750,1500,9125
5724,125,375,5375,1625,1625,9125
5725,0,375,5375,1625,1625,9000
5726,125,375,5375,1750,1625,9250
5727,125,375,5375,1625,1500,9000
5728,125,375,5250,1625,1500,8875
5729,0,375,5500,1625,1500,9000
5730,0,375,5250,1625,1500,8750
5731,125,375,5250,1625,1625,9000
5732,125,375,5375,1625,1625,9125
5733,125,375,5375,1625,1500,9000
5734,0,375,5375,1750,1500,9000
5735,125,500,5500,1750,1500,9375
5736,125,375,5375,1625,1500,9000
5737,125,375,5375,1750,1500,9125
5738,0,375,5500,1750,1500,9125
5739,125,375,5375,1750,1500,9125
5740,125,375,5375,1625,1500,9000
5741,0,375,5500,1750,1500,9125
5742,125,375,5375,1625,1500,9000
5743,125,375,5250,1625,1500,8875
5744,125,375,5500,1750,1500,9250
5745,125,375,5250,1625,1500,8875
5746,0,375,5500,1625,1625,9125
5747,125,375,5375,1625,1500,9000
5748,125,375,5375,1750,1500,9125
5749,125,375,5500,1750,1500,9250
5750,125,375,5250,1625,1500,8875
5751,125,375,5375,1750,1500,9125
5752,0,375,5375,1750,1500,9000
5753,125,375,5250,1750,1625,9125
5754,125,375,5375,1625,1625,9125
5755,125,375,5375,1625,1500,9000
5756,125,375,5250,1625,1500,8875
5757,125,375,5375,1625,1500,9000
5758,125,375,5375,1625,1625,9125
5759,125,375,5375,1750,1375,9000
5760,125,500,5375,1750,1500,9250
5761,125,500,5375,1625,1500,9125
5762,125,375,5250,1625,1625,9000
5763,0,375,5250,1750,1500,8875
5764,125,375,5375,1625,1500,9000
5765,125,375,5375,1625,1500,9000
5766,125,375,5250,1750,1500,9000
5767,125,375,5375,1625,1625,9125
5768,125,375,5250,1625,1500,8875
5769,125,375,5375,1625,1500,9000
5770,125,500,5375,1625,1500,9125
5771,125,375,5250,1625,1500,8875
5772,125,375,5375,1625,1500,9000
5773,125,375,5250,1625,1500,8875
5774,125,375,5375,1750,1500,9125
5775,125,375,5375,1625,1500,9000
5776,125,375,5375,1625,1500,9000
5777,125,375,5375,1750,1500,9125
5778,125,375,5250,1625,1500,8875
5779,125,375,5375,1625,1625,9125
5780,125,375,5250,1625,1500,8875
5781,125,375,5375,1750,1500,9125
5782,125,375,5250,1625,1500,8875
5783,125,500,5500,1625,1500,9250
5784,125,375,5375,1750,1625,9250
5785,0,375,5375,1750,1500,9000
5786,125,375,5250,1750,1625,9125
5787,125,375,6125,1750,1500,9875
5788,125,375,5625,1750,1625,9500
5789,125,375,5375,1625,1500,9000
5790,125,375,5375,1625,1500,9000
5791,125,500,5375,1750,1500,9250
5792,125,375,5375,1625,1625,9125
5793,125,375,5250,1625,1500,8875
5794,0,375,5250,1625,1500,8750
5795,125,375,5250,1625,1500,8875
5796,125,375,5500,1625,1500,9125
5797,125,375,5375,1750,1625,9250
5798,125,375,5250,1750,1625,9125
5799,0,375,5375,1750,1500,9000
5800,125,375,5375,1750,1500,9125
5801,125,375,5375,1750,1500,9125
5802,125,500,5500,1750,1500,9375
5803,125,375,5375,1625,1500,9000
5804,125,375,5375,1750,1500,9125
5805,125,375,5375,1625,1625,9125
5806,125,375,5375,1625,1500,9000
5807,125,375,5375,1625,1500,9000
5808,125,500,5375,1750,1500,9250
5809,125,375,5375,1750,1625,9250
5810,125,375,5250,1750,1500,9000
5811,125,500,5375,1750,1500,9250
5812,125,375,5375,1750,1500,9125
5813,125,375,5375,1750,1625,9250
5814,125,375,5375,1625,1500,9000
5815,125,375,5250,1625,1500,8875
5816,125,375,5375,1625,1500,9000
5817,125,375,5375,1625,1625,9125
5818,125,375,5250,1625,1500,8875
5819,125,500,5250,1625,1500,9000
5820,125,375,5375,1750,1625,9250
5821,125,500,5375,1625,1500,9125
5822,125,375,5375,1625,1500,9000
5823,125,375,5250,1625,1500,8875
5824,125,375,5250,1625,1500,8875
5825,125,375,5375,1625,1500,9000
5826,125,375,5250,1625,1500,8875
5827,0,375,5500,1750,1500,9125
5828,125,375,5250,1625,1500,8875
5829,125,375,5375,1750,1500,9125
5830,125,375,5375,1625,1500,9000
5831,125,375,5375,1750,1500,9125
5832,125,375,5375,1625,1500,9000
5833,125,375,5250,1625,1500,8875
5834,125,375,5375,1625,1500,9000
5835,125,375,5375,1625,1500,9000
5836,125,375,5375,1625,1500,9000
5837,0,375,5500,1625,1500,9000
5838,0,375,5500,1625,1500,9000
5839,0,375,5500,1750,1500,9125
5840,125,375,5250,1625,1500,8875
5841,125,375,5375,1625,1500,9000
5842,125,375,5375,1750,1500,9125
5843,125,375,5250,1625,1500,8875
5844,125,375,5375,1750,1500,9125
5845,125,375,5250,1750,1500,9000
5846,125,375,5375,1750,1500,9125
5847,125,375,5375,1625,1625,9125
5848,125,375,5250,1625,1500,8875
5849,125,375,5375,1625,1500,9000
5850,0,375,5500,1625,1500,9000
5851,125,500,5375,1750,1500,9250
5852,125,375,5375,1625,1500,9000
5853,125,375,5250,1625,1625,9000
5854,125,375,5375,1750,1500,9125
5855,125,375,5500,1625,1500,9125
5856,125,375,5375,1625,1500,9000
5857,0,375,5375,1625,1500,8875
5858,125,500,5500,1750,1500,9375
5859,125,500,5250,1625,1500,9000
5860,125,375,5375,1625,1500,9000
5861,125,375,5375,1625,1500,9000
5862,125,375,5250,1625,1625,9000
5863,125,375,5250,1750,1500,9000
5864,125,375,5375,1625,1500,9000
5865,125,375,5250,1625,1500,8875
5866,125,500,5375,1625,1500,9125
5867,125,375,5375,1625,1500,9000
5868,125,500,5375,1750,1500,9250
5869,125,375,5375,1625,1500,9000
5870,125,375,5375,1625,1500,9000
5871,125,375,5375,1625,1500,9000
5872,0,375,5375,1625,1625,9000
5873,125,375,5375,1625,1500,9000
5874,125,375,5375,1625,1500,9000
5875,125,375,5375,1625,1625,9125
5876,125,375,5250,1625,1500,8875
5877,125,375,5500,1625,1500,9125
5878,125,500,5500,1625,1500,9250
5879,125,375,5250,1625,1500,8875
5880,125,375,5375,1625,1500,9000
5881,125,375,5375,1625,1500,9000
5882,125,375,5375,1625,1500,9000
5883,125,375,5375,1625,1500,9000
5884,125,375,5375,1750,1500,9125
5885,0,375,5375,1625,1500,8875
5886,125,375,5375,1750,1625,9250
5887,125,375,5250,1750,1625,9125
5888,125,375,5375,1750,1500,9125
5889,125,375,5375,1750,1625,9250
5890,0,375,5500,1750,1500,9125
5891,125,375,5375,1625,1500,9000
5892,0,375,15500,1875,1625,19375
5893,125,375,5875,1750,1625,9750
5894,125,375,5375,1625,1500,9000
5895,125,375,5375,1625,1500,9000
5896,0,375,5500,1625,1500,9000
5897,125,500,5375,1750,1500,9250
5898,125,375,5375,1750,1500,9125
5899,125,375,5375,1625,1500,9000
5900,125,375,5250,1625,1625,9000
5901,125,375,5250,1625,1500,8875
5902,125,375,5375,1750,1500,9125
5903,125,375,5375,1750,1500,9125
5904,125,375,5375,1625,1500,9000
5905,125,375,5375,1625,1500,9000
5906,125,375,5500,1625,1500,9125
5907,125,375,5375,1750,1625,9250
5908,125,375,5375,1750,1625,9250
5909,125,375,5375,1625,1500,9000
5910,125,375,5500,1625,1500,9125
5911,0,375,5500,1750,1500,9125
5912,125,375,6000,1750,1625,9875
5913,125,375,5625,1750,1625,9500
5914,125,375,5250,1625,1500,8875
5915,125,375,5250,1625,1500,8875
5916,0,375,5375,1750,1625,9125
5917,125,375,5375,1750,1500,9125
5918,125,500,5250,1750,1500,9125
5919,125,375,5375,1625,1500,9000
5920,125,375,5375,1625,1500,9000
5921,125,375,5375,1750,1500,9125
5922,125,375,5500,1750,1500,9250
5923,125,375,5375,1750,1500,9125
5924,125,375,5375,1750,1625,9250
5925,125,375,5250,1625,1625,9000
5926,125,375,5375,1625,1500,9000
5927,125,500,5375,1750,1625,9375
5928,125,375,5375,1625,1625,9125
5929,125,500,5375,1625,1500,9125
5930,125,375,5375,1750,1625,9250
5931,125,375,5375,1625,1500,9000
5932,125,375,5375,1625,1500,9000
5933,125,500,5375,1625,1500,9125
5934,125,500,5375,1750,1625,9375
5935,125,375,5250,1625,1375,8750
5936,125,375,5500,1750,1625,9375
5937,125,375,5375,1750,1500,9125
5938,125,375,5250,1625,1500,8875
5939,125,375,5250,1625,1500,8875
5940,125,375,5375,1625,1500,9000
5941,125,375,5250,1625,1500,8875
5942,125,500,5375,1625,1500,9125
5943,125,375,5375,1625,1500,9000
5944,125,375,5375,1625,1500,9000
5945,0,375,5500,1750,1500,9125
5946,125,375,5375,1625,1500,9000
5947,125,375,5250,1625,1625,9000
5948,125,375,5375,1625,1500,9000
5949,125,500,5250,1625,1625,9125
5950,125,375,5375,1750,1500,9125
5951,125,375,5250,1625,1500,8875
5952,125,375,5375,1625,1500,9000
5953,125,375,5375,1625,1500,9000
5954,125,375,5250,1625,1500,8875
5955,125,375,5375,1750,1500,9125
5956,125,375,5250,1625,1500,8875
5957,125,375,5375,1625,1500,9000
5958,0,375,5500,1750,1500,9125
5959,125,500,5375,1750,1625,9375
5960,125,375,5375,1625,1500,9000
5961,125,375,5375,1750,1500,9125
5962,125,375,5375,1625,1500,9000
5963,125,375,5250,1625,1625,9000
5964,0,375,5375,1750,1500,9000
5965,0,375,5375,1625,1500,8875
5966,125,375,5250,1750,1625,9125
5967,125,375,5375,1625,1500,9000
5968,125,375,5250,1625,1500,8875
5969,125,375,5375,1625,1500,9000
5970,125,375,5250,1750,1625,9125
5971,125,375,5250,1750,1625,9125
5972,125,375,5250,1625,1500,8875
5973,125,375,5375,1750,1625,9250
5974,0,375,5500,1750,1625,9250
5975,125,375,5250,1625,1500,8875
5976,125,375,5375,1625,1500,9000
5977,125,375,5375,1750,1625,9250
5978,125,500,5250,1625,1500,9000
5979,125,375,5375,1750,1500,9125
5980,125,375,5125,1625,1500,8750
5981,125,500,5250,1625,1500,9000
5982,125,375,5375,1750,1500,9125
5983,0,375,5500,1625,1500,9000
5984,125,375,5375,1625,1500,9000
5985,125,375,5250,1625,1500,8875
5986,125,500,5375,1625,1500,9125
5987,125,375,5250,1625,1500,8875
5988,125,500,5375,1750,1500,9250
5989,125,375,5375,1625,1500,9000
5990,125,375,5375,1625,1500,9000
5991,125,375,5375,1750,1500,9125
5992,125,375,5375,1750,1500,9125
5993,125,375,5375,1750,1500,9125
5994,0,375,5375,1750,1500,9000
5995,125,375,5250,1625,1500,8875
5996,125,375,5375,1625,1500,9000
5997,125,500,5375,1625,1625,9250
5998,0,375,5375,1750,1500,9000
5999,125,375,5375,1625,1625,9125
6000,125,375,5375,1625,1500,9000
6001,125,375,5375,1750,1625,9250
6002,0,375,5375,1750,1500,9000
6003,125,375,5375,1750,1625,9250
6004,125,375,5250,1625,1625,9000
6005,125,375,5250,1625,1500,8875
6006,125,375,5250,1750,1500,9000
6007,125,375,5250,1625,1625,9000
6008,125,375,5250,1625,1375,8750
6009,125,375,5375,1750,1500,9125
6010,125,375,5250,1625,1500,8875
6011,125,375,5500,1750,1500,9250
6012,125,375,5375,1625,1625,9125
6013,125,375,5375,1750,1500,9125
6014,125,375,5375,1750,1625,9250
6015,125,375,5375,1625,1500,9000
6016,125,375,5375,1750,1500,9125
6017,125,375,5500,1750,1500,9250
6018,125,375,5250,1750,1500,9000
6019,125,375,5375,1625,1500,9000
6020,125,375,5250,1750,1500,9000
6021,125,500,5375,1750,1500,9250
6022,125,375,5375,1750,1625,9250
6023,125,500,5500,1750,1500,9375
6024,125,500,5375,1750,1625,9375
6025,0,375,5375,1625,1500,8875
6026,125,375,5375,1750,1375,9000
6027,125,375,5375,1750,1625,9250
6028,125,375,5250,1625,1500,8875
6029,125,375,5250,1750,1500,9000
6030,125,375,5250,1625,1500,8875
6031,125,375,5375,1750,1500,9125
6032,125,375,5375,1625,1500,9000
6033,125,375,5250,1750,1500,9000
6034,125,375,5250,1625,1625,9000
6035,0,375,5500,1750,1500,9125
6036,125,375,5375,1625,1500,9000
6037,125,500,6125,1750,1625,10125
6038,125,375,5500,1750,1500,9250
6039,125,375,5375,1750,1500,9125
6040,125,375,5375,1750,1500,9125
6041,125,375,5375,1625,1500,9000
6042,0,375,5500,1750,1500,9125
6043,125,375,5500,1750,1375,9125
6044,0,375,5500,1625,1500,9000
6045,125,375,5250,1750,1625,9125
6046,125,375,5375,1750,1500,9125
6047,125,375,5375,1625,1500,9000
6048,125,375,5500,1750,1500,9250
6049,0,375,5500,1625,1500,9000
6050,125,375,5375,1750,1500,9125
6051,0,375,5375,1625,1500,8875
6052,125,375,5375,1625,1625,9125
6053,125,375,5375,1750,1625,9250
6054,125,375,5375,1625,1500,9000
6055,0,375,5375,1625,1500,8875
6056,0,375,5375,1625,1625,9000
6057,0,375,5375,1625,1500,8875
6058,125,375,5250,1750,1625,9125
6059,125,375,5375,1625,1500,9000
6060,125,375,5375,1625,1500,9000
6061,125,375,5250,1625,1500,8875
6062,125,375,5375,1625,1375,8875
6063,125,375,5375,1750,1625,9250
6064,0,375,5500,1625,1500,9000
6065,125,375,5375,1750,1625,9250
6066,125,375,5375,1750,1500,9125
6067,125,375,5375,1625,1500,9000
6068,125,375,5375,1750,1500,9125
6069,125,375,5500,1625,1500,9125
6070,125,375,5375,1625,1500,9000
6071,125,375,5500,1625,1500,9125
6072,125,375,5375,1625,1500,9000
6073,0,375,5375,1625,1500,8875
6074,125,500,5375,1625,1500,9125
6075,0,375,5375,1625,1500,8875
6076,125,375,5250,1625,1500,8875
6077,125,375,5375,1750,1500,9125
6078,125,375,5250,1625,1500,8875
6079,125,375,5375,1750,1500,9125
6080,0,375,5500,1625,1500,9000
6081,125,375,5375,1625,1500,9000
6082,125,375,5250,1625,1625,9000
6083,125,375,5375,1625,1500,9000
6084,125,375,5375,1625,1500,9000
6085,0,375,5375,1625,1500,8875
6086,125,500,5250,1625,1500,9000
6087,125,375,5250,1625,1500,8875
6088,125,375,5250,1625,1500,8875
6089,125,500,5375,1625,1500,9125
6090,125,375,5250,1625,1625,9000
6091,125,500,5375,1625,1500,9125
6092,125,375,5375,1625,1625,9125
6093,125,375,5375,1750,1625,9250
6094,125,375,5500,1625,1500,9125
6095,0,375,5375,1625,1500,8875
6096,125,375,5375,1625,1500,9000
6097,125,500,5375,1625,1500,9125
6098,125,375,5500,1625,1500,9125
6099,125,375,5250,1625,1500,8875
6100,125,375,5250,1625,1500,8875
6101,125,375,5375,1750,1500,9125
6102,125,375,5375,1625,1500,9000
6103,125,375,5250,1625,1500,8875
6104,125,375,5375,1625,1625,9125
6105,125,375,5250,1750,1500,9000
6106,0,375,5375,1750,1500,9000
6107,125,500,5375,1625,1625,9250
6108,125,375,5250,1625,1500,8875
6109,125,375,5375,1625,1500,9000
6110,125,375,5375,1625,1500,9000
6111,125,375,5250,1625,1625,9000
6112,125,375,5375,1750,1625,9250
6113,125,500,5500,1750,1625,9500
6114,125,375,5375,1750,1500,9125
6115,125,375,5250,1750,1500,9000
6116,125,375,5375,1750,1625,9250
6117,125,375,5250,1625,1500,8875
6118,0,375,5500,1750,1500,9125
6119,125,500,5250,1625,1625,9125
6120,125,500,5375,1750,1500,9250
6121,125,375,5375,1625,1500,9000
6122,125,375,5250,1625,1500,8875
6123,125,375,5250,1750,1500,9000
6124,0,375,5375,1750,1500,9000
6125,125,500,5375,1625,1500,9125
6126,0,375,5375,1625,1500,8875
6127,125,375,5500,1625,1500,9125
6128,125,500,5250,1625,1500,9000
6129,125,375,5250,1625,1500,8875
6130,125,375,5375,1625,1500,9000
6131,125,375,5250,1625,1500,8875
6132,125,375,5375,1625,1625,9125
6133,0,375,5375,1750,1625,9125
6134,125,375,5375,1750,1625,9250
6135,125,375,5250,1750,1625,9125
6136,125,375,5375,1750,1500,9125
6137,125,375,5375,1750,1500,9125
6138,125,375,5375,1625,1500,9000
6139,125,500,5375,1625,1500,9125
6140,125,375,5500,1750,1500,9250
6141,125,375,5375,1625,1500,9000
6142,125,375,5375,1750,1500,9125
6143,125,375,5375,1750,1500,9125
6144,125,375,5250,1625,1500,8875
6145,125,375,5375,1625,1625,9125
6146,125,375,5375,1625,1625,9125
6147,0,375,5375,1625,1500,8875
6148,125,375,5375,1625,1500,9000
6149,125,375,5250,1625,1500,8875
6150,125,375,5250,1625,1625,9000
6151,125,375,5250,1625,1500,8875
6152,125,375,5375,1625,1500,9000
6153,125,375,5250,1625,1500,8875
6154,125,375,5375,1750,1500,9125
6155,125,375,5250,1750,1500,9000
6156,125,375,5375,1750,1500,9125
6157,125,375,5375,1750,1625,9250
6158,0,375,5375,1625,1500,8875
6159,125,375,5375,1625,1500,9000
6160,125,375,5375,1750,1625,9250
6161,125,375,5375,1625,1625,9125
6162,125,500,6000,1875,1500,10000
6163,125,375,5500,1625,1500,9125
6164,125,375,5375,1625,1500,9000
6165,125,375,5375,1750,1500,9125
6166,125,375,5500,1625,1500,9125
6167,125,375,5375,1625,1500,9000
6168,125,375,5250,1625,1500,8875
6169,0,375,5500,1625,1500,9000
6170,125,500,5250,1625,1500,9000
6171,125,375,5375,1750,1500,9125
6172,125,375,5500,1750,1625,9375
6173,125,375,5250,1625,1375,8750
6174,125,375,5500,1750,1625,9375
6175,125,375,5375,1625,1625,9125
6176,125,375,5500,1625,1625,9250
6177,125,375,5375,1625,1500,9000
6178,125,500,5375,1750,1625,9375
6179,125,375,5250,1625,1375,8750
6180,0,375,5375,1625,1625,9000
6181,125,375,5250,1625,1500,8875
6182,125,375,5250,1625,1625,9000
6183,125,375,5375,1750,1500,9125
6184,125,375,5375,1625,1500,9000
6185,125,375,5375,1750,1500,9125
6186,125,500,5500,1625,1500,9250
6187,125,375,5375,1625,1500,9000
6188,0,375,5375,1750,1625,9125
6189,125,375,5375,1750,1500,9125
6190,125,375,5375,1750,1625,9250
6191,125,375,5250,1625,1500,8875
6192,125,375,5375,1750,1500,9125
6193,125,375,5375,1625,1625,9125
6194,0,375,5500,1750,1625,9250
6195,125,375,5250,1625,1500,8875
6196,125,375,5375,1625,1500,9000
6197,125,375,5375,1625,1500,9000
6198,125,375,5375,1625,1500,9000
6199,125,375,5250,1625,1500,8875
6200,125,375,5375,1625,1500,9000
6201,125,375,5375,1625,1500,9000
6202,125,375,5375,1750,1625,9250
6203,125,375,5375,1625,1625,9125
6204,125,375,5250,1625,1500,8875
6205,125,375,5250,1625,1625,9000
6206,125,375,5250,1625,1375,8750
6207,125,375,5375,1750,1500,9125
6208,0,375,5500,1750,1500,9125
6209,125,375,5375,1750,1625,9250
6210,125,375,5375,1625,1500,9000
6211,125,375,5375,1750,1625,9250
6212,125,375,5125,1625,1500,8750
6213,0,375,5250,1750,1625,9000
6214,125,375,5375,1625,1500,9000
6215,125,375,5250,1625,1500,8875
6216,125,375,5375,1625,1375,8875
6217,0,375,5500,1750,1625,9250
6218,125,500,5375,1750,1500,9250
6219,125,500,5375,1750,1500,9250
6220,125,375,5375,1625,1500,9000
6221,125,375,5250,1625,1500,8875
6222,125,375,5375,1625,1500,9000
6223,125,375,5375,1625,1500,9000
6224,125,375,5375,1750,1500,9125
6225,125,375,5375,1750,1625,9250
6226,125,375,5375,1625,1500,9000
6227,125,375,5375,1625,1625,9125
6228,0,375,5250,1625,1500,8750
6229,125,375,5375,1625,1500,9000
6230,125,500,5375,1750,1500,9250
6231,125,375,5375,1625,1500,9000
6232,125,375,5375,1625,1500,9000
6233,125,375,5250,1625,1500,8875
6234,125,375,5250,1625,1500,8875
6235,125,375,5375,1625,1500,9000
6236,125,375,6000,1750,1500,9750
6237,125,375,5500,1750,1500,9250
6238,0,375,5625,1750,1500,9250
6239,125,375,5625,1750,1625,9500
6240,125,375,5375,1625,1500,9000
6241,125,500,5500,1625,1625,9375
6242,0,375,5375,1750,1500,9000
6243,125,375,5375,1750,1625,9250
6244,0,375,5375,1625,1500,8875
6245,125,375,5375,1625,1500,9000
6246,125,375,5375,1625,1500,9000
6247,125,375,5375,1750,1500,9125
6248,125,500,5500,1625,1500,9250
6249,125,375,5250,1625,1500,8875
6250,125,375,5375,1625,1625,9125
6251,125,375,5250,1625,1500,8875
6252,125,375,5375,1625,1500,9000
6253,0,375,5375,1625,1500,8875
6254,125,375,5250,1625,1500,8875
6255,0,375,5375,1625,1500,8875
6256,125,375,5375,1750,1500,9125
6257,125,375,5375,1625,1625,9125
6258,125,375,5375,1625,1500,9000
6259,125,375,5375,1750,1500,9125
6260,125,375,5375,1750,1500,9125
6261,125,375,5375,1625,1500,9000
6262,125,375,5375,1750,1500,9125
6263,125,500,5500,1750,1625,9500
6264,125,375,5375,1625,1625,9125
6265,125,375,5250,1625,1500,8875
6266,125,375,5375,1625,1500,9000
6267,125,375,5375,1750,1500,9125
6268,125,375,5625,1625,1500,9250
6269,125,375,5375,1625,1500,9000
6270,125,375,5375,1625,1500,9000
6271,125,375,5500,1750,1500,9250
6272,125,375,5375,1750,1500,9125
6273,125,375,5375,1750,1500,9125
6274,0,375,5375,1625,1500,8875
6275,125,375,5375,1750,1500,9125
6276,125,375,5500,1625,1500,9125
6277,125,375,5250,1625,1500,8875
6278,125,375,5375,1625,1500,9000
6279,125,375,5375,1625,1500,9000
6280,125,375,5250,1750,1500,9000
6281,125,375,5375,1750,1625,9250
6282,125,375,5375,1750,1625,9250
6283,125,375,5375,1625,1500,9000
6284,125,375,5375,1625,1500,9000
6285,125,375,5375,1625,1500,9000
6286,125,375,5375,1750,1500,9125
6287,125,375,6000,1750,1500,9750
6288,0,375,5375,1750,1500,9000
6289,125,375,5375,1750,1500,9125
6290,125,375,5250,1625,1500,8875
6291,0,375,5375,1625,1500,8875
6292,125,375,5250,1750,1500,9000
6293,125,375,5250,1750,1500,9000
6294,125,500,5375,1750,1625,9375
6295,0,375,5375,1625,1625,9000
6296,125,375,5375,1625,1500,9000
6297,0,375,5375,1625,1500,8875
6298,125,375,5250,1750,1625,9125
6299,125,375,5375,1750,1500,9125
6300,0,375,5500,1625,1625,9125
6301,125,375,5500,1750,1500,9250
6302,125,500,5375,1625,1500,9125
6303,125,375,5250,1625,1625,9000
6304,125,375,5375,1750,1500,9125
6305,125,375,5250,1625,1500,8875
6306,125,375,5250,1625,1500,8875
6307,125,375,5125,1625,1500,8750
6308,125,375,5375,1625,1500,9000
6309,125,375,5375,1750,1500,9125
6310,125,375,5375,1750,1500,9125
6311,125,375,5375,1625,1500,9000
6312,125,375,5375,1625,1625,9125
6313,0,375,5250,1625,1625,8875
6314,125,375,5125,1625,1500,8750
6315,125,375,5375,1625,1500,9000
6316,0,375,5500,1750,1500,9125
6317,125,375,5250,1750,1625,9125
6318,125,500,5500,1750,1625,9500
6319,125,375,5375,1625,1500,9000
6320,125,375,5375,1625,1500,9000
6321,125,500,5375,1625,1625,9250
6322,125,375,5375,1750,1500,9125
6323,0,375,5250,1625,1625,8875
6324,125,375,5375,1750,1500,9125
6325,125,375,5375,1625,1500,9000
6326,125,375,5375,1625,1500,9000
6327,125,375,5250,1625,1500,8875
6328,125,375,5375,1750,1625,9250
6329,0,375,5375,1750,1500,9000
6330,125,375,5375,1750,1500,9125
6331,125,375,5250,1625,1500,8875
6332,125,375,5500,1625,1625,9250
6333,125,375,5375,1750,1500,9125
6334,125,375,5375,1625,1375,8875
6335,125,500,5375,1750,1500,9250
6336,0,375,5375,1750,1625,9125
6337,125,375,5500,1750,1625,9375
6338,0,375,5375,1625,1500,8875
6339,125,375,5375,1750,1625,9250
6340,125,375,5250,1625,1500,8875
6341,125,375,5375,1625,1625,9125
6342,125,375,5375,1625,1500,9000
6343,125,375,5375,1625,1500,9000
6344,125,375,5375,1750,1500,9125
6345,125,375,5500,1625,1500,9125
6346,125,375,5375,1625,1500,9000
6347,125,500,5375,1750,1500,9250
6348,125,375,5250,1625,1500,8875
6349,125,375,5375,1625,1625,9125
6350,0,375,5500,1625,1500,9000
6351,125,375,5375,1625,1625,9125
6352,125,375,5250,1750,1625,9125
6353,125,375,5375,1750,1500,9125
6354,125,500,5375,1750,1500,9250
6355,125,375,5375,1750,1625,9250
6356,125,375,5375,1625,1500,9000
6357,125,375,5375,1625,1500,9000
6358,125,375,5375,1625,1500,9000
6359,125,375,5250,1625,1500,8875
6360,125,375,5375,1750,1500,9125
6361,125,500,5375,1625,1500,9125
6362,125,375,5375,1750,1500,9125
6363,125,375,5250,1625,1500,8875
6364,125,375,5250,1625,1500,8875
6365,125,500,5375,1750,1500,9250
6366,125,375,5375,1750,1500,9125
6367,125,375,5375,1625,1500,9000
6368,125,375,5250,1750,1500,9000
6369,125,375,5375,1625,1500,9000
6370,125,375,5375,1625,1375,8875
6371,125,375,5250,1625,1625,9000
6372,125,375,5250,1625,1500,8875
6373,0,375,5375,1625,1500,8875
6374,125,375,5375,1625,1500,9000
6375,125,375,5250,1625,1625,9000
6376,125,375,5375,1625,1500,9000
6377,0,375,5375,1750,1500,9000
6378,125,375,5500,1750,1500,9250
6379,125,375,5375,1625,1500,9000
6380,125,375,5250,1750,1500,9000
6381,125,375,5500,1750,1625,9375
6382,125,375,5375,1625,1375,8875
6383,125,375,5500,1625,1500,9125
6384,125,375,5375,1750,1500,9125
6385,125,375,5375,1625,1625,9125
6386,125,375,5375,1750,1500,9125
6387,125,500,5375,1750,1500,9250
6388,125,500,5500,1750,1500,9375
6389,125,375,5375,1625,1500,9000
6390,0,375,5375,1750,1500,9000
6391,125,375,5375,1750,1625,9250
6392,125,375,5250,1625,1500,8875
6393,125,375,5375,1625,1500,9000
6394,125,375,5500,1625,1500,9125
6395,125,375,5375,1625,1625,9125
6396,125,375,5375,1750,1500,9125
6397,125,375,5500,1750,1625,9375
6398,125,375,5375,1625,1500,9000
6399,125,500,5250,1750,1500,9125
6400,125,375,5375,1625,1500,9000
6401,125,375,5375,1750,1500,9125
6402,125,375,5250,1625,1500,8875
6403,125,375,5375,1750,1500,9125
6404,125,375,5500,1750,1500,9250
6405,125,375,5375,1625,1500,9000
6406,125,375,5250,1625,1500,8875
6407,125,375,5375,1625,1625,9125
6408,0,375,5375,1750,1500,9000
6409,125,375,5250,1625,1500,8875
6410,125,375,5375,1750,1625,9250
6411,125,375,5250,1750,1625,9125
6412,125,375,6000,1750,1625,9875
6413,125,375,5500,1625,1625,9250
6414,125,375,5375,1625,1500,9000
6415,125,375,5375,1750,1500,9125
6416,125,375,5375,1750,1500,9125
6417,125,500,5375,1750,1625,9375
6418,125,375,5500,1750,1500,9250
6419,125,375,5375,1625,1500,9000
6420,125,375,5375,1625,1500,9000
6421,125,375,5375,1625,1625,9125
6422,0,375,5375,1625,1500,8875
6423,125,500,5375,1625,1500,9125
6424,125,375,5250,1625,1500,8875
6425,0,375,5500,1625,1500,9000
6426,125,375,5250,1625,1500,8875
6427,125,375,5375,1625,1500,9000
6428,125,375,5500,1750,1625,9375
6429,125,375,5250,1750,1500,9000
6430,125,375,5375,1625,1500,9000
6431,125,500,5250,1625,1500,9000
6432,125,375,5125,1625,1500,8750
6433,125,375,5375,1625,1625,9125
6434,125,375,5250,1625,1625,9000
6435,125,375,5375,1750,1500,9125
6436,125,375,5375,1750,1500,9125
6437,125,375,5375,1750,1500,9125
6438,125,375,5375,1750,1625,9250
6439,125,375,5250,1625,1500,8875
6440,125,375,5375,1625,1500,9000
6441,125,375,5375,1750,1625,9250
6442,125,375,5250,1750,1500,9000
6443,125,375,5375,1750,1500,9125
6444,125,375,5250,1625,1500,8875
6445,125,375,5250,1625,1500,8875
6446,125,375,5250,1625,1500,8875
6447,125,375,5250,1625,1500,8875
6448,125,375,5375,1750,1500,9125
6449,125,375,5375,1625,1625,9125
6450,0,375,5500,1625,1625,9125
6451,125,375,5250,1625,1500,8875
6452,125,375,5375,1625,1500,9000
6453,125,375,5375,1625,1625,9125
6454,125,375,5375,1625,1500,9000
6455,125,375,5500,1750,1500,9250
6456,125,375,5250,1625,1500,8875
6457,125,375,5375,1750,1500,9125
6458,125,375,5250,1625,1500,8875
6459,125,375,5375,1750,1500,9125
6460,125,375,5250,1625,1500,8875
6461,125,500,5250,1625,1625,9125
6462,125,375,5375,1625,1500,9000
6463,125,375,5375,1625,1500,9000
6464,125,375,5250,1625,1625,9000
6465,0,375,5375,1625,1625,9000
6466,125,375,5250,1750,1500,9000
6467,125,375,5375,1750,1500,9125
6468,125,375,5250,1750,1625,9125
6469,125,375,5375,1625,1500,9000
6470,125,500,5375,1625,1500,9125
6471,125,375,5500,1625,1500,9125
6472,125,375,5375,1750,1500,9125
6473,125,375,5375,1625,1500,9000
6474,125,500,5250,1750,1500,9125
6475,125,375,5375,1750,1625,9250
6476,125,500,5375,1750,1625,9375
6477,125,375,5375,1625,1625,9125
6478,125,375,5375,1750,1500,9125
6479,125,375,5375,1625,1500,9000
6480,125,375,5375,1750,1500,9125
6481,125,375,5250,1625,1500,8875
6482,0,375,5500,1625,1500,9000
6483,125,375,5375,1750,1500,9125
6484,125,500,5500,1625,1500,9250
6485,125,375,5375,1625,1500,9000
6486,125,375,5250,1625,1500,8875
6487,125,375,5375,1750,1500,9125
6488,0,375,5375,1625,1500,8875
6489,125,500,5375,1750,1625,9375
6490,125,500,5375,1625,1500,9125
6491,125,375,5375,1750,1500,9125
6492,125,375,5375,1625,1500,9000
6493,125,375,5375,1750,1500,9125
6494,125,375,5500,1625,1500,9125
6495,125,375,5375,1625,1500,9000
6496,125,375,5375,1625,1500,9000
6497,125,375,5250,1625,1500,8875
6498,125,500,5375,1625,1500,9125
6499,125,375,5250,1625,1500,8875
6500,125,375,5375,1750,1500,9125
6501,125,500,5375,1625,1500,9125
6502,125,375,5250,1625,1500,8875
6503,125,375,5375,1625,1500,9000
6504,125,375,5375,1625,1500,9000
6505,125,375,5375,1625,1500,9000
6506,125,375,5375,1625,1500,9000
6507,125,375,5375,1625,1500,9000
6508,125,375,5375,1625,1500,9000
6509,0,375,5500,1625,1500,9000
6510,125,500,5375,1625,1500,9125
6511,125,375,5375,1625,1500,9000
6512,125,375,5375,1625,1500,9000
6513,125,500,5375,1750,1625,9375
6514,125,375,5500,1750,1500,9250
6515,125,375,5375,1625,1625,9125
6516,125,375,5250,1625,1500,8875
6517,125,500,5375,1625,1500,9125
6518,125,375,5500,1750,1500,9250
6519,125,500,5375,1750,1625,9375
6520,125,375,5375,1625,1500,9000
6521,125,375,5250,1625,1500,8875
6522,125,375,5250,1625,1500,8875
6523,125,500,5250,1625,1500,9000
6524,125,375,5250,1625,1500,8875
6525,125,375,5500,1625,1500,9125
6526,125,375,5500,1750,1500,9250
6527,0,375,5500,1750,1375,9000
6528,125,375,5375,1750,1500,9125
6529,0,375,5500,1750,1500,9125
6530,125,375,5375,1625,1500,9000
6531,125,375,5250,1625,1625,9000
6532,125,375,5375,1625,1500,9000
6533,125,375,5375,1750,1500,9125
6534,125,375,5250,1625,1500,8875
6535,125,500,5250,1625,1500,9000
6536,125,375,5375,1750,1625,9250
6537,125,500,5875,1875,1625,10000
6538,0,375,5375,1750,1500,9000
6539,125,375,5500,1750,1625,9375
6540,0,375,5125,1625,1500,8625
6541,125,375,5375,1625,1625,9125
6542,0,375,5375,1625,1500,8875
6543,125,375,5375,1625,1500,9000
6544,125,375,5250,1625,1500,8875
6545,125,375,5250,1625,1500,8875
6546,125,375,5500,1750,1500,9250
6547,125,375,5250,1625,1500,8875
6548,125,375,5250,1750,1500,9000
6549,125,375,5375,1625,1500,9000
6550,125,375,5375,1750,1500,9125
6551,0,375,5500,1750,1500,9125
6552,125,375,5375,1750,1500,9125
6553,125,375,5250,1625,1500,8875
6554,125,375,5375,1625,1625,9125
6555,125,375,5375,1750,1500,9125
6556,125,375,5375,1625,1500,9000
6557,125,375,5375,1750,1500,9125
6558,125,500,5375,1625,1500,9125
6559,125,375,5250,1625,1500,8875
6560,0,375,5250,1750,1625,9000
6561,125,375,5375,1750,1625,9250
6562,125,375,5250,1625,1500,8875
6563,125,375,5500,1625,1500,9125
6564,125,375,5375,1750,1375,9000
6565,125,375,5375,1625,1500,9000
6566,125,375,5375,1625,1500,9000
6567,125,375,5250,1625,1500,8875
6568,125,375,5375,1625,1500,9000
6569,125,375,5250,1625,1500,8875
6570,125,375,5500,1750,1625,9375
6571,125,375,5375,1750,1625,9250
6572,125,375,5250,1750,1500,9000
6573,125,375,5500,1750,1625,9375
6574,125,500,5375,1625,1500,9125
6575,125,375,5375,1625,1500,9000
6576,125,375,5250,1750,1625,9125
6577,0,375,5375,1625,1500,8875
6578,125,375,5250,1750,1625,9125
6579,125,375,5375,1625,1500,9000
6580,125,375,6125,1875,1625,10125
6581,125,375,5625,1750,1500,9375
6582,125,375,5375,1625,1500,9000
6583,125,375,5375,1750,1500,9125
6584,125,375,5375,1625,1500,9000
6585,125,375,5375,1750,1500,9125
6586,125,375,5375,1625,1500,9000
6587,0,375,5250,1625,1500,8750
6588,125,375,5250,1625,1625,9000
6589,0,375,5375,1625,1500,8875
6590,125,500,5375,1750,1625,9375
6591,125,375,5375,1625,1500,9000
6592,0,375,5500,1750,1625,9250
6593,125,375,5250,1625,1500,8875
6594,0,375,5375,1625,1500,8875
6595,125,375,5375,1625,1500,9000
6596,125,375,5250,1625,1625,9000
6597,125,375,5375,1750,1500,9125
6598,0,375,5375,1750,1500,9000
6599,125,375,5375,1625,1500,9000
6600,125,375,5250,1625,1500,8875
6601,125,375,5375,1625,1500,9000
6602,125,500,5375,1750,1625,9375
6603,0,375,5375,1625,1500,8875
6604,125,500,5375,1750,1625,9375
6605,125,375,5375,1750,1625,9250
6606,125,375,5375,1625,1500,9000
6607,0,375,5500,1750,1500,9125
6608,125,375,5250,1625,1500,8875
6609,125,375,5250,1625,1500,8875
6610,125,375,5375,1625,1500,9000
6611,0,375,5375,1625,1500,8875
6612,0,375,5500,1625,1500,9000
6613,125,375,5375,1750,1625,9250
6614,125,375,5375,1750,1500,9125
6615,0,375,5375,1625,1500,8875
6616,125,375,5375,1625,1500,9000
6617,125,375,5375,1750,1625,9250
6618,125,375,5375,1625,1375,8875
6619,125,375,5500,1625,1500,9125
6620,125,375,5500,1750,1625,9375
6621,125,375,5250,1750,1625,9125
6622,125,375,5375,1625,1500,9000
6623,125,375,5250,1625,1500,8875
6624,125,375,5250,1750,1500,9000
6625,125,375,5375,1750,1500,9125
6626,125,375,5375,1625,1625,9125
6627,125,375,5375,1625,1500,9000
6628,125,375,5375,1750,1500,9125
6629,125,375,5250,1625,1500,8875
6630,125,375,5250,1625,1500,8875
6631,125,375,5500,1625,1500,9125
6632,125,375,5250,1625,1500,8875
6633,125,375,5375,1750,1625,9250
6634,125,375,5375,1625,1500,9000
6635,125,500,5375,1750,1500,9250
6636,125,375,5375,1625,1500,9000
6637,125,375,5375,1625,1500,9000
6638,0,375,5375,1750,1500,9000
6639,125,375,5500,1625,1500,9125
6640,125,500,5375,1625,1500,9125
6641,125,375,5375,1750,1500,9125
6642,0,375,5375,1625,1625,9000
6643,125,375,5500,1625,1500,9125
6644,0,375,5500,1625,1500,9000
6645,125,500,5375,1625,1500,9125
6646,125,375,5375,1625,1625,9125
6647,125,375,5375,1750,1500,9125
6648,125,500,5375,1625,1500,9125
6649,125,375,5375,1750,1500,9125
6650,125,375,5250,1750,1625,9125
6651,0,375,5375,1750,1500,9000
6652,125,500,5375,1750,1625,9375
6653,125,375,5375,1750,1500,9125
6654,125,500,5375,1625,1500,9125
6655,125,500,5250,1625,1500,9000
6656,125,500,5250,1750,1500,9125
6657,125,375,5500,1625,1500,9125
6658,125,375,5250,1625,1500,8875
6659,125,375,5375,1625,1500,9000
6660,125,375,5250,1625,1500,8875
6661,125,375,5250,1625,1500,8875
6662,125,375,6000,1875,1625,10000
6663,125,375,5500,1625,1500,9125
6664,125,500,5375,1750,1500,9250
6665,125,375,5375,1750,1500,9125
6666,0,375,5375,1625,1500,8875
6667,125,375,5375,1625,1500,9000
6668,125,500,5250,1750,1625,9250
6669,125,375,5250,1625,1500,8875
6670,125,375,5375,1625,1500,9000
6671,125,375,5375,1750,1500,9125
6672,125,375,5375,1750,1625,9250
6673,0,375,5375,1625,1500,8875
6674,0,375,5250,1625,1500,8750
6675,125,500,5375,1625,1625,9250
6676,125,375,5375,1625,1625,9125
6677,0,375,5500,1625,1500,9000
6678,125,375,5250,1625,1500,8875
6679,125,375,5500,1625,1500,9125
6680,125,500,5375,1625,1500,9125
6681,125,375,5375,1750,1500,9125
6682,125,500,5250,1625,1500,9000
6683,125,375,5250,1625,1500,8875
6684,125,375,5250,1750,1500,9000
6685,0,375,5250,1750,1500,8875
6686,125,500,5375,1750,1500,9250
6687,125,375,5375,1625,1500,9000
6688,125,375,5375,1750,1625,9250
6689,125,375,5375,1750,1500,9125
6690,125,500,5375,1750,1500,9250
6691,125,375,5375,1625,1500,9000
6692,125,375,5500,1625,1625,9250
6693,125,375,5375,1625,1500,9000
6694,0,375,5625,1625,1500,9125
6695,0,375,5375,1625,1500,8875
6696,0,375,5375,1750,1625,9125
6697,125,500,5375,1750,1625,9375
6698,125,375,5250,1625,1500,8875
6699,125,375,5500,1625,1500,9125
6700,125,375,5375,1750,1625,9250
6701,125,375,5500,1625,1500,9125
6702,125,375,5250,1625,1500,8875
6703,125,500,5250,1625,1500,9000
6704,0,375,5500,1750,1500,9125
6705,125,375,5250,1625,1500,8875
6706,0,375,5375,1625,1500,8875
6707,125,375,5250,1750,1625,9125
6708,125,375,5250,1625,1500,8875
6709,125,375,5250,1625,1500,8875
6710,0,375,5375,1750,1625,9125
6711,125,500,5375,1625,1500,9125
6712,125,375,5500,1625,1500,9125
6713,125,375,5375,1750,1625,9250
6714,125,375,5250,1625,1500,8875
6715,0,375,5375,1625,1500,8875
6716,125,375,5250,1625,1500,8875
6717,125,375,5250,1625,1500,8875
6718,125,375,5250,1625,1500,8875
6719,125,375,5250,1750,1625,9125
6720,125,375,5250,1625,1500,8875
6721,125,375,5250,1625,1500,8875
6722,125,500,5250,1625,1500,9000
6723,125,375,5375,1750,1500,9125
6724,125,375,5250,1625,1500,8875
6725,125,375,5250,1750,1500,9000
6726,125,500,5375,1625,1500,9125
6727,125,375,5375,1625,1500,9000
6728,0,375,5375,1625,1500,8875
6729,125,375,5375,1625,1500,9000
6730,125,500,5250,1625,1500,9000
6731,0,375,5375,1625,1500,8875
6732,125,375,5375,1625,1500,9000
6733,125,375,5375,1625,1500,9000
6734,125,375,5375,1750,1625,9250
6735,125,375,5500,1750,1500,9250
6736,125,500,5375,1750,1500,9250
6737,0,375,5375,1750,1625,9125
6738,125,375,5250,1625,1500,8875
6739,125,375,5500,1750,1500,9250
6740,125,375,5250,1625,1500,8875
6741,125,375,5250,1750,1500,9000
6742,125,375,5250,1625,1500,8875
6743,125,375,5250,1625,1500,8875
6744,0,375,5375,1750,1500,9000
6745,125,375,5375,1625,1625,9125
6746,125,500,5375,1625,1500,9125
6747,125,375,5375,1625,1500,9000
6748,125,500,5250,1625,1500,9000
6749,125,375,5250,1625,1500,8875
6750,0,375,5500,1750,1500,9125
6751,125,375,5500,1750,1625,9375
6752,125,375,5250,1750,1625,9125
6753,125,375,5125,1625,1500,8750
6754,125,375,5375,1750,1500,9125
6755,125,375,5375,1625,1500,9000
6756,125,375,5250,1625,1500,8875
6757,125,375,5375,1750,1625,9250
6758,0,375,5250,1625,1500,8750
6759,125,375,5375,1750,1625,9250
6760,125,375,5375,1750,1500,9125
6761,125,375,5375,1750,1500,9125
6762,125,375,5375,1625,1500,9000
6763,125,375,5375,1750,1500,9125
6764,125,375,5250,1750,1625,9125
6765,0,375,5375,1625,1625,9000
6766,0,375,5375,1625,1500,8875
6767,125,375,5250,1625,1500,8875
6768,125,375,5375,1750,1500,9125
6769,125,375,5375,1625,1500,9000
6770,125,500,5375,1625,1500,9125
6771,125,375,5250,1750,1500,9000
6772,125,375,5375,1750,1625,9250
6773,0,375,5375,1750,1500,9000
6774,125,375,5375,1750,1500,9125
6775,125,375,5375,1625,1500,9000
6776,125,375,5375,1625,1500,9000
6777,125,375,5500,1625,1500,9125
6778,125,375,5250,1625,1500,8875
6779,125,375,5250,1750,1625,9125
6780,125,375,5250,1625,1500,8875
6781,125,375,5250,1625,1500,8875
6782,125,375,5250,1625,1500,8875
6783,125,375,5375,1625,1500,9000
6784,125,375,5250,1625,1500,8875
6785,125,375,5250,1625,1500,8875
6786,0,375,5375,1625,1500,8875
6787,125,375,5375,1625,1500,9000
6788,0,375,5875,1750,1625,9625
6789,0,375,5500,1625,1500,9000
6790,125,375,5375,1625,1500,9000
6791,125,375,5250,1625,1500,8875
6792,125,500,5375,1750,1500,9250
6793,125,375,5375,1750,1625,9250
6794,0,375,5500,1625,1500,9000
6795,125,375,5375,1750,1500,9125
6796,125,375,5250,1625,1625,9000
6797,125,500,5250,1625,1500,9000
6798,125,375,5375,1750,1500,9125
6799,125,375,5375,1750,1625,9250
6800,125,375,5500,1625,1625,9250
6801,0,375,5250,1625,1500,8750
6802,125,375,5375,1625,1500,9000
6803,125,500,5250,1625,1500,9000
6804,125,375,5250,1625,1500,8875
6805,125,375,5375,1750,1500,9125
6806,125,375,5375,1750,1500,9125
6807,0,375,5375,1625,1500,8875
6808,125,375,5250,1750,1625,9125
6809,125,375,5375,1625,1625,9125
6810,125,375,5375,1625,1500,9000
6811,0,375,5500,1625,1500,9000
6812,125,375,5500,1750,1625,9375
6813,125,375,5375,1625,1625,9125
6814,125,375,5375,1625,1500,9000
6815,125,500,5250,1750,1625,9250
6816,125,375,5500,1750,1500,9250
6817,125,500,5375,1750,1500,9250
6818,125,375,5375,1625,1500,9000
6819,125,375,5250,1625,1625,9000
6820,125,375,5375,1625,1500,9000
6821,125,375,5250,1625,1500,8875
6822,125,375,5375,1750,1500,9125
6823,125,375,5375,1750,1625,9250
6824,125,375,5375,1750,1500,9125
6825,0,375,5375,1750,1500,9000
6826,125,375,5375,1625,1500,9000
6827,125,375,5250,1625,1500,8875
6828,125,375,5250,1750,1500,9000
6829,125,375,5375,1750,1500,9125
6830,125,375,5500,1625,1500,9125
6831,125,375,5250,1625,1500,8875
6832,125,375,5375,1750,1625,9250
6833,125,375,5250,1625,1500,8875
6834,125,375,5375,1750,1500,9125
6835,125,375,5250,1625,1500,8875
6836,125,500,5250,1625,1500,9000
6837,125,500,5375,1625,1500,9125
6838,0,375,5375,1625,1500,8875
6839,125,375,5250,1625,1500,8875
6840,125,375,5250,1625,1500,8875
6841,125,375,5375,1625,1500,9000
6842,125,500,5375,1750,1625,9375
6843,125,375,5375,1750,1625,9250
6844,125,375,5500,1625,1625,9250
6845,125,375,5375,1625,1500,9000
6846,125,375,5250,1750,1500,9000
6847,125,375,5375,1750,1500,9125
6848,125,375,5250,1625,1500,8875
6849,125,375,5250,1625,1500,8875
6850,125,375,5375,1625,1500,9000
6851,125,375,5500,1625,1500,9125
6852,125,375,5250,1625,1625,9000
6853,0,375,5375,1625,1500,8875
6854,0,375,5375,1625,1500,8875
6855,125,375,5375,1625,1625,9125
6856,125,375,5375,1750,1625,9250
6857,125,375,5250,1625,1625,9000
6858,125,375,5250,1625,1500,8875
6859,125,375,5375,1750,1500,9125
6860,125,375,5250,1625,1500,8875
6861,0,375,5500,1750,1500,9125
6862,125,375,5375,1750,1625,9250
6863,125,375,5375,1625,1500,9000
6864,125,375,5375,1750,1625,9250
6865,125,375,5375,1625,1500,9000
6866,125,375,5375,1750,1500,9125
6867,125,375,5250,1625,1500,8875
6868,125,375,5375,1750,1500,9125
6869,125,500,5375,1625,1625,9250
6870,125,375,5500,1750,1625,9375
6871,0,375,5375,1750,1625,9125
6872,125,375,5375,1750,1625,9250
6873,125,375,5375,1750,1625,9250
6874,125,375,5250,1625,1500,8875
6875,125,375,5375,1625,1500,9000
6876,125,375,5375,1750,1500,9125
6877,125,375,5500,1625,1500,9125
6878,125,375,5250,1750,1500,9000
6879,125,375,5375,1625,1500,9000
6880,125,375,5375,1625,1500,9000
6881,125,375,5500,1750,1500,9250
6882,125,375,5375,1625,1500,9000
6883,125,375,5375,1750,1500,9125
6884,125,375,5375,1625,1625,9125
6885,0,375,5500,1750,1500,9125
6886,125,500,5500,1625,1500,9250
6887,125,375,5375,1750,1500,9125
6888,125,375,5375,1750,1500,9125
6889,125,500,5375,1625,1500,9125
6890,125,375,5250,1625,1625,9000
6891,125,375,5375,1625,1500,9000
6892,125,375,5375,1750,1625,9250
6893,125,375,5375,1625,1625,9125
6894,125,375,5375,1750,1500,9125
6895,0,375,5375,1750,1625,9125
6896,125,500,5375,1625,1500,9125
6897,125,375,5250,1750,1625,9125
6898,0,375,5375,1750,1625,9125
6899,125,375,5375,1625,1500,9000
6900,125,375,5250,1625,1500,8875
6901,125,375,5375,1625,1500,9000
6902,125,375,5375,1750,1625,9250
6903,125,375,5375,1625,1500,9000
6904,125,375,5375,1750,1500,9125
6905,125,375,5375,1750,1500,9125
6906,0,375,5375,1625,1500,8875
6907,125,375,5250,1750,1625,9125
6908,125,375,5250,1625,1500,8875
6909,125,375,5250,1625,1500,8875
6910,125,375,5375,1750,1500,9125
6911,125,375,5375,1750,1500,9125
6912,125,375,5250,1625,1500,8875
6913,125,375,6000,1875,1625,10000
6914,125,375,5500,1750,1625,9375
6915,125,375,5250,1625,1500,8875
6916,125,375,5375,1625,1500,9000
6917,125,375,5250,1750,1500,9000
6918,125,375,5250,1625,1625,9000
6919,0,375,5375,1625,1500,8875
6920,125,375,5500,1625,1500,9125
6921,125,375,5250,1625,1500,8875
6922,125,500,5375,1625,1500,9125
6923,125,375,5375,1750,1500,9125
6924,125,375,6500,1875,1625,10500
6925,125,375,5500,1625,1500,9125
6926,125,375,5375,1625,1500,9000
6927,125,375,5250,1750,1625,9125
6928,125,375,5250,1625,1500,8875
6929,0,375,5500,1750,1500,9125
6930,125,375,5250,1625,1625,9000
6931,125,375,5375,1750,1500,9125
6932,125,375,5375,1625,1500,9000
6933,0,375,5500,1625,1500,9000
6934,125,375,5375,1625,1625,9125
6935,125,375,5250,1625,1500,8875
6936,125,375,5375,1625,1500,9000
6937,125,375,5250,1625,1500,8875
6938,125,375,5250,1625,1500,8875
6939,0,375,5500,1625,1500,9000
6940,125,375,5375,1625,1500,9000
6941,125,375,5125,1625,1500,8750
6942,125,375,5250,1625,1625,9000
6943,125,375,5250,1625,1500,8875
6944,125,375,5250,1625,1500,8875
6945,125,375,5500,1625,1500,9125
6946,125,500,5375,1750,1625,9375
6947,125,375,5250,1625,1500,8875
6948,125,375,5250,1625,1500,8875
6949,125,375,5250,1625,1500,8875
6950,125,375,5250,1625,1500,8875
6951,125,375,5375,1625,1500,9000
6952,125,375,5250,1625,1500,8875
6953,125,375,5250,1625,1500,8875
6954,125,500,5375,1750,1500,9250
6955,125,375,5375,1750,1500,9125
6956,125,375,5250,1625,1500,8875
6957,125,375,5375,1625,1500,9000
6958,125,375,5375,1625,1500,9000
6959,125,375,5375,1625,1500,9000
6960,125,375,5375,1625,1500,9000
6961,125,375,5375,1750,1625,9250
6962,125,375,5375,1625,1500,9000
6963,125,375,5500,1625,1500,9125
6964,125,375,5250,1750,1625,9125
6965,0,375,5250,1625,1500,8750
6966,125,375,5500,1750,1500,9250
6967,0,375,5375,1750,1500,9000
6968,125,375,5375,1625,1625,9125
6969,125,375,5250,1750,1625,9125
6970,125,375,5375,1750,1625,9250
6971,0,375,5375,1625,1500,8875
6972,125,375,5375,1750,1500,9125
6973,0,375,5250,1625,1500,8750
6974,125,375,5375,1625,1500,9000
6975,125,375,5375,1750,1500,9125
6976,125,375,5375,1625,1500,9000
6977,125,375,5250,1750,1625,9125
6978,0,375,5250,1625,1500,8750
6979,125,375,5250,1625,1500,8875
6980,125,375,5375,1750,1500,9125
6981,125,375,5375,1625,1500,9000
6982,125,375,5375,1625,1500,9000
6983,125,375,5375,1625,1500,9000
6984,125,375,5375,1750,1625,9250
6985,125,375,5375,1625,1500,9000
6986,125,375,5250,1625,1500,8875
6987,125,375,5375,1750,1500,9125
6988,125,500,5375,1625,1625,9250
6989,125,375,5375,1625,1500,9000
6990,125,375,5375,1750,1500,9125
6991,125,500,5375,1750,1500,9250
6992,125,375,5250,1625,1500,8875
6993,125,375,5375,1750,1625,9250
6994,125,375,5375,1625,1500,9000
6995,125,375,5375,1750,1500,9125
6996,125,500,5375,1625,1500,9125
6997,125,375,5250,1625,1500,8875
6998,125,375,5250,1625,1500,8875
6999,0,375,5375,1625,1500,8875
7000,125,375,5375,1750,1625,9250
7001,0,375,5375,1625,1500,8875
7002,125,375,5250,1625,1500,8875
7003,0,375,5250,1625,1500,8750
7004,125,375,5375,1625,1625,9125
7005,0,375,5250,1625,1500,8750
7006,125,375,5250,1625,1500,8875
7007,125,375,5375,1625,1500,9000
7008,125,375,5375,1625,1500,9000
7009,125,375,5375,1750,1625,9250
7010,125,375,5250,1625,1500,8875
7011,125,375,5250,1625,1500,8875
7012,125,375,5375,1750,1625,9250
7013,125,500,5375,1750,1500,9250
7014,125,500,5375,1750,1500,9250
7015,125,375,5375,1625,1500,9000
7016,125,375,5375,1625,1500,9000
7017,125,375,5375,1750,1625,9250
7018,125,375,5375,1750,1500,9125
7019,125,375,5375,1625,1500,9000
7020,125,375,5250,1625,1500,8875
7021,125,500,5375,1625,1500,9125
7022,125,375,5375,1625,1500,9000
7023,0,375,5500,1750,1500,9125
7024,125,500,5375,1625,1500,9125
7025,125,375,5250,1625,1500,8875
7026,125,375,5375,1750,1500,9125
7027,125,375,5375,1625,1500,9000
7028,125,375,5250,1625,1500,8875
7029,125,375,5375,1625,1500,9000
7030,125,375,5375,1750,1500,9125
7031,125,375,5250,1625,1500,8875
7032,125,375,5375,1750,1500,9125
7033,125,375,5375,1750,1500,9125
7034,125,375,5250,1625,1500,8875
7035,125,375,5375,1625,1500,9000
7036,125,375,5375,1625,1500,9000
7037,125,375,5250,1750,1625,9125
7038,125,375,5875,1750,1500,9625
7039,125,375,5500,1625,1500,9125
7040,125,375,5375,1625,1625,9125
7041,0,375,5375,1750,1500,9000
7042,125,375,5375,1750,1625,9250
7043,125,375,5250,1625,1500,8875
7044,125,375,5375,1625,1500,9000
7045,125,375,5375,1625,1625,9125
7046,0,375,5250,1750,1500,8875
7047,125,375,5375,1750,1500,9125
7048,125,500,5375,1750,1625,9375
7049,125,375,5375,1625,1500,9000
7050,125,375,5375,1625,1500,9000
7051,125,375,5250,1625,1500,8875
7052,125,375,5375,1750,1625,9250
7053,125,375,5250,1750,1625,9125
7054,125,375,5250,1750,1625,9125
7055,125,375,5250,1625,1625,9000
7056,125,375,5375,1625,1500,9000
7057,125,375,5375,1750,1625,9250
7058,0,375,5250,1625,1500,8750
7059,0,375,5500,1625,1500,9000
7060,0,375,5375,1625,1500,8875
7061,125,375,5500,1625,1500,9125
7062,0,375,5250,1750,1500,8875
7063,125,375,5375,1750,1500,9125
7064,0,375,5375,1625,1500,8875
7065,0,375,5375,1625,1500,8875
7066,125,375,5375,1750,1500,9125
7067,0,375,5375,1750,1500,9000
7068,0,375,5375,1750,1500,9000
7069,125,375,5375,1750,1500,9125
7070,125,375,5375,1625,1500,9000
7071,125,375,5375,1625,1500,9000
7072,125,375,5375,1625,1625,9125
7073,125,375,5250,1750,1500,9000
7074,125,375,5375,1750,1500,9125
7075,125,375,5375,1625,1500,9000
7076,125,375,5375,1625,1500,9000
7077,125,375,5375,1625,1500,9000
7078,125,375,5250,1625,1500,8875
7079,125,375,5250,1625,1500,8875
7080,125,500,5375,1750,1500,9250
7081,125,375,5375,1625,1500,9000
7082,125,375,5250,1625,1500,8875
7083,0,375,5500,1750,1500,9125
7084,125,500,5375,1750,1500,9250
7085,125,375,5500,1625,1625,9250
7086,125,375,5375,1750,1500,9125
7087,125,375,5250,1625,1500,8875
7088,125,375,5375,1750,1500,9125
7089,125,375,5375,1625,1500,9000
7090,125,375,5250,1750,1500,9000
7091,0,375,5250,1625,1500,8750
7092,0,375,5375,1625,1500,8875
7093,125,375,5250,1625,1500,8875
7094,0,375,5375,1625,1500,8875
7095,125,375,5375,1750,1625,9250
7096,125,375,5375,1750,1375,9000
7097,125,375,5500,1750,1500,9250
7098,125,375,5500,1625,1500,9125
7099,125,500,5375,1625,1500,9125
7100,125,375,5250,1625,1500,8875
7101,125,375,5250,1625,1500,8875
7102,125,375,5250,1625,1500,8875
7103,125,375,5375,1625,1500,9000
7104,125,375,5375,1625,1625,9125
7105,125,375,5375,1625,1500,9000
7106,125,500,5375,1625,1500,9125
7107,125,500,5375,1750,1500,9250
7108,0,375,5375,1625,1500,8875
7109,125,375,5375,1750,1500,9125
7110,125,375,5375,1750,1500,9125
7111,125,375,5250,1750,1625,9125
7112,125,375,5250,1625,1500,8875
7113,125,375,5500,1750,1500,9250
7114,125,375,5375,1625,1500,9000
7115,125,375,5500,1625,1625,9250
7116,125,375,5375,1625,1500,9000
7117,125,375,5375,1750,1625,9250
7118,125,375,5375,1625,1500,9000
7119,125,375,5375,1625,1500,9000
7120,125,375,5250,1625,1500,8875
7121,125,375,5375,1750,1625,9250
7122,125,375,5375,1750,1500,9125
7123,125,500,5375,1625,1500,9125
7124,125,375,5250,1625,1375,8750
7125,125,375,5250,1625,1500,8875
7126,125,375,5375,1750,1500,9125
7127,125,375,5375,1625,1625,9125
7128,0,375,5375,1625,1625,9000
7129,125,375,5500,1750,1500,9250
7130,125,500,5375,1625,1625,9250
7131,0,375,5375,1625,1500,8875
7132,125,375,5250,1625,1500,8875
7133,125,375,5250,1625,1500,8875
7134,125,375,5375,1750,1500,9125
7135,125,375,5375,1750,1625,9250
7136,125,375,5375,1625,1625,9125
7137,0,375,5375,1625,1500,8875
7138,125,375,5375,1750,1500,9125
7139,125,375,5375,1625,1500,9000
7140,125,375,5375,1625,1500,9000
7141,125,375,5375,1750,1625,9250
7142,0,375,5375,1750,1500,9000
7143,125,500,5375,1625,1625,9250
7144,125,375,5375,1750,1500,9125
7145,125,375,5375,1625,1500,9000
7146,125,375,5250,1625,1500,8875
7147,125,375,5375,1750,1625,9250
7148,125,375,5375,1625,1500,9000
7149,125,375,5375,1625,1500,9000
7150,125,375,5375,1750,1625,9250
7151,125,375,5375,1750,1500,9125
7152,125,375,5375,1625,1500,9000
7153,125,375,5375,1625,1500,9000
7154,125,375,5375,1750,1500,9125
7155,125,375,5375,1625,1500,9000
7156,125,375,5250,1750,1500,9000
7157,125,375,5375,1750,1625,9250
7158,125,375,5375,1625,1500,9000
7159,125,375,5375,1625,1500,9000
7160,125,375,5375,1750,1625,9250
7161,125,375,5250,1750,1625,9125
7162,125,375,5250,1750,1500,9000
7163,125,375,5875,1875,1625,9875
7164,125,375,5375,1750,1500,9125
7165,125,375,5375,1750,1500,9125
7166,125,375,5250,1625,1500,8875
7167,125,375,5250,1750,1500,9000
7168,125,375,5375,1625,1625,9125
7169,125,500,5250,1625,1500,9000
7170,125,375,5250,1750,1500,9000
7171,125,375,5375,1625,1500,9000
7172,125,375,5375,1625,1500,9000
7173,125,375,5375,1625,1500,9000
7174,125,500,5250,1625,1500,9000
7175,125,375,5250,1750,1625,9125
7176,125,375,5375,1750,1500,9125
7177,125,375,5375,1750,1500,9125
7178,125,375,5375,1750,1500,9125
7179,125,375,5375,1625,1500,9000
7180,125,500,5375,1625,1500,9125
7181,125,375,5375,1750,1500,9125
7182,125,375,5500,1625,1500,9125
7183,125,375,5375,1625,1625,9125
7184,0,375,5500,1625,1625,9125
7185,125,375,5375,1750,1500,9125
7186,0,375,5500,1750,1500,9125
7187,125,375,5500,1750,1625,9375
7188,125,375,5375,1750,1500,9125
7189,125,375,5375,1750,1500,9125
7190,125,375,5375,1625,1500,9000
7191,125,375,5250,1625,1500,8875
7192,125,500,5375,1750,1500,9250
7193,125,375,5375,1750,1500,9125
7194,125,375,5375,1625,1500,9000
7195,0,375,5250,1625,1500,8750
7196,125,375,5375,1750,1500,9125
7197,125,375,5500,1750,1500,9250
7198,0,375,5500,1625,1500,9000
7199,125,375,5500,1625,1500,9125
7200,125,375,5375,1625,1500,9000
7201,125,375,5250,1625,1500,8875
7202,125,500,5375,1625,1500,9125
7203,125,375,5250,1625,1625,9000
7204,125,375,5375,1750,1500,9125
7205,125,375,5375,1625,1500,9000
7206,125,375,5250,1750,1500,9000
7207,125,375,5375,1750,1625,9250
7208,125,375,5375,1625,1500,9000
7209,125,375,5375,1750,1625,9250
7210,125,375,5250,1625,1500,8875
7211,125,375,5250,1625,1500,8875
7212,0,375,5375,1750,1625,9125
7213,125,375,5375,1625,1500,9000
7214,125,375,5500,1625,1500,9125
7215,125,375,5375,1750,1625,9250
7216,0,375,5250,1750,1625,9000
7217,125,500,5375,1625,1500,9125
7218,125,375,5375,1625,1500,9000
7219,125,500,5375,1625,1500,9125
7220,125,375,5375,1625,1500,9000
7221,125,375,5375,1625,1500,9000
7222,125,375,5375,1625,1500,9000
7223,125,375,5375,1750,1500,9125
7224,125,375,5375,1625,1500,9000
7225,125,500,5375,1625,1500,9125
7226,125,500,5500,1625,1625,9375
7227,125,375,5250,1625,1625,9000
7228,125,375,5250,1625,1500,8875
7229,125,375,5250,1625,1500,8875
7230,125,500,5250,1750,1625,9250
7231,0,375,5375,1625,1500,8875
7232,125,500,5375,1625,1625,9250
7233,125,375,5375,1625,1500,9000
7234,0,375,5375,1625,1500,8875
7235,125,375,5375,1625,1500,9000
7236,125,375,5250,1625,1625,9000
7237,0,375,5250,1750,1500,8875
7238,125,375,5375,1750,1500,9125
7239,125,375,5250,1625,1500,8875
7240,125,375,5500,1625,1375,9000
7241,0,375,5500,1625,1500,9000
7242,125,375,5375,1625,1500,9000
7243,125,500,5375,1750,1500,9250
7244,125,375,5375,1750,1625,9250
7245,125,375,5375,1625,1500,9000
7246,125,375,5250,1625,1500,8875
7247,125,375,5375,1750,1500,9125
7248,125,375,5375,1625,1500,9000
7249,125,500,5250,1625,1500,9000
7250,125,375,5375,1625,1625,9125
7251,125,375,5250,1625,1625,9000
7252,0,375,5500,1625,1500,9000
7253,125,500,5250,1625,1500,9000
7254,125,375,5375,1750,1500,9125
7255,125,375,5500,1625,1500,9125
7256,0,375,5500,1625,1500,9000
7257,125,375,5250,1625,1500,8875
7258,125,375,5375,1500,1500,8875
7259,125,375,5250,1625,1625,9000
7260,125,375,5250,1625,1500,8875
7261,125,375,5375,1750,1625,9250
7262,125,375,5375,1625,1500,9000
7263,125,375,5375,1625,1500,9000
7264,125,375,5250,1750,1500,9000
7265,125,375,5375,1625,1500,9000
7266,125,375,5375,1750,1500,9125
7267,125,375,5250,1625,1500,8875
7268,125,500,15375,1750,1625,19375
7269,125,375,5875,1750,1625,9750
7270,125,375,5625,1750,1500,9375
7271,125,375,5375,1750,1625,9250
7272,125,375,5375,1625,1500,9000
7273,125,375,5375,1750,1500,9125
7274,125,375,5375,1750,1625,9250
7275,125,375,5250,1625,1500,8875
7276,125,375,5250,1625,1625,9000
7277,125,375,5375,1750,1625,9250
7278,125,375,5375,1750,1625,9250
7279,0,375,5375,1750,1625,9125
7280,125,375,5375,1625,1500,9000
7281,125,375,5250,1750,1500,9000
7282,125,375,5375,1750,1500,9125
7283,125,375,5375,1625,1500,9000
7284,125,375,5375,1625,1500,9000
7285,125,375,5375,1625,1500,9000
7286,125,375,5375,1750,1625,9250
7287,125,375,5250,1750,1625,9125
7288,125,500,6000,1875,1625,10125
7289,125,500,5375,1625,1500,9125
7290,125,375,5500,1750,1500,9250
7291,125,375,5500,1625,1500,9125
7292,125,375,5375,1750,1500,9125
7293,125,375,5375,1625,1500,9000
7294,125,375,5375,1750,1500,9125
7295,125,500,5375,1750,1625,9375
7296,125,375,5375,1625,1500,9000
7297,125,375,5375,1625,1500,9000
7298,125,375,5375,1750,1500,9125
7299,125,500,5375,1750,1625,9375
7300,0,375,5625,1625,1500,9125
7301,125,375,5375,1750,1500,9125
7302,125,375,5375,1750,1625,9250
7303,125,375,5250,1625,1500,8875
7304,0,375,5500,1625,1500,9000
7305,125,375,5250,1750,1500,9000
7306,125,375,5375,1625,1500,9000
7307,125,375,5375,1625,1500,9000
7308,125,375,5125,1625,1500,8750
7309,0,375,5375,1750,1500,9000
7310,125,375,5375,1750,1625,9250
7311,125,375,5250,1750,1625,9125
7312,125,375,5250,1750,1625,9125
7313,125,375,5250,1625,1500,8875
7314,125,375,5250,1625,1500,8875
7315,125,375,5375,1750,1500,9125
7316,125,375,5375,1625,1500,9000
7317,125,375,5375,1750,1500,9125
7318,125,500,5375,1750,1625,9375
7319,125,375,5375,1750,1500,9125
7320,125,375,5250,1625,1500,8875
7321,125,375,5375,1625,1500,9000
7322,125,375,5375,1750,1500,9125
7323,125,375,5250,1625,1500,8875
7324,125,375,5375,1625,1625,9125
7325,125,375,5375,1625,1500,9000
7326,125,375,5250,1750,1625,9125
7327,0,375,5375,1625,1500,8875
7328,125,375,5375,1750,1625,9250
7329,125,375,5375,1625,1500,9000
7330,125,375,5250,1625,1500,8875
7331,0,375,5375,1750,1500,9000
7332,125,500,5375,1625,1500,9125
7333,0,375,5250,1750,1500,8875
7334,125,375,5375,1750,1625,9250
7335,125,375,5250,1625,1500,8875
7336,0,375,5500,1750,1500,9125
7337,125,375,5375,1750,1500,9125
7338,125,375,5500,1750,1500,9250
7339,125,375,5500,1625,1500,9125
7340,125,375,5500,1750,1500,9250
7341,125,375,5375,1750,1500,9125
7342,125,375,5250,1750,1500,9000
7343,125,375,5500,1750,1500,9250
7344,125,375,5250,1625,1500,8875
7345,125,375,5375,1625,1500,9000
7346,125,375,5250,1625,1500,8875
7347,0,375,5375,1750,1500,9000
7348,125,375,5375,1625,1500,9000
7349,125,375,5375,1750,1625,9250
7350,125,375,5375,1750,1500,9125
7351,125,375,5375,1750,1500,9125
7352,125,375,5250,1625,1500,8875
7353,125,375,5375,1750,1625,9250
7354,0,375,5375,1625,1625,9000
7355,125,375,5375,1750,1625,9250
7356,125,375,5375,1750,1625,9250
7357,0,375,5375,1750,1500,9000
7358,125,375,5375,1625,1500,9000
7359,125,500,5375,1750,1500,9250
7360,125,375,5250,1625,1500,8875
7361,125,500,5375,1625,1500,9125
7362,125,375,5375,1750,1625,9250
7363,125,375,5375,1750,1500,9125
7364,125,375,5375,1625,1500,9000
7365,125,375,5375,1625,1500,9000
7366,125,375,5375,1750,1500,9125
7367,125,375,5375,1625,1500,9000
7368,125,375,5250,1625,1625,9000
7369,125,375,5375,1625,1500,9000
7370,125,375,5250,1625,1500,8875
7371,125,375,5375,1625,1500,9000
7372,125,500,5375,1750,1625,9375
7373,125,375,5375,1625,1500,9000
7374,125,375,5250,1625,1500,8875
7375,125,375,5250,1750,1625,9125
7376,125,375,5250,1750,1500,9000
7377,125,375,5375,1625,1625,9125
7378,125,375,5250,1625,1500,8875
7379,125,500,5250,1625,1500,9000
7380,125,500,5375,1750,1500,9250
7381,125,375,5375,1750,1500,9125
7382,125,375,5500,1750,1500,9250
7383,125,375,5375,1750,1500,9125
7384,125,375,5500,1750,1625,9375
7385,0,375,5375,1750,1500,9000
7386,125,375,5250,1625,1500,8875
7387,125,500,5375,1625,1500,9125
7388,125,375,5375,1625,1500,9000
7389,125,375,5375,1625,1500,9000
7390,125,375,5500,1625,1500,9125
7391,125,500,5375,1625,1625,9250
7392,125,375,5375,1625,1500,9000
7393,125,375,5500,1750,1625,9375
7394,125,375,5250,1625,1500,8875
7395,125,375,5375,1625,1625,9125
7396,125,375,5375,1625,1500,9000
7397,125,375,5375,1625,1500,9000
7398,125,375,5375,1625,1500,9000
7399,125,375,5375,1625,1500,9000
7400,125,375,5375,1750,1500,9125
7401,125,375,5375,1750,1500,9125
7402,125,375,5375,1750,1500,9125
7403,125,375,5250,1625,1500,8875
7404,125,375,5375,1625,1625,9125
7405,125,375,5500,1625,1500,9125
7406,125,375,5375,1750,1500,9125
7407,125,500,5375,1625,1500,9125
7408,125,375,5375,1625,1500,9000
7409,125,375,5375,1750,1625,9250
7410,125,375,5375,1625,1625,9125
7411,125,375,5375,1750,1500,9125
7412,125,375,5375,1625,1625,9125
7413,125,375,6000,1625,1500,9625
7414,125,375,5375,1625,1500,9000
7415,125,375,5375,1750,1500,9125
7416,125,375,5375,1750,1625,9250
7417,125,375,5500,1625,1500,9125
7418,125,375,5250,1750,1500,9000
7419,125,375,5375,1625,1625,9125
7420,0,375,5375,1625,1500,8875
7421,125,375,5375,1750,1625,9250
7422,125,375,5500,1750,1500,9250
7423,125,375,5375,1625,1500,9000
7424,125,500,5250,1625,1625,9125
7425,125,375,5375,1750,1500,9125
7426,125,375,5375,1750,1500,9125
7427,125,375,5500,1625,1500,9125
7428,125,375,5375,1750,1500,9125
7429,125,375,5375,1625,1625,9125
7430,125,375,5250,1625,1500,8875
7431,125,375,5375,1625,1500,9000
7432,125,375,5375,1625,1625,9125
7433,125,375,5250,1625,1500,8875
7434,125,375,5250,1750,1625,9125
7435,125,375,5375,1750,1500,9125
7436,125,375,5375,1625,1500,9000
7437,125,375,5250,1625,1500,8875
7438,125,375,5375,1625,1500,9000
7439,125,375,5250,1750,1500,9000
7440,125,375,5250,1625,1500,8875
7441,125,375,5375,1625,1500,9000
7442,125,375,5375,1625,1500,9000
7443,125,375,5375,1750,1500,9125
7444,0,375,5375,1625,1500,8875
7445,125,375,5375,1625,1500,9000
7446,125,375,5250,1625,1625,9000
7447,125,375,5500,1750,1625,9375
7448,125,375,5375,1625,1500,9000
7449,125,375,5500,1750,1500,9250
7450,125,500,5375,1750,1500,9250
7451,125,375,5250,1625,1500,8875
7452,125,500,5375,1625,1500,9125
7453,0,375,5500,1750,1500,9125
7454,125,375,5375,1750,1625,9250
7455,125,375,5375,1750,1500,9125
7456,125,375,5375,1625,1500,9000
7457,125,375,5375,1750,1375,9000
7458,125,375,5250,1750,1500,9000
7459,125,375,5250,1750,1500,9000
7460,125,375,5375,1750,1500,9125
7461,125,375,5375,1625,1625,9125
7462,125,375,5250,1625,1500,8875
7463,125,375,5500,1750,1500,9250
7464,125,375,5375,1625,1500,9000
7465,125,375,5500,1750,1500,9250
7466,125,375,5250,1625,1625,9000
7467,0,375,5375,1625,1500,8875
7468,125,375,5250,1750,1500,9000
7469,0,375,5500,1625,1500,9000
7470,125,375,5375,1625,1500,9000
7471,125,375,5375,1625,1500,9000
7472,125,375,5375,1750,1625,9250
7473,125,375,5375,1625,1500,9000
7474,125,375,5250,1750,1625,9125
7475,125,375,5375,1625,1500,9000
7476,125,375,5375,1625,1500,9000
7477,0,375,5375,1625,1500,8875
7478,125,500,5375,1750,1500,9250
7479,125,375,5500,1625,1500,9125
7480,125,375,5250,1625,1500,8875
7481,125,375,5375,1750,1625,9250
7482,125,375,5375,1750,1500,9125
7483,125,375,5375,1625,1500,9000
7484,125,375,5250,1625,1625,9000
7485,125,375,5500,1750,1500,9250
7486,125,375,5375,1625,1625,9125
7487,125,375,5500,1750,1500,9250
7488,125,375,5375,1625,1500,9000
7489,125,500,5250,1625,1625,9125
7490,0,375,5500,1750,1500,9125
7491,125,375,5375,1750,1625,9250
7492,125,375,5375,1750,1500,9125
7493,125,375,5375,1750,1500,9125
7494,125,500,5375,1750,1500,9250
7495,125,375,5375,1625,1500,9000
7496,125,375,5375,1750,1625,9250
7497,125,375,5375,1625,1500,9000
7498,125,375,5500,1625,1500,9125
7499,125,375,5375,1750,1625,9250
7500,125,500,5500,1625,1500,9250
7501,125,375,5375,1625,1500,9000
7502,125,375,5375,1625,1500,9000
7503,125,375,5250,1625,1500,8875
7504,0,375,5375,1625,1500,8875
7505,125,375,5375,1625,1625,9125
7506,125,375,5375,1750,1625,9250
7507,125,375,5375,1750,1500,9125
7508,125,375,5375,1625,1500,9000
7509,125,375,5375,1625,1500,9000
7510,125,375,5375,1750,1625,9250
7511,0,375,5250,1625,1625,8875
7512,125,375,5375,1750,1625,9250
7513,0,375,5500,1750,1500,9125
7514,125,375,5250,1625,1625,9000
7515,125,375,5500,1625,1500,9125
7516,125,375,5500,1625,1500,9125
7517,125,375,5375,1625,1500,9000
7518,125,375,5375,1625,1500,9000
7519,125,375,5250,1625,1500,8875
7520,125,375,5375,1625,1500,9000
7521,0,375,5500,1750,1625,9250
7522,125,375,5375,1750,1500,9125
7523,125,375,5375,1625,1500,9000
7524,125,375,5500,1750,1500,9250
7525,125,375,5250,1625,1625,9000
7526,125,375,5250,1625,1500,8875
7527,125,500,5375,1750,1500,9250
7528,125,375,5375,1625,1500,9000
7529,125,375,5375,1750,1500,9125
7530,125,500,5375,1750,1625,9375
7531,0,375,5250,1625,1625,8875
7532,125,375,5375,1625,1500,9000
7533,125,375,5250,1625,1625,9000
7534,125,375,5375,1625,1625,9125
7535,125,375,5375,1625,1500,9000
7536,0,375,5375,1625,1625,9000
7537,125,500,5375,1625,1500,9125
7538,125,500,6000,1750,1500,9875
7539,125,375,5625,1625,1500,9250
7540,0,375,5375,1750,1500,9000
7541,125,375,5375,1750,1625,9250
7542,125,375,5375,1625,1500,9000
7543,125,375,5375,1625,1500,9000
7544,125,375,5375,1625,1500,9000
7545,125,375,5375,1625,1500,9000
7546,125,375,5375,1625,1500,9000
7547,125,375,5375,1625,1500,9000
7548,125,375,5500,1750,1625,9375
7549,0,375,5375,1625,1500,8875
7550,125,375,5250,1625,1500,8875
7551,125,500,5375,1625,1500,9125
7552,125,375,5250,1625,1500,8875
7553,0,375,5375,1625,1500,8875
7554,125,375,5375,1625,1500,9000
7555,125,375,5375,1625,1500,9000
7556,125,500,5375,1750,1500,9250
7557,125,375,5375,1625,1500,9000
7558,0,375,5375,1750,1500,9000
7559,125,375,5375,1750,1500,9125
7560,125,375,5250,1625,1500,8875
7561,125,375,5250,1625,1500,8875
7562,125,375,5250,1625,1500,8875
7563,125,375,5375,1625,1500,9000
7564,125,500,5375,1625,1500,9125
7565,125,500,5375,1750,1500,9250
7566,125,375,5375,1625,1500,9000
7567,125,375,5375,1750,1625,9250
7568,125,375,5375,1750,1500,9125
7569,125,375,5375,1625,1500,9000
7570,125,375,5375,1750,1500,9125
7571,125,500,5500,1625,1500,9250
7572,125,375,5250,1625,1500,8875
7573,125,375,5250,1625,1625,9000
7574,125,375,5500,1750,1500,9250
7575,125,375,5375,1750,1500,9125
7576,125,375,5375,1625,1500,9000
7577,125,375,5375,1625,1625,9125
7578,125,375,5250,1750,1500,9000
7579,0,375,5250,1625,1500,8750
7580,125,375,5500,1750,1625,9375
7581,125,375,5375,1625,1625,9125
7582,125,375,5375,1750,1500,9125
7583,125,375,5375,1625,1500,9000
7584,125,375,5375,1625,1500,9000
7585,125,500,5250,1625,1500,9000
7586,125,375,5375,1750,1500,9125
7587,0,375,5375,1750,1500,9000
7588,125,375,5375,1625,1625,9125
7589,125,375,5375,1625,1500,9000
7590,125,375,5375,1625,1500,9000
7591,125,375,5375,1750,1625,9250
7592,0,375,5500,1625,1500,9000
7593,125,500,5375,1625,1500,9125
7594,125,375,5375,1625,1500,9000
7595,125,375,5500,1750,1500,9250
7596,125,375,5250,1625,1500,8875
7597,125,375,5500,1625,1500,9125
7598,125,375,5375,1625,1500,9000
7599,0,375,5375,1625,1500,8875
7600,0,375,5500,1750,1500,9125
7601,125,500,5375,1625,1500,9125
7602,0,375,5250,1625,1500,8750
7603,125,375,5375,1625,1500,9000
7604,125,375,5250,1625,1500,8875
7605,125,375,5375,1750,1625,9250
7606,0,375,5375,1625,1500,8875
7607,125,375,5375,1625,1625,9125
7608,125,375,5375,1625,1500,9000
7609,125,375,5375,1750,1500,9125
7610,125,375,5375,1625,1625,9125
7611,125,375,5250,1625,1500,8875
7612,125,10125,6125,1875,1625,19875
7613,125,375,5500,1750,1625,9375
7614,125,500,5375,1625,1500,9125
7615,125,375,5375,1625,1625,9125
7616,125,375,5375,1625,1500,9000
7617,125,375,5375,1750,1500,9125
7618,125,375,5250,1625,1500,8875
7619,125,375,5250,1625,1500,8875
7620,125,500,5375,1625,1500,9125
7621,125,375,5500,1625,1500,9125
7622,125,500,5375,1625,1500,9125
7623,125,375,5250,1750,1500,9000
7624,0,375,5375,1750,1500,9000
7625,125,375,5500,1625,1500,9125
7626,125,375,5375,1625,1500,9000
7627,125,375,5250,1625,1500,8875
7628,125,375,5375,1625,1500,9000
7629,125,375,5375,1625,1500,9000
7630,125,375,5375,1625,1500,9000
7631,0,375,5250,1750,1500,8875
7632,125,500,5375,1750,1500,9250
7633,0,375,5375,1750,1500,9000
7634,125,375,5250,1625,1500,8875
7635,125,375,5125,1625,1500,8750
7636,125,375,5375,1625,1625,9125
7637,125,375,5250,1625,1500,8875
7638,125,375,5375,1750,1500,9125
7639,125,375,5375,1625,1500,9000
7640,125,375,5375,1625,1500,9000
7641,125,375,5375,1750,1500,9125
7642,125,375,5375,1750,1625,9250
7643,125,375,5375,1750,1500,9125
7644,125,375,5375,1750,1500,9125
7645,125,375,5375,1750,1500,9125
7646,125,375,5375,1625,1500,9000
7647,125,375,5375,1625,1500,9000
7648,0,375,5500,1625,1500,9000
7649,125,375,5375,1750,1500,9125
7650,125,375,5375,1750,1625,9250
7651,125,375,5375,1750,1500,9125
7652,0,375,5500,1750,1625,9250
7653,125,375,5375,1750,1500,9125
7654,125,375,5375,1625,1625,9125
7655,125,375,5375,1750,1625,9250
7656,125,375,5375,1750,1625,9250
7657,0,375,5375,1625,1500,8875
7658,125,375,5375,1750,1500,9125
7659,125,375,5375,1750,1500,9125
7660,125,375,5250,1625,1500,8875
7661,125,500,5375,1750,1500,9250
7662,125,375,5375,1750,1625,9250
7663,125,375,5875,1875,1625,9875
7664,125,375,5625,1750,1500,9375
7665,125,375,5375,1750,1500,9125
7666,125,375,5375,1750,1500,9125
7667,125,375,5375,1625,1500,9000
7668,125,375,5500,1750,1500,9250
7669,0,375,5500,1750,1625,9250
7670,125,375,5500,1625,1500,9125
7671,125,500,5375,1750,1500,9250
7672,125,375,5375,1750,1500,9125
7673,125,500,5375,1625,1500,9125
7674,125,375,5375,1750,1500,9125
7675,125,375,5375,1625,1500,9000
7676,125,375,5250,1625,1625,9000
7677,0,375,5375,1750,1500,9000
7678,125,375,5500,1750,1500,9250
7679,125,375,5500,1750,1500,9250
7680,125,375,5375,1625,1500,9000
7681,125,375,5375,1625,1500,9000
7682,125,375,5375,1625,1500,9000
7683,125,375,5375,1625,1500,9000
7684,125,375,5375,1625,1500,9000
7685,125,375,5375,1625,1500,9000
7686,0,375,5375,1625,1625,9000
7687,125,375,5250,1625,1500,8875
7688,125,375,5375,1750,1625,9250
7689,0,375,5375,1750,1625,9125
7690,125,500,5375,1750,1625,9375
7691,125,500,5375,1750,1500,9250
7692,125,375,5375,1625,1625,9125
7693,125,375,5500,1750,1500,9250
7694,125,500,5375,1625,1625,9250
7695,125,375,5375,1625,1500,9000
7696,125,375,5500,1625,1500,9125
7697,125,375,5375,1625,1500,9000
7698,0,375,5375,1625,1500,8875
7699,125,375,5375,1625,1500,9000
7700,125,375,5375,1625,1500,9000
7701,125,375,5500,1625,1500,9125
7702,125,375,5375,1750,1500,9125
7703,125,375,5375,1625,1500,9000
7704,125,375,5250,1750,1625,9125
7705,125,375,5250,1625,1500,8875
7706,125,375,5375,1625,1500,9000
7707,125,375,5250,1750,1375,8875
7708,125,375,5500,1750,1625,9375
7709,0,375,5500,1750,1625,9250
7710,125,375,5250,1625,1625,9000
7711,125,375,5375,1625,1500,9000
7712,125,375,5375,1625,1500,9000
7713,125,375,5375,1750,1625,9250
7714,125,500,5375,1625,1500,9125
7715,125,375,5250,1625,1500,8875
7716,125,375,5375,1625,1500,9000
7717,125,375,5500,1625,1500,9125
7718,125,375,5375,1750,1625,9250
7719,0,375,5500,1750,1500,9125
7720,125,375,5375,1750,1500,9125
7721,125,375,5250,1625,1500,8875
7722,125,375,5250,1750,1375,8875
7723,0,375,5375,1750,1500,9000
7724,125,375,5250,1625,1500,8875
7725,125,375,5375,1625,1500,9000
7726,0,375,5375,1625,1500,8875
7727,125,375,5375,1625,1500,9000
7728,125,375,5250,1625,1500,8875
7729,125,375,5250,1625,1500,8875
7730,125,375,5375,1625,1500,9000
7731,125,375,5375,1625,1500,9000
7732,125,375,5250,1625,1500,8875
7733,0,375,5375,1625,1500,8875
7734,125,375,5250,1625,1500,8875
7735,0,375,5375,1750,1500,9000
7736,0,375,5375,1625,1500,8875
7737,125,375,5250,1625,1625,9000
7738,125,375,5500,1750,1500,9250
7739,125,375,5250,1625,1500,8875
7740,125,375,5375,1625,1500,9000
7741,125,375,5375,1750,1500,9125
7742,125,375,5500,1625,1500,9125
7743,125,375,5375,1625,1500,9000
7744,125,500,5250,1750,1500,9125
7745,125,375,5375,1625,1625,9125
7746,125,375,5500,1625,1500,9125
7747,125,375,5375,1625,1500,9000
7748,125,500,5375,1750,1500,9250
7749,125,375,5250,1625,1500,8875
7750,125,375,5250,1625,1500,8875
7751,125,375,5250,1750,1500,9000
7752,125,375,5250,1625,1500,8875
7753,125,375,5375,1750,1625,9250
7754,125,375,5375,1625,1500,9000
7755,125,375,5250,1625,1500,8875
7756,125,500,5250,1625,1500,9000
7757,0,375,5375,1750,1625,9125
7758,0,375,5375,1750,1500,9000
7759,125,375,5375,1750,1500,9125
7760,125,375,5375,1750,1500,9125
7761,125,375,5375,1750,1500,9125
7762,125,375,5375,1750,1500,9125
7763,125,375,5375,1750,1625,9250
7764,0,375,5375,1625,1500,8875
7765,125,375,5250,1625,1625,9000
7766,125,375,5375,1625,1500,9000
7767,125,500,5375,1750,1625,9375
7768,125,375,5250,1625,1500,8875
7769,125,375,5375,1625,1500,9000
7770,125,375,5250,1625,1500,8875
7771,125,375,5250,1625,1625,9000
7772,0,375,5375,1625,1500,8875
7773,0,375,5250,1750,1500,8875
7774,125,500,5375,1625,1500,9125
7775,0,375,5375,1625,1625,9000
7776,0,375,5375,1625,1500,8875
7777,0,375,5375,1750,1500,9000
7778,125,375,5500,1625,1500,9125
7779,125,500,5375,1625,1625,9250
7780,125,375,5250,1750,1500,9000
7781,0,375,5375,1750,1625,9125
7782,125,500,5250,1625,1500,9000
7783,125,375,5250,1625,1500,8875
7784,125,375,5375,1750,1500,9125
7785,125,375,5375,1750,1500,9125
7786,125,375,5250,1750,1625,9125
7787,125,375,5375,1625,1500,9000
7788,125,375,5875,1750,1625,9750
7789,125,375,5500,1750,1625,9375
7790,125,375,5375,1750,1500,9125
7791,125,375,5375,1625,1500,9000
7792,125,375,5250,1750,1500,9000
7793,125,375,5500,1625,1500,9125
7794,125,375,5250,1625,1500,8875
7795,125,375,5250,1625,1500,8875
7796,125,375,5375,1625,1625,9125
7797,125,375,5375,1750,1500,9125
7798,125,375,5250,1625,1500,8875
7799,125,375,5375,1625,1500,9000
7800,125,500,5250,1750,1500,9125
7801,125,375,5375,1750,1625,9250
7802,0,375,5375,1625,1500,8875
7803,125,375,5250,1625,1625,9000
7804,125,500,5375,1625,1500,9125
7805,125,375,5250,1625,1500,8875
7806,125,375,5375,1750,1500,9125
7807,125,375,5500,1625,1500,9125
7808,125,375,5375,1625,1500,9000
7809,0,375,5375,1625,1500,8875
7810,125,375,5375,1750,1500,9125
7811,125,375,5250,1625,1500,8875
7812,125,375,5375,1750,1500,9125
7813,125,500,5375,1625,1500,9125
7814,125,375,5375,1750,1625,9250
7815,125,375,5250,1625,1500,8875
7816,125,375,5500,1625,1500,9125
7817,125,375,5250,1625,1500,8875
7818,125,375,5375,1625,1500,9000
7819,125,375,5375,1625,1500,9000
7820,125,375,5250,1625,1500,8875
7821,125,375,5375,1625,1625,9125
7822,125,375,5375,1625,1500,9000
7823,125,375,5250,1625,1500,8875
7824,125,375,5250,1625,1500,8875
7825,125,375,5500,1625,1500,9125
7826,125,375,5250,1625,1500,8875
7827,125,375,5250,1625,1500,8875
7828,125,375,5375,1625,1625,9125
7829,125,375,5375,1625,1625,9125
7830,125,375,5375,1625,1500,9000
7831,125,375,5375,1625,1500,9000
7832,125,375,5375,1625,1500,9000
7833,125,375,5375,1750,1625,9250
7834,125,375,5375,1750,1500,9125
7835,125,500,5375,1750,1500,9250
7836,125,375,5375,1750,1500,9125
7837,125,375,5500,1750,1500,9250
7838,125,500,5375,1625,1500,9125
7839,125,375,5375,1750,1500,9125
7840,125,375,5375,1625,1500,9000
7841,125,375,5375,1625,1500,9000
7842,0,375,5375,1750,1500,9000
7843,125,375,5250,1625,1500,8875
7844,125,375,5250,1625,1500,8875
7845,125,375,5375,1625,1500,9000
7846,125,375,5250,1625,1500,8875
7847,125,375,5375,1750,1500,9125
7848,125,375,5250,1625,1500,8875
7849,125,375,5250,1625,1500,8875
7850,125,375,5375,1500,1500,8875
7851,125,375,5375,1625,1625,9125
7852,125,375,5375,1625,1500,9000
7853,125,375,5375,1750,1625,9250
7854,125,375,5250,1625,1625,9000
7855,125,375,5250,1625,1500,8875
7856,125,375,5375,1625,1500,9000
7857,125,375,5500,1750,1500,9250
7858,125,500,5375,1625,1500,9125
7859,125,375,5375,1750,1625,9250
7860,125,375,5250,1750,1500,9000
7861,125,375,5250,1625,1500,8875
7862,0,375,5375,1625,1500,8875
7863,125,375,5375,1625,1500,9000
7864,125,500,5375,1625,1500,9125
7865,125,500,5375,1750,1500,9250
7866,125,375,5375,1750,1500,9125
7867,125,375,5375,1625,1500,9000
7868,125,375,5250,1625,1500,8875
7869,125,375,5375,1625,1500,9000
7870,125,375,5250,1750,1500,9000
7871,125,375,5375,1750,1625,9250
7872,0,375,5500,1750,1625,9250
7873,125,375,5250,1625,1500,8875
7874,125,375,5375,1750,1500,9125
7875,125,375,5375,1625,1500,9000
7876,125,375,5375,1625,1500,9000
7877,125,375,5250,1625,1500,8875
7878,125,375,5375,1625,1500,9000
7879,125,375,5250,1625,1500,8875
7880,125,375,5375,1625,1500,9000
7881,125,375,5250,1625,1500,8875
7882,125,375,5250,1625,1625,9000
7883,125,375,5375,1625,1500,9000
7884,125,375,5375,1625,1625,9125
7885,0,375,5375,1625,1500,8875
7886,125,375,5375,1750,1500,9125
7887,0,375,5375,1625,1500,8875
7888,125,375,5375,1625,1500,9000
7889,125,375,5500,1625,1500,9125
7890,125,375,5500,1625,1500,9125
7891,125,500,5250,1625,1500,9000
7892,125,375,5375,1625,1625,9125
7893,0,375,5500,1750,1625,9250
7894,125,375,5250,1625,1625,9000
7895,125,375,5250,1625,1500,8875
7896,125,500,5500,1625,1500,9250
7897,125,375,5375,1750,1500,9125
7898,125,500,5375,1625,1500,9125
7899,125,375,5500,1750,1625,9375
7900,125,375,5375,1750,1500,9125
7901,125,375,5375,1750,1500,9125
7902,125,375,5375,1625,1500,9000
7903,125,375,5375,1750,1500,9125
7904,125,375,5250,1625,1500,8875
7905,125,375,5375,1750,1625,9250
7906,0,375,5375,1750,1500,9000
7907,125,375,5375,1625,1500,9000
7908,125,375,5375,1625,1500,9000
7909,125,375,5250,1625,1500,8875
7910,125,500,5375,1625,1500,9125
7911,125,375,5250,1625,1500,8875
7912,125,375,5375,1750,1500,9125
7913,125,375,6125,1750,1500,9875
7914,125,375,5500,1625,1500,9125
7915,125,375,5250,1625,1500,8875
7916,0,375,5375,1750,1500,9000
7917,125,375,5375,1625,1625,9125
7918,125,375,5375,1625,1500,9000
7919,125,375,5375,1625,1625,9125
7920,125,375,5250,1625,1500,8875
7921,125,375,5500,1625,1500,9125
7922,0,375,5375,1625,1500,8875
7923,125,375,5250,1625,1500,8875
7924,0,375,5375,1625,1500,8875
7925,125,375,5250,1625,1500,8875
7926,125,375,5250,1625,1500,8875
7927,125,500,5375,1625,1500,9125
7928,125,375,5375,1750,1500,9125
7929,125,375,5375,1625,1625,9125
7930,125,375,5250,1625,1500,8875
7931,0,375,5500,1625,1500,9000
7932,125,500,5375,1625,1500,9125
7933,125,375,5250,1625,1375,8750
7934,0,375,5375,1750,1500,9000
7935,125,375,5375,1625,1500,9000
7936,125,500,5250,1625,1625,9125
7937,0,375,5500,1625,1500,9000
7938,125,375,5375,1625,1500,9000
7939,125,375,5250,1750,1625,9125
7940,0,375,5250,1625,1500,8750
7941,125,375,5250,1625,1625,9000
7942,125,375,5375,1750,1625,9250
7943,125,375,5375,1750,1625,9250
7944,0,375,5500,1750,1500,9125
7945,0,375,5375,1625,1375,8750
7946,125,375,5375,1750,1500,9125
7947,125,375,5375,1625,1625,9125
7948,0,375,5375,1625,1500,8875
7949,125,375,5375,1625,1500,9000
7950,125,375,5250,1625,1500,8875
7951,0,375,5375,1625,1500,8875
7952,125,375,5375,1625,1500,9000
7953,125,375,5250,1625,1500,8875
7954,125,375,5375,1625,1500,9000
7955,125,375,5375,1625,1500,9000
7956,0,10000,6000,1875,1625,19500
7957,125,375,5500,1750,1625,9375
7958,125,375,5375,1625,1500,9000
7959,125,500,5250,1750,1500,9125
7960,125,375,5375,1750,1500,9125
7961,125,375,5375,1750,1500,9125
7962,125,375,5375,1625,1625,9125
7963,0,375,5375,1625,1500,8875
7964,125,375,5250,1750,1500,9000
7965,0,375,5375,1750,1625,9125
7966,125,375,5375,1625,1500,9000
7967,125,375,5375,1750,1500,9125
7968,125,375,5375,1625,1500,9000
7969,125,375,5250,1625,1500,8875
7970,125,375,5375,1625,1625,9125
7971,0,375,5500,1625,1500,9000
7972,125,375,5250,1750,1625,9125
7973,125,375,5375,1750,1500,9125
7974,125,375,5375,1625,1500,9000
7975,125,375,5250,1625,1500,8875
7976,125,375,5375,1750,1500,9125
7977,0,375,5375,1625,1500,8875
7978,125,375,5375,1625,1500,9000
7979,0,375,5375,1750,1625,9125
7980,125,375,5500,1750,1625,9375
7981,125,375,5375,1625,1500,9000
7982,125,375,5375,1750,1625,9250
7983,125,375,5375,1750,1625,9250
7984,125,375,5500,1750,1500,9250
7985,125,375,5375,1625,1500,9000
7986,125,375,5375,1750,1625,9250
7987,125,375,5250,1625,1625,9000
7988,0,375,5375,1625,1500,8875
7989,0,375,5375,1625,1500,8875
7990,125,500,5375,1625,1500,9125
7991,125,375,5500,1625,1500,9125
7992,125,375,5500,1625,1500,9125
7993,125,375,5375,1625,1500,9000
7994,125,375,5375,1750,1625,9250
7995,0,375,5375,1750,1500,9000
7996,125,375,5500,1625,1500,9125
7997,125,375,5250,1625,1500,8875
7998,125,375,5250,1750,1625,9125
7999,125,375,5375,1750,1500,9125
8000,125,375,5375,1750,1500,9125
8001,0,375,5375,1625,1500,8875
8002,125,375,5375,1625,1500,9000
8003,125,375,5375,1750,1625,9250
8004,125,375,5250,1625,1500,8875
8005,125,375,5375,1625,1500,9000
8006,125,375,5375,1750,1500,9125
8007,125,375,5250,1625,1500,8875
8008,125,375,5375,1625,1500,9000
8009,125,375,5375,1750,1500,9125
8010,125,375,5375,1750,1500,9125
8011,125,375,5375,1625,1500,9000
8012,125,375,5250,1625,1500,8875
8013,125,375,5375,1625,1500,9000
8014,0,375,5375,1625,1500,8875
8015,125,375,5375,1750,1500,9125
8016,125,375,5375,1750,1500,9125
8017,125,375,5375,1625,1500,9000
8018,125,375,5375,1625,1500,9000
8019,125,375,5375,1625,1500,9000
8020,125,375,5375,1625,1500,9000
8021,125,375,5250,1625,1500,8875
8022,0,375,5375,1625,1500,8875
8023,125,375,5250,1625,1625,9000
8024,125,375,5375,1750,1625,9250
8025,125,375,5250,1625,1500,8875
8026,125,500,5250,1750,1500,9125
8027,125,500,5375,1625,1500,9125
8028,125,375,5500,1625,1500,9125
8029,125,375,5375,1625,1500,9000
8030,125,375,5250,1625,1500,8875
8031,125,375,5250,1625,1500,8875
8032,0,375,5375,1625,1500,8875
8033,125,375,5250,1625,1500,8875
8034,125,375,5375,1625,1625,9125
8035,125,375,5250,1750,1500,9000
8036,125,375,5500,1625,1500,9125
8037,125,375,5375,1625,1500,9000
8038,125,375,6000,1750,1500,9750
8039,125,375,5500,1625,1500,9125
8040,125,375,5375,1750,1500,9125
8041,125,375,5375,1625,1500,9000
8042,125,375,5375,1750,1500,9125
8043,125,375,5375,1625,1500,9000
8044,125,375,5375,1750,1500,9125
8045,125,375,5375,1750,1625,9250
8046,125,375,5250,1625,1500,8875
8047,125,375,5375,1625,1500,9000
8048,125,375,5375,1625,1500,9000
8049,125,500,5375,1750,1625,9375
8050,125,375,5500,1625,1500,9125
8051,0,375,5375,1625,1500,8875
8052,125,375,5250,1625,1500,8875
8053,0,375,5375,1750,1500,9000
8054,125,375,5375,1625,1500,9000
8055,125,375,5375,1625,1625,9125
8056,125,375,5250,1625,1500,8875
8057,0,375,5500,1750,1625,9250
8058,125,375,5375,1750,1625,9250
8059,125,375,5375,1750,1500,9125
8060,125,375,5250,1625,1625,9000
8061,0,375,5500,1625,1500,9000
8062,125,375,5375,1625,1500,9000
8063,125,500,5375,1750,1500,9250
8064,125,375,5375,1625,1625,9125
8065,125,375,5250,1625,1500,8875
8066,125,375,5375,1625,1500,9000
8067,125,375,5375,1750,1625,9250
8068,125,375,5250,1625,1500,8875
8069,0,375,5375,1750,1500,9000
8070,125,375,5375,1750,1625,9250
8071,125,375,5375,1625,1500,9000
8072,125,375,5375,1625,1500,9000
8073,125,375,5375,1625,1500,9000
8074,0,375,5250,1625,1375,8625
8075,125,500,5500,1625,1625,9375
8076,125,375,5375,1750,1625,9250
8077,125,375,5375,1625,1500,9000
8078,0,375,5375,1625,1500,8875
8079,125,375,5375,1750,1625,9250
8080,0,375,5375,1625,1625,9000
8081,125,375,5500,1750,1500,9250
8082,0,375,5375,1625,1625,9000
8083,125,375,5375,1625,1500,9000
8084,125,375,5375,1625,1500,9000
8085,125,375,5375,1750,1500,9125
8086,125,375,5250,1750,1500,9000
8087,125,375,5375,1625,1500,9000
8088,0,375,5250,1625,1500,8750
8089,125,375,5375,1750,1500,9125
8090,125,500,5375,1750,1500,9250
8091,125,375,5375,1625,1500,9000
8092,125,375,5375,1625,1500,9000
8093,125,375,5375,1625,1500,9000
8094,125,375,5500,1625,1500,9125
8095,125,375,5375,1625,1500,9000
8096,0,375,5375,1750,1500,9000
8097,125,375,5375,1625,1500,9000
8098,0,375,5375,1625,1500,8875
8099,125,375,5250,1625,1500,8875
8100,125,375,5250,1625,1500,8875
8101,125,375,5375,1625,1500,9000
8102,125,375,5375,1750,1500,9125
8103,125,375,5500,1625,1500,9125
8104,125,375,5250,1625,1500,8875
8105,125,375,5375,1500,1500,8875
8106,125,375,5375,1750,1500,9125
8107,125,375,5250,1625,1500,8875
8108,125,375,5250,1625,1500,8875
8109,125,375,5375,1625,1500,9000
8110,125,375,5375,1625,1500,9000
8111,125,375,5250,1625,1500,8875
8112,125,375,5250,1625,1500,8875
8113,125,375,5375,1750,1625,9250
8114,125,375,5375,1625,1625,9125
8115,125,375,5250,1750,1500,9000
8116,125,375,5375,1750,1500,9125
8117,125,375,5375,1750,1500,9125
8118,125,375,5375,1750,1625,9250
8119,125,375,5250,1625,1500,8875
8120,125,375,5375,1625,1500,9000
8121,125,375,5375,1750,1500,9125
8122,125,375,5250,1750,1500,9000
8123,125,375,5250,1750,1500,9000
8124,125,500,5375,1625,1500,9125
8125,125,375,5375,1750,1625,9250
8126,125,375,5375,1625,1500,9000
8127,125,500,5250,1625,1500,9000
8128,125,375,5375,1750,1500,9125
8129,125,500,5375,1625,1500,9125
8130,125,375,5250,1750,1500,9000
8131,125,375,5250,1625,1500,8875
8132,125,375,5250,1750,1500,9000
8133,125,375,5375,1750,1500,9125
8134,125,375,5375,1750,1500,9125
8135,125,375,5375,1625,1500,9000
8136,0,375,5500,1625,1500,9000
8137,125,375,5250,1750,1625,9125
8138,125,375,5375,1750,1375,9000
8139,0,375,5500,1750,1500,9125
8140,125,375,5250,1625,1500,8875
8141,125,375,5250,1750,1500,9000
8142,125,375,5375,1625,1500,9000
8143,125,500,5250,1625,1500,9000
8144,125,375,5250,1750,1375,8875
8145,125,375,5375,1750,1625,9250
8146,125,375,5250,1625,1500,8875
8147,125,375,5250,1625,1500,8875
8148,125,500,5250,1625,1500,9000
8149,125,375,5250,1750,1625,9125
8150,125,375,5250,1625,1500,8875
8151,125,375,5375,1625,1500,9000
8152,125,375,5375,1625,1500,9000
8153,125,375,5250,1625,1500,8875
8154,125,500,5375,1750,1500,9250
8155,0,375,5375,1625,1500,8875
8156,125,375,5375,1625,1500,9000
8157,125,375,5500,1625,1500,9125
8158,0,375,5250,1750,1500,8875
8159,125,375,5500,1750,1500,9250
8160,125,375,5375,1625,1500,9000
8161,125,375,5375,1625,1500,9000
8162,0,375,5500,1625,1625,9125
8163,0,375,6000,1875,1500,9750
8164,125,375,5500,1750,1625,9375
8165,125,375,5375,1750,1500,9125
8166,125,375,5375,1750,1500,9125
8167,125,375,5250,1625,1500,8875
8168,125,375,5375,1625,1500,9000
8169,125,375,5250,1625,1500,8875
8170,125,375,5250,1625,1500,8875
8171,125,375,5250,1625,1500,8875
8172,125,375,5375,1750,1625,9250
8173,125,375,5250,1625,1500,8875
8174,0,375,5375,1750,1625,9125
8175,125,375,5500,1750,1500,9250
8176,0,375,5375,1750,1500,9000
8177,125,375,5375,1625,1625,9125
8178,125,375,5250,1750,1500,9000
8179,0,375,5375,1625,1500,8875
8180,125,375,5375,1625,1500,9000
8181,0,375,5500,1625,1500,9000
8182,0,375,5500,1750,1500,9125
8183,125,375,5375,1625,1500,9000
8184,125,375,5250,1750,1500,9000
8185,0,375,5375,1625,1500,8875
8186,125,375,5375,1625,1500,9000
8187,125,375,5250,1625,1500,8875
8188,125,375,5375,1750,1500,9125
8189,125,375,5375,1625,1625,9125
8190,125,375,5375,1625,1500,9000
8191,125,375,5375,1625,1500,9000
8192,125,375,5250,1625,1500,8875
8193,125,375,5375,1625,1500,9000
8194,125,375,5375,1625,1500,9000
8195,125,375,5375,1750,1500,9125
8196,125,375,5500,1625,1500,9125
8197,125,375,5375,1750,1500,9125
8198,125,375,5375,1750,1500,9125
8199,125,375,5250,1750,1625,9125
8200,125,375,5250,1625,1500,8875
8201,125,375,5250,1750,1625,9125
8202,125,375,5375,1625,1500,9000
8203,125,500,5375,1500,1500,9000
8204,125,375,5375,1625,1500,9000
8205,125,375,5375,1750,1500,9125
8206,125,375,5375,1625,1625,9125
8207,125,375,5250,1625,1500,8875
8208,125,375,5250,1750,1625,9125
8209,125,375,5125,1625,1500,8750
8210,125,375,5375,1625,1500,9000
8211,125,375,5375,1625,1625,9125
8212,125,375,5375,1750,1500,9125
8213,125,375,5500,1625,1500,9125
8214,125,375,5375,1625,1500,9000
8215,125,375,5250,1625,1500,8875
8216,0,375,5375,1750,1500,9000
8217,125,375,5375,1625,1500,9000
8218,0,375,5375,1625,1625,9000
8219,125,375,5375,1750,1500,9125
8220,125,375,5500,1750,1500,9250
8221,125,375,5375,1750,1625,9250
8222,125,375,5250,1625,1500,8875
8223,125,375,5375,1625,1500,9000
8224,125,375,5250,1750,1500,9000
8225,0,375,5375,1625,1500,8875
8226,125,375,5375,1625,1375,8875
8227,125,375,5375,1625,1500,9000
8228,125,375,5375,1625,1500,9000
8229,125,375,5250,1625,1500,8875
8230,125,375,5250,1625,1500,8875
8231,125,375,5250,1750,1625,9125
8232,125,375,5375,1625,1500,9000
8233,125,375,5375,1750,1500,9125
8234,125,375,5375,1625,1500,9000
8235,0,375,5375,1625,1500,8875
8236,125,500,5250,1625,1500,9000
8237,125,500,5375,1625,1500,9125
8238,125,375,5375,1625,1500,9000
8239,125,375,5375,1750,1625,9250
8240,125,375,5250,1625,1500,8875
8241,125,375,5375,1750,1500,9125
8242,125,375,5250,1625,1500,8875
8243,0,375,5375,1750,1625,9125
8244,0,375,5375,1750,1625,9125
8245,0,375,5500,1625,1625,9125
8246,125,375,5500,1625,1500,9125
8247,0,375,5500,1750,1625,9250
8248,125,375,5375,1625,1500,9000
8249,125,375,5375,1625,1500,9000
8250,125,500,5375,1750,1500,9250
8251,125,500,5500,1750,1625,9500
8252,125,375,5375,1750,1500,9125
8253,125,375,5375,1625,1625,9125
8254,125,375,5375,1625,1500,9000
8255,125,375,5375,1750,1625,9250
8256,125,375,5250,1750,1625,9125
8257,0,375,5500,1750,1500,9125
8258,0,375,5375,1625,1500,8875
8259,125,375,5375,1750,1500,9125
8260,125,375,5375,1625,1500,9000
8261,125,375,5375,1625,1375,8875
8262,125,375,5250,1625,1500,8875
8263,125,500,5375,1625,1500,9125
8264,125,375,5375,1625,1500,9000
8265,125,375,5250,1750,1625,9125
8266,125,375,5375,1750,1500,9125
8267,125,375,5250,1750,1500,9000
8268,125,375,5375,1625,1500,9000
8269,125,375,5500,1750,1500,9250
8270,0,375,5375,1625,1500,8875
8271,125,375,5375,1750,1625,9250
8272,125,375,5250,1625,1625,9000
8273,125,375,5375,1625,1500,9000
8274,125,375,5375,1750,1500,9125
8275,125,375,5250,1625,1500,8875
8276,125,375,5375,1750,1625,9250
8277,125,375,5250,1750,1500,9000
8278,125,375,5375,1750,1500,9125
8279,125,375,5375,1625,1500,9000
8280,125,375,5375,1625,1500,9000
8281,0,375,5250,1625,1500,8750
8282,125,375,5375,1625,1500,9000
8283,125,375,5375,1625,1500,9000
8284,125,375,5250,1625,1500,8875
8285,125,375,5250,1750,1625,9125
8286,125,375,5250,1750,1500,9000
8287,125,500,5500,1625,1500,9250
8288,125,375,5250,1750,1625,9125
8289,125,375,6000,1750,1500,9750
8290,125,375,5500,1750,1500,9250
8291,125,375,5375,1625,1500,9000
8292,125,375,5375,1625,1500,9000
8293,125,375,5375,1625,1500,9000
8294,125,375,5375,1625,1500,9000
8295,0,375,5375,1625,1500,8875
8296,125,375,5375,1750,1625,9250
8297,125,375,5375,1625,1625,9125
8298,0,375,5375,1625,1500,8875
8299,125,375,5375,1625,1500,9000
8300,125,375,15500,1875,1625,19500
8301,125,375,5750,1750,1625,9625
8302,125,375,5375,1625,1500,9000
8303,125,375,5375,1625,1500,9000
8304,125,375,5250,1625,1500,8875
8305,125,375,5375,1750,1500,9125
8306,0,375,5375,1625,1625,9000
8307,125,375,5375,1750,1500,9125
8308,125,375,5250,1625,1500,8875
8309,125,375,5250,1625,1500,8875
8310,125,500,5375,1750,1500,9250
8311,125,375,5375,1625,1500,9000
8312,125,375,5375,1625,1500,9000
8313,125,375,5250,1625,1500,8875
8314,125,375,5250,1750,1500,9000
8315,125,375,5500,1625,1625,9250
8316,0,375,5250,1625,1500,8750
8317,125,375,5375,1750,1625,9250
8318,125,375,5375,1750,1500,9125
8319,125,375,5375,1750,1500,9125
8320,0,375,5375,1750,1625,9125
8321,125,375,5375,1625,1500,9000
8322,125,500,5375,1625,1625,9250
8323,0,375,5500,1625,1500,9000
8324,125,500,5250,1750,1500,9125
8325,125,375,5375,1625,1500,9000
8326,125,500,5375,1625,1500,9125
8327,125,375,5250,1625,1500,8875
8328,125,375,5375,1625,1500,9000
8329,125,375,5500,1625,1500,9125
8330,125,500,5250,1625,1500,9000
8331,125,375,5250,1625,1500,8875
8332,125,500,5375,1625,1500,9125
8333,125,375,5375,1625,1500,9000
8334,0,375,5500,1750,1625,9250
8335,125,375,5250,1625,1500,8875
8336,125,375,5375,1625,1500,9000
8337,125,375,5375,1625,1625,9125
8338,125,375,5250,1625,1500,8875
8339,125,375,5375,1750,1500,9125
8340,0,375,5500,1625,1500,9000
8341,125,500,5375,1625,1500,9125
8342,0,375,5375,1625,1500,8875
8343,125,375,5375,1750,1500,9125
8344,125,375,5500,1625,1375,9000
8345,125,375,5375,1750,1500,9125
8346,125,375,5250,1750,1500,9000
8347,125,375,5375,1750,1625,9250
8348,125,375,5500,1625,1500,9125
8349,125,500,5375,1750,1625,9375
8350,125,375,5375,1750,1500,9125
8351,125,375,5250,1625,1500,8875
8352,125,375,5375,1625,1500,9000
8353,0,375,5375,1625,1500,8875
8354,125,375,5375,1625,1500,9000
8355,125,375,5250,1750,1500,9000
8356,125,375,5375,1625,1500,9000
8357,125,375,5375,1625,1500,9000
8358,125,375,5625,1625,1500,9250
8359,0,375,5500,1750,1625,9250
8360,125,375,5500,1750,1625,9375
8361,125,375,5375,1625,1500,9000
8362,125,375,5375,1750,1625,9250
8363,0,375,5375,1750,1500,9000
8364,125,375,5250,1750,1500,9000
8365,125,375,5375,1750,1625,9250
8366,125,375,5250,1625,1500,8875
8367,0,375,5500,1625,1500,9000
8368,0,375,5500,1750,1500,9125
8369,125,375,5375,1625,1500,9000
8370,0,375,5500,1625,1500,9000
8371,125,500,5375,1750,1500,9250
8372,125,375,5250,1625,1500,8875
8373,125,375,5375,1750,1500,9125
8374,0,375,5500,1625,1375,8875
8375,125,375,5375,1750,1625,9250
8376,0,375,5500,1750,1500,9125
8377,125,500,5250,1625,1500,9000
8378,125,375,5375,1625,1500,9000
8379,125,375,5375,1750,1500,9125
8380,125,375,5500,1750,1625,9375
8381,125,375,5375,1750,1500,9125
8382,125,375,5375,1625,1500,9000
8383,125,375,5375,1625,1500,9000
8384,125,375,5250,1625,1625,9000
8385,125,375,5375,1625,1500,9000
8386,125,375,5375,1625,1500,9000
8387,125,375,5375,1625,1500,9000
8388,125,375,5500,1625,1500,9125
8389,0,375,5500,1625,1500,9000
8390,125,375,5375,1625,1500,9000
8391,125,375,5375,1625,1500,9000
8392,125,375,5375,1750,1625,9250
8393,125,375,5250,1625,1500,8875
8394,125,375,5375,1625,1500,9000
8395,125,375,5375,1750,1500,9125
8396,125,500,5375,1625,1500,9125
8397,125,375,5375,1750,1500,9125
8398,125,375,5250,1625,1500,8875
8399,125,375,5375,1750,1500,9125
8400,125,375,5375,1750,1500,9125
8401,125,375,5250,1625,1625,9000
8402,125,375,5375,1625,1500,9000
8403,125,500,5375,1625,1500,9125
8404,125,375,5375,1750,1625,9250
8405,125,375,5375,1625,1500,9000
8406,125,500,5375,1750,1625,9375
8407,125,375,5375,1625,1625,9125
8408,125,375,5250,1750,1500,9000
8409,125,375,5375,1625,1500,9000
8410,125,375,5375,1750,1625,9250
8411,0,375,5375,1625,1500,8875
8412,125,500,5375,1625,1500,9125
8413,125,375,5375,1625,1500,9000
8414,125,375,6000,1750,1625,9875
8415,125,375,5500,1750,1500,9250
8416,125,375,5375,1625,1500,9000
8417,125,375,5500,1750,1625,9375
8418,125,375,5250,1625,1625,9000
8419,125,375,5250,1625,1625,9000
8420,0,375,5500,1750,1625,9250
8421,125,375,5250,1625,1500,8875
8422,125,375,5500,1750,1500,9250
8423,0,375,5250,1750,1625,9000
8424,125,375,5375,1750,1500,9125
8425,125,500,5250,1625,1500,9000
8426,125,375,5375,1750,1625,9250
8427,125,375,5250,1750,1500,9000
8428,125,375,5375,1625,1625,9125
8429,125,375,5500,1625,1625,9250
8430,125,375,5375,1625,1500,9000
8431,125,500,5375,1625,1500,9125
8432,125,375,5375,1750,1625,9250
8433,125,375,5250,1625,1500,8875
8434,125,375,5250,1625,1500,8875
8435,125,375,5375,1625,1500,9000
8436,125,375,5250,1625,1625,9000
8437,125,375,5375,1750,1500,9125
8438,125,375,5375,1625,1500,9000
8439,125,375,5375,1750,1625,9250
8440,125,375,5500,1625,1500,9125
8441,125,375,5250,1625,1500,8875
8442,125,500,5375,1625,1500,9125
8443,125,375,5250,1625,1500,8875
8444,125,375,5375,1750,1500,9125
8445,125,375,5250,1625,1500,8875
8446,0,375,5375,1625,1500,8875
8447,125,375,5500,1750,1500,9250
8448,125,375,5375,1625,1500,9000
8449,125,375,5375,1625,1500,9000
8450,125,375,5250,1625,1500,8875
8451,0,375,5375,1750,1625,9125
8452,125,375,5375,1625,1500,9000
8453,125,375,5375,1750,1500,9125
8454,125,375,5375,1625,1500,9000
8455,125,375,5250,1750,1500,9000
8456,125,375,5375,1625,1500,9000
8457,125,375,5375,1750,1500,9125
8458,125,375,5500,1750,1500,9250
8459,125,375,5375,1750,1625,9250
8460,125,375,5250,1625,1500,8875
8461,125,375,5375,1750,1500,9125
8462,125,375,5250,1625,1625,9000
8463,125,375,5250,1625,1625,9000
8464,125,375,5250,1750,1500,9000
8465,125,375,5375,1625,1625,9125
8466,125,375,5250,1625,1500,8875
8467,125,375,5250,1750,1500,9000
8468,0,375,5375,1750,1500,9000
8469,125,375,5375,1750,1625,9250
8470,125,375,5375,1750,1625,9250
8471,0,375,5375,1750,1500,9000
8472,125,375,5250,1625,1625,9000
8473,0,375,5375,1625,1500,8875
8474,125,375,5250,1750,1500,9000
8475,125,375,5375,1750,1500,9125
8476,125,375,5375,1750,1500,9125
8477,125,375,5375,1750,1625,9250
8478,125,375,5250,1750,1500,9000
8479,125,500,5375,1750,1625,9375
8480,125,375,5250,1625,1500,8875
8481,125,375,5250,1625,1500,8875
8482,125,375,5250,1750,1625,9125
8483,125,375,5375,1625,1500,9000
8484,125,375,5250,1625,1500,8875
8485,0,375,5375,1625,1500,8875
8486,125,375,5250,1625,1500,8875
8487,125,375,5375,1625,1500,9000
8488,125,375,5375,1750,1500,9125
8489,0,375,5375,1625,1500,8875
8490,125,375,5500,1750,1500,9250
8491,125,500,5375,1625,1625,9250
8492,125,375,5500,1625,1500,9125
8493,0,375,5375,1625,1625,9000
8494,125,375,5375,1625,1500,9000
8495,125,375,5375,1750,1625,9250
8496,0,375,5375,1625,1500,8875
8497,125,375,5375,1750,1625,9250
8498,125,375,5375,1625,1500,9000
8499,125,375,5250,1625,1500,8875
8500,0,375,5500,1625,1500,9000
8501,125,375,5375,1625,1500,9000
8502,125,375,5375,1750,1500,9125
8503,125,375,5375,1625,1500,9000
8504,125,375,5250,1625,1500,8875
8505,125,375,5375,1750,1500,9125
8506,125,375,5375,1625,1500,9000
8507,125,375,5500,1750,1500,9250
8508,125,375,5375,1625,1500,9000
8509,125,375,5250,1750,1500,9000
8510,125,375,5375,1750,1500,9125
8511,0,375,5375,1625,1500,8875
8512,0,375,5500,1625,1500,9000
8513,125,375,5375,1625,1375,8875
8514,125,375,5375,1625,1500,9000
8515,125,375,5375,1625,1500,9000
8516,125,375,5375,1750,1500,9125
8517,125,500,5500,1625,1500,9250
8518,125,500,5375,1750,1500,9250
8519,0,375,5375,1750,1500,9000
8520,125,375,5375,1625,1500,9000
8521,125,375,5375,1625,1500,9000
8522,125,375,5250,1625,1500,8875
8523,125,375,5375,1625,1625,9125
8524,125,375,5375,1625,1500,9000
8525,125,500,5375,1750,1500,9250
8526,125,375,5375,1625,1500,9000
8527,125,375,5375,1750,1500,9125
8528,125,375,5250,1625,1500,8875
8529,0,375,5375,1625,1625,9000
8530,125,375,5250,1625,1500,8875
8531,125,375,5250,1750,1625,9125
8532,125,500,5500,1750,1500,9375
8533,125,375,5375,1750,1625,9250
8534,125,375,5375,1625,1375,8875
8535,125,375,5375,1625,1500,9000
8536,125,375,5375,1750,1500,9125
8537,125,375,5250,1625,1500,8875
8538,125,375,5375,1625,1500,9000
8539,125,375,5875,1750,1625,9750
8540,125,375,5500,1750,1625,9375
8541,125,375,5250,1750,1625,9125
8542,0,375,5375,1625,1500,8875
8543,125,500,5375,1750,1500,9250
8544,125,375,5375,1750,1625,9250
8545,125,375,5250,1625,1500,8875
8546,125,375,5375,1625,1500,9000
8547,125,375,5375,1625,1500,9000
8548,125,375,5375,1625,1500,9000
8549,125,375,5375,1625,1625,9125
8550,0,375,5375,1750,1500,9000
8551,125,375,5250,1625,1500,8875
8552,125,375,5250,1625,1500,8875
8553,125,375,5375,1750,1500,9125
8554,125,375,5375,1625,1500,9000
8555,125,375,5250,1625,1500,8875
8556,125,375,5250,1625,1500,8875
8557,0,375,5375,1625,1500,8875
8558,125,375,5250,1625,1500,8875
8559,125,375,5250,1625,1500,8875
8560,125,375,5375,1750,1500,9125
8561,0,375,5375,1750,1500,9000
8562,125,500,5375,1750,1625,9375
8563,125,375,5375,1625,1500,9000
8564,125,375,5375,1750,1500,9125
8565,125,375,5250,1625,1500,8875
8566,125,375,5375,1625,1500,9000
8567,125,375,5375,1625,1500,9000
8568,125,500,5500,1625,1500,9250
8569,125,375,5375,1625,1500,9000
8570,125,500,5375,1625,1500,9125
8571,125,500,5375,1750,1500,9250
8572,0,375,5375,1750,1500,9000
8573,125,375,5375,1750,1500,9125
8574,125,375,5375,1750,1625,9250
8575,0,375,5375,1625,1500,8875
8576,125,375,5375,1625,1500,9000
8577,125,375,5250,1625,1500,8875
8578,125,375,5250,1750,1625,9125
8579,125,375,5500,1625,1500,9125
8580,125,500,5375,1750,1500,9250
8581,125,375,5375,1750,1625,9250
8582,0,375,5375,1625,1500,8875
8583,125,375,5500,1750,1500,9250
8584,125,375,5375,1625,1625,9125
8585,125,375,5375,1625,1500,9000
8586,0,375,5375,1625,1500,8875
8587,125,375,5250,1750,1500,9000
8588,0,375,5375,1625,1500,8875
8589,125,375,5375,1750,1625,9250
8590,0,375,5375,1625,1625,9000
8591,125,375,5500,1625,1500,9125
8592,125,500,5375,1750,1625,9375
8593,0,375,5375,1750,1500,9000
8594,0,375,5500,1750,1500,9125
8595,125,375,5250,1625,1500,8875
8596,125,375,5375,1625,1500,9000
8597,0,375,5375,1625,1625,9000
8598,125,500,5375,1750,1500,9250
8599,125,375,5250,1750,1500,9000
8600,125,375,5375,1625,1625,9125
8601,125,375,5250,1625,1500,8875
8602,125,375,5250,1750,1500,9000
8603,125,375,5375,1625,1500,9000
8604,125,375,5375,1750,1625,9250
8605,125,375,5375,1625,1500,9000
8606,125,375,5250,1625,1500,8875
8607,0,375,5375,1625,1375,8750
8608,0,375,5250,1625,1500,8750
8609,125,375,5250,1625,1625,9000
8610,0,375,5375,1750,1500,9000
8611,125,500,5375,1750,1500,9250
8612,125,375,5375,1625,1500,9000
8613,125,375,5250,1625,1500,8875
8614,125,375,5375,1750,1500,9125
8615,125,375,5250,1625,1625,9000
8616,125,375,5375,1750,1500,9125
8617,125,500,5375,1750,1500,9250
8618,125,375,5375,1750,1625,9250
8619,125,375,5375,1625,1500,9000
8620,125,375,5250,1625,1500,8875
8621,125,375,5375,1625,1500,9000
8622,125,375,5250,1625,1500,8875
8623,0,375,5500,1750,1500,9125
8624,125,375,5500,1625,1500,9125
8625,0,375,5500,1625,1500,9000
8626,125,375,5375,1750,1500,9125
8627,125,375,5375,1750,1500,9125
8628,0,375,5500,1625,1500,9000
8629,125,375,5500,1625,1500,9125
8630,125,375,5375,1750,1625,9250
8631,125,375,5500,1750,1500,9250
8632,125,375,5250,1750,1500,9000
8633,125,375,5375,1625,1500,9000
8634,125,375,5250,1625,1500,8875
8635,125,375,5250,1750,1500,9000
8636,125,375,5250,1625,1500,8875
8637,125,500,5375,1625,1500,9125
8638,125,500,5375,1625,1625,9250
8639,125,375,5250,1625,1625,9000
8640,125,500,5375,1625,1500,9125
8641,125,375,5375,1750,1500,9125
8642,125,500,5375,1750,1500,9250
8643,125,375,5250,1625,1500,8875
8644,125,375,5375,1625,11125,18625
8645,125,500,6000,1875,1625,10125
8646,125,375,5625,1750,1500,9375
8647,0,375,5375,1750,1500,9000
8648,125,375,5375,1625,1500,9000
8649,125,375,5375,1750,1500,9125
8650,125,375,5375,1750,1500,9125
8651,125,375,5375,1750,1500,9125
8652,125,375,5250,1625,1500,8875
8653,125,500,5375,1750,1500,9250
8654,125,375,5250,1750,1625,9125
8655,125,375,5375,1625,1500,9000
8656,125,375,5375,1625,1625,9125
8657,0,375,5375,1625,1500,8875
8658,125,500,5375,1750,1500,9250
8659,125,375,5375,1625,1500,9000
8660,125,375,5250,1625,1625,9000
8661,125,375,5375,1625,1500,9000
8662,125,375,5375,1750,1500,9125
8663,125,375,5250,1625,1500,8875
8664,125,375,6125,1750,1625,10000
8665,125,375,5500,1625,1500,9125
8666,125,375,5375,1750,1500,9125
8667,125,375,5375,1625,1625,9125
8668,125,375,5375,1625,1500,9000
8669,125,375,5375,1625,1500,9000
8670,125,375,5250,1625,1500,8875
8671,125,375,5375,1625,1500,9000
8672,125,375,5375,1625,1625,9125
8673,125,375,5375,1750,1500,9125
8674,0,375,5375,1750,1625,9125
8675,0,375,5375,1625,1500,8875
8676,125,375,5250,1625,1625,9000
8677,125,375,5375,1625,1500,9000
8678,125,375,5250,1750,1500,9000
8679,125,500,5375,1625,1500,9125
8680,125,375,5375,1625,1375,8875
8681,125,375,5375,1750,1500,9125
8682,125,375,5250,1750,1500,9000
8683,0,375,5375,1625,1500,8875
8684,125,375,5375,1750,1500,9125
8685,125,500,5375,1750,1625,9375
8686,125,375,5375,1750,1500,9125
8687,125,375,5375,1625,1500,9000
8688,125,375,5250,1625,1500,8875
8689,125,375,5375,1625,1625,9125
8690,125,375,5375,1625,1500,9000
8691,125,375,5500,1625,1500,9125
8692,125,375,5250,1625,1500,8875
8693,125,375,5375,1750,1625,9250
8694,125,375,5375,1625,1500,9000
8695,125,375,5375,1625,1500,9000
8696,125,375,5250,1625,1500,8875
8697,125,375,5250,1625,1500,8875
8698,0,375,5375,1625,1500,8875
8699,0,375,5375,1625,1500,8875
8700,125,375,5500,1750,1500,9250
8701,125,375,5375,1625,1625,9125
8702,125,375,5375,1625,1625,9125
8703,125,375,5375,1625,1500,9000
8704,125,500,5375,1625,1500,9125
8705,125,375,5250,1625,1500,8875
8706,125,375,5375,1625,1625,9125
8707,125,375,5500,1625,1500,9125
8708,125,500,5375,1625,1500,9125
8709,125,375,5375,1750,1625,9250
8710,0,375,5375,1625,1500,8875
8711,125,375,5375,1625,1500,9000
8712,125,375,5375,1625,1625,9125
8713,0,375,5500,1750,1500,9125
8714,0,375,5500,1750,1500,9125
8715,125,375,5250,1625,1500,8875
8716,125,375,5375,1750,1625,9250
8717,0,375,5500,1750,1500,9125
8718,125,375,5375,1625,1500,9000
8719,125,375,5375,1625,1500,9000
8720,125,375,5250,1625,1500,8875
8721,125,375,5375,1750,1625,9250
8722,125,375,5375,1750,1500,9125
8723,125,500,5375,1625,1500,9125
8724,125,375,5375,1625,1500,9000
8725,125,375,5250,1625,1500,8875
8726,0,375,5250,1625,1500,8750
8727,125,375,5375,1625,1500,9000
8728,125,375,5375,1625,1500,9000
8729,125,375,5375,1750,1625,9250
8730,125,375,5375,1750,1625,9250
8731,0,375,5375,1750,1625,9125
8732,125,375,5375,1750,1500,9125
8733,0,375,5375,1625,1625,9000
8734,125,375,5375,1750,1625,9250
8735,0,375,5375,1625,1500,8875
8736,125,375,5375,1625,1500,9000
8737,0,375,5250,1750,1625,9000
8738,125,375,5375,1625,1500,9000
8739,125,375,5500,1750,1625,9375
8740,125,375,5375,1625,1500,9000
8741,125,375,5250,1625,1500,8875
8742,125,375,5375,1625,1500,9000
8743,125,375,5375,1750,1625,9250
8744,125,375,5375,1750,1500,9125
8745,125,375,5375,1750,1625,9250
8746,125,375,5375,1625,1625,9125
8747,125,375,5250,1625,1625,9000
8748,0,375,5500,1625,1500,9000
8749,125,375,5375,1750,1500,9125
8750,125,375,5500,1625,1500,9125
8751,125,375,5375,1625,1500,9000
8752,125,375,5375,1750,1625,9250
8753,0,375,5375,1625,1500,8875
8754,125,375,5375,1625,1625,9125
8755,125,375,5250,1625,1500,8875
8756,125,375,5375,1625,1500,9000
8757,125,375,5250,1625,1500,8875
8758,125,375,5250,1625,1500,8875
8759,125,375,5375,1625,1500,9000
8760,125,375,5250,1625,1500,8875
8761,125,375,5375,1625,1500,9000
8762,125,375,5250,1625,1500,8875
8763,125,375,5250,1625,1375,8750
8764,0,375,5375,1750,1625,9125
8765,125,375,5375,1750,1625,9250
8766,125,375,5375,1750,1500,9125
8767,125,500,5375,1750,1500,9250
8768,0,375,5375,1625,1500,8875
8769,0,375,5375,1625,1500,8875
8770,125,375,5375,1625,1500,9000
8771,125,375,5375,1750,1500,9125
8772,125,375,5375,1625,1500,9000
8773,125,375,5375,1750,1625,9250
8774,125,375,5250,1750,1500,9000
8775,0,375,5375,1625,1500,8875
8776,125,375,5250,1625,1500,8875
8777,125,375,5375,1625,1625,9125
8778,0,375,5500,1750,1625,9250
8779,125,375,5375,1625,1625,9125
8780,125,375,5375,1625,1500,9000
8781,125,500,5375,1750,1500,9250
8782,125,500,5250,1625,1500,9000
8783,125,375,5375,1750,1500,9125
8784,0,375,5375,1625,1500,8875
8785,125,375,5250,1625,1500,8875
8786,125,500,5375,1625,1500,9125
8787,125,375,5250,1750,1500,9000
8788,125,375,5375,1625,1625,9125
8789,125,375,5250,1750,1500,9000
8790,125,500,6000,1750,1500,9875
8791,125,375,5500,1750,1625,9375
8792,125,375,5375,1750,1500,9125
8793,125,500,5375,1625,1500,9125
8794,125,500,5500,1625,1500,9250
8795,125,375,5375,1750,1500,9125
8796,125,375,5375,1625,1500,9000
8797,125,375,5375,1625,1500,9000
8798,0,375,5375,1750,1500,9000
8799,0,375,5375,1625,1500,8875
8800,125,375,5250,1625,1500,8875
8801,125,500,5375,1625,1625,9250
8802,0,375,5375,1625,1500,8875
8803,125,375,5375,1625,1625,9125
8804,125,375,5375,1750,1500,9125
8805,125,500,5375,1625,1500,9125
8806,0,375,5250,1625,1625,8875
8807,0,375,5375,1625,1500,8875
8808,125,375,5375,1625,1500,9000
8809,125,375,5250,1750,1500,9000
8810,0,375,5250,1625,1625,8875
8811,0,375,5375,1625,1500,8875
8812,125,375,5500,1750,1500,9250
8813,125,375,5375,1750,1500,9125
8814,125,375,5250,1625,1500,8875
8815,125,375,5375,1625,1500,9000
8816,125,375,5500,1625,1625,9250
8817,125,375,5250,1625,1500,8875
8818,125,375,5250,1750,1625,9125
8819,0,375,5500,1625,1500,9000
8820,125,375,5250,1750,1625,9125
8821,125,375,5250,1625,1500,8875
8822,125,500,5375,1625,1625,9250
8823,125,375,5375,1625,1625,9125
8824,125,375,5375,1750,1625,9250
8825,125,375,5375,1625,1500,9000
8826,0,375,5375,1625,1500,8875
8827,125,375,5375,1750,1625,9250
8828,125,375,5250,1625,1500,8875
8829,125,375,5250,1625,1500,8875
8830,0,375,5500,1625,1625,9125
8831,0,375,5375,1625,1500,8875
8832,125,375,5250,1625,1500,8875
8833,125,375,5375,1750,1500,9125
8834,125,375,5375,1625,1500,9000
8835,125,500,5375,1625,1500,9125
8836,0,375,5375,1625,1500,8875
8837,125,375,5375,1625,1500,9000
8838,125,375,5375,1625,1500,9000
8839,125,375,5375,1625,1500,9000
8840,125,375,5375,1625,1500,9000
8841,125,500,5375,1625,1625,9250
8842,125,375,5250,1625,1500,8875
8843,125,500,5250,1625,1500,9000
8844,125,375,5500,1750,1500,9250
8845,125,375,5375,1625,1500,9000
8846,125,375,5250,1625,1500,8875
8847,125,375,5375,1750,1500,9125
8848,125,375,5375,1625,1500,9000
8849,125,375,5250,1625,1500,8875
8850,125,375,5250,1625,1500,8875
8851,125,375,5375,1625,1500,9000
8852,125,375,5375,1625,1500,9000
8853,125,375,5375,1750,1625,9250
8854,125,375,5375,1625,1500,9000
8855,125,375,5375,1625,1500,9000
8856,125,375,5375,1750,1500,9125
8857,125,375,5375,1750,1500,9125
8858,0,375,5250,1625,1500,8750
8859,125,500,5375,1625,1500,9125
8860,125,375,5375,1625,1500,9000
8861,125,375,5375,1750,1625,9250
8862,125,375,5250,1750,1625,9125
8863,125,375,5375,1625,1500,9000
8864,0,375,5375,1625,1500,8875
8865,125,375,5250,1625,1500,8875
8866,125,375,5375,1750,1500,9125
8867,125,375,5500,1625,1500,9125
8868,125,500,5375,1750,1500,9250
8869,0,375,5375,1750,1500,9000
8870,125,375,5250,1625,1500,8875
8871,125,375,5375,1625,1500,9000
8872,125,500,5250,1625,1500,9000
8873,125,375,5250,1625,1500,8875
8874,125,375,5375,1750,1500,9125
8875,125,375,5375,1625,1500,9000
8876,125,375,5375,1750,1500,9125
8877,125,375,5375,1625,1500,9000
8878,125,375,5375,1625,1500,9000
8879,125,375,5500,1625,1500,9125
8880,125,375,5250,1625,1500,8875
8881,125,375,5250,1625,1500,8875
8882,125,375,5375,1750,1500,9125
8883,125,375,5375,1625,1500,9000
8884,125,375,5375,1625,1500,9000
8885,125,500,5250,1625,1500,9000
8886,125,375,5375,1625,1500,9000
8887,125,375,5375,1625,1500,9000
8888,125,375,5375,1750,1500,9125
8889,125,375,5250,1625,1500,8875
8890,125,375,5375,1625,1500,9000
8891,125,375,5375,1625,1625,9125
8892,125,375,5250,1625,1500,8875
8893,125,500,5250,1625,1500,9000
8894,125,375,5375,1625,1500,9000
8895,125,375,5375,1625,1500,9000
8896,125,375,5500,1625,1500,9125
8897,125,375,5250,1625,1625,9000
8898,125,375,5375,1750,1500,9125
8899,0,375,5375,1625,1500,8875
8900,125,375,5375,1625,1500,9000
8901,125,375,5375,1750,1500,9125
8902,125,375,5250,1625,1500,8875
8903,125,500,5375,1625,1500,9125
8904,125,375,5375,1625,1500,9000
8905,0,375,5375,1750,1500,9000
8906,125,375,5375,1750,1625,9250
8907,0,375,5375,1625,1500,8875
8908,125,375,5375,1625,1500,9000
8909,125,375,5375,1625,1500,9000
8910,125,375,5250,1625,1500,8875
8911,125,500,5375,1625,1375,9000
8912,125,375,5375,1625,1500,9000
8913,125,375,5375,1625,1500,9000
8914,0,375,5375,1625,1500,8875
8915,125,375,5875,1875,1500,9750
8916,125,375,5375,1625,1500,9000
8917,125,375,5375,1625,1500,9000
8918,125,375,5250,1625,1500,8875
8919,125,375,5250,1625,1625,9000
8920,0,375,5375,1625,1625,9000
8921,0,375,5375,1625,1500,8875
8922,0,375,5500,1625,1500,9000
8923,125,375,5250,1625,1500,8875
8924,125,500,5375,1625,1500,9125
8925,125,375,5250,1750,1625,9125
8926,125,375,5250,1625,1500,8875
8927,125,500,5375,1625,1500,9125
8928,125,375,5375,1750,1500,9125
8929,125,375,5375,1750,1625,9250
8930,125,375,5375,1750,1625,9250
8931,0,375,5500,1625,1500,9000
8932,125,375,5375,1625,1500,9000
8933,125,375,5250,1625,1500,8875
8934,125,375,5250,1625,1625,9000
8935,125,375,5250,1625,1500,8875
8936,125,375,5375,1625,1500,9000
8937,125,500,5250,1750,1500,9125
8938,125,500,5375,1750,1500,9250
8939,125,375,5375,1750,1500,9125
8940,125,375,5375,1750,1500,9125
8941,125,375,5375,1625,1500,9000
8942,0,375,5500,1625,1500,9000
8943,125,375,5250,1625,1500,8875
8944,125,375,5375,1625,1500,9000
8945,125,375,5250,1625,1500,8875
8946,125,375,5375,1750,1625,9250
8947,125,375,5375,1625,1500,9000
8948,125,375,5375,1750,1625,9250
8949,125,375,5250,1625,1500,8875
8950,125,375,5125,1625,1625,8875
8951,125,375,5375,1625,1500,9000
8952,125,375,5375,1625,1625,9125
8953,125,375,5250,1625,1500,8875
8954,125,375,5375,1625,1500,9000
8955,125,375,5375,1750,1500,9125
8956,125,375,5375,1750,1500,9125
8957,125,500,5375,1750,1500,9250
8958,125,375,5375,1750,1625,9250
8959,125,375,5500,1750,1500,9250
8960,125,375,5375,1750,1500,9125
8961,125,375,5375,1750,1500,9125
8962,125,375,5375,1625,1500,9000
8963,125,375,5375,1625,1500,9000
8964,125,375,5375,1625,1500,9000
8965,0,375,5375,1625,1500,8875
8966,125,375,5375,1625,1500,9000
8967,125,500,5375,1750,1500,9250
8968,125,500,5375,1625,1500,9125
8969,125,375,5375,1625,1500,9000
8970,125,375,5375,1625,1375,8875
8971,125,375,5500,1625,1625,9250
8972,125,375,5375,1750,1500,9125
8973,125,375,5500,1750,1500,9250
8974,125,375,5250,1625,1500,8875
8975,125,500,5250,1625,1500,9000
8976,125,375,5375,1750,1625,9250
8977,125,375,5375,1625,1500,9000
8978,0,375,5500,1750,1500,9125
8979,125,500,5375,1750,1500,9250
8980,125,375,5250,1625,1625,9000
8981,125,375,5375,1625,1500,9000
8982,125,375,5250,1625,1500,8875
8983,125,500,5375,1750,1500,9250
8984,125,375,5250,1625,1500,8875
8985,125,500,5250,1625,1500,9000
8986,125,500,5375,1625,1500,9125
8987,125,500,5375,1625,1500,9125
8988,125,375,5375,1625,11250,18750
8989,125,375,6000,1750,1625,9875
8990,125,375,5500,1750,1625,9375
8991,125,375,5375,1625,1500,9000
8992,125,375,5375,1625,1375,8875
8993,0,375,5500,1750,1625,9250
8994,125,375,5250,1625,1500,8875
8995,125,375,5250,1625,1500,8875
8996,125,375,5250,1750,1625,9125
8997,0,375,5375,1625,1500,8875
8998,125,375,5375,1750,1500,9125
8999,125,500,5250,1750,1500,9125
9000,125,500,5250,1625,1500,9000
9001,0,375,5375,1625,1500,8875
9002,0,375,5500,1750,1625,9250
9003,0,375,5375,1625,1500,8875
9004,125,375,5250,1625,1500,8875
9005,125,375,5500,1750,1500,9250
9006,125,375,5250,1625,1500,8875
9007,125,375,5375,1625,1500,9000
9008,125,500,5375,1625,1500,9125
9009,0,375,5500,1625,1500,9000
9010,125,375,5375,1625,1500,9000
9011,125,375,5250,1625,1500,8875
9012,125,375,5375,1625,1500,9000
9013,125,375,5250,1625,1500,8875
9014,125,375,5375,1750,1500,9125
9015,125,375,5375,1625,1500,9000
9016,125,500,5375,1750,1500,9250
9017,125,375,5375,1750,1625,9250
9018,125,375,5375,1750,1500,9125
9019,125,375,5375,1625,1625,9125
9020,125,375,5250,1625,1500,8875
9021,125,375,5375,1625,1500,9000
9022,125,375,5500,1625,1500,9125
9023,125,375,5250,1750,1625,9125
9024,125,375,5375,1750,1500,9125
9025,125,375,5375,1625,1500,9000
9026,125,375,5375,1625,1500,9000
9027,125,375,5250,1750,1500,9000
9028,125,375,5375,1625,1500,9000
9029,125,500,5375,1750,1500,9250
9030,125,500,5375,1625,1500,9125
9031,0,375,5500,1750,1500,9125
9032,125,375,5250,1625,1500,8875
9033,125,375,5250,1625,1500,8875
9034,0,375,5375,1625,1500,8875
9035,125,375,5250,1625,1500,8875
9036,125,375,5250,1625,1500,8875
9037,125,375,5375,1750,1500,9125
9038,125,375,5375,1750,1500,9125
9039,125,375,5375,1625,1500,9000
9040,125,375,6125,1875,1500,10000
9041,125,375,5625,1750,1500,9375
9042,125,375,5375,1750,1500,9125
9043,125,375,5375,1750,1500,9125
9044,125,375,5250,1625,1500,8875
9045,125,375,5375,1750,1500,9125
9046,125,375,5250,1625,1500,8875
9047,125,375,5375,1625,1500,9000
9048,125,375,5250,1625,1500,8875
9049,0,375,5250,1750,1625,9000
9050,125,375,5500,1625,1500,9125
9051,125,375,5250,1625,1625,9000
9052,125,375,5250,1625,1625,9000
9053,125,375,5500,1625,1500,9125
9054,125,375,5375,1625,1500,9000
9055,125,375,5375,1625,1500,9000
9056,125,375,5250,1625,1500,8875
9057,0,375,5375,1625,1500,8875
9058,125,375,5375,1750,1500,9125
9059,125,375,5375,1625,1500,9000
9060,125,375,5375,1750,1625,9250
9061,125,375,5250,1625,1500,8875
9062,0,375,5500,1750,1500,9125
9063,0,375,5500,1625,1500,9000
9064,0,375,5375,1625,1500,8875
9065,125,375,5375,1625,1500,9000
9066,0,375,5375,1750,1500,9000
9067,125,375,5250,1625,1500,8875
9068,125,375,5250,1750,1500,9000
9069,125,375,5375,1750,1625,9250
9070,125,375,5375,1625,1500,9000
9071,125,375,5250,1625,1500,8875
9072,125,375,5375,1625,1500,9000
9073,125,375,5250,1625,1500,8875
9074,125,375,5500,1625,1500,9125
9075,125,375,5375,1625,1500,9000
9076,125,375,5375,1625,1500,9000
9077,125,375,5375,1750,1500,9125
9078,125,375,5375,1750,1625,9250
9079,125,375,5250,1625,1500,8875
9080,125,375,5250,1625,1500,8875
9081,125,500,5250,1750,1625,9250
9082,125,375,5500,1750,1625,9375
9083,125,375,5250,1625,1500,8875
9084,125,375,5250,1625,1500,8875
9085,125,375,5250,1625,1500,8875
9086,125,375,5375,1625,1500,9000
9087,0,375,5375,1625,1500,8875
9088,125,375,5375,1750,1500,9125
9089,125,500,5375,1750,1500,9250
9090,125,375,5250,1625,1500,8875
9091,125,375,5375,1750,1500,9125
9092,125,375,5250,1750,1500,9000
9093,0,375,5500,1750,1625,9250
9094,125,375,5375,1625,1625,9125
9095,125,375,5125,1625,1500,8750
9096,125,375,5375,1625,1500,9000
9097,125,375,5250,1625,1625,9000
9098,125,375,5500,1750,1500,9250
9099,125,375,5250,1625,1500,8875
9100,125,375,5375,1750,1500,9125
9101,0,375,5250,1625,1500,8750
9102,125,375,5250,1625,1500,8875
9103,125,375,5375,1750,1500,9125
9104,125,375,5375,1625,1500,9000
9105,125,375,5375,1750,1625,9250
9106,125,375,5375,1625,1375,8875
9107,125,375,5375,1625,1500,9000
9108,125,375,5250,1625,1500,8875
9109,125,375,5375,1750,1625,9250
9110,125,375,5375,1625,1500,9000
9111,125,375,5375,1625,1500,9000
9112,125,375,5500,1750,1625,9375
9113,0,375,5375,1625,1500,8875
9114,125,375,5250,1750,1625,9125
9115,125,375,5375,1750,1625,9250
9116,0,375,5375,1625,1500,8875
9117,125,375,5375,1625,1500,9000
9118,125,375,5375,1625,1500,9000
9119,125,375,5375,1625,1625,9125
9120,125,375,5375,1625,1500,9000
9121,125,375,5500,1625,1500,9125
9122,125,375,5375,1625,1500,9000
9123,125,375,5500,1750,1500,9250
9124,125,375,5500,1750,1500,9250
9125,125,375,5250,1625,1625,9000
9126,125,375,5375,1625,1500,9000
9127,0,375,5375,1625,1500,8875
9128,125,375,5375,1750,1375,9000
9129,125,375,5375,1625,1500,9000
9130,125,375,5250,1625,1625,9000
9131,125,375,5250,1750,1500,9000
9132,0,375,5375,1625,1500,8875
9133,125,375,5375,1750,1500,9125
9134,125,375,5375,1750,1625,9250
9135,125,375,5375,1625,1625,9125
9136,125,375,5500,1750,1625,9375
9137,125,375,5375,1625,1500,9000
9138,125,375,5250,1625,1625,9000
9139,125,375,5250,1625,1500,8875
9140,125,375,5250,1750,1625,9125
9141,125,375,5250,1625,1500,8875
9142,125,375,5375,1750,1625,9250
9143,125,375,5375,1625,1500,9000
9144,125,375,5375,1750,1500,9125
9145,125,375,5375,1625,1500,9000
9146,125,375,5375,1625,1500,9000
9147,125,375,5375,1625,1500,9000
9148,125,375,5375,1750,1625,9250
9149,125,375,5250,1625,1500,8875
9150,125,375,5500,1625,1625,9250
9151,0,375,5500,1750,1625,9250
9152,125,375,5250,1750,1500,9000
9153,125,375,5375,1750,1500,9125
9154,0,375,5375,1625,1625,9000
9155,125,375,5375,1625,1500,9000
9156,125,375,5375,1625,1500,9000
9157,125,375,5250,1625,1625,9000
9158,125,375,5375,1750,1500,9125
9159,125,375,5375,1625,1500,9000
9160,125,375,5375,1625,1500,9000
9161,125,375,5500,1750,1500,9250
9162,125,375,5375,1750,1625,9250
9163,125,375,5375,1750,1625,9250
9164,125,375,5250,1625,1500,8875
9165,0,375,6000,1875,1500,9750
9166,125,375,5625,1750,1500,9375
9167,125,375,5250,1625,1500,8875
9168,125,375,5375,1625,1500,9000
9169,0,375,5500,1625,1500,9000
9170,125,375,5375,1750,1625,9250
9171,0,375,5500,1625,1500,9000
9172,125,375,5250,1625,1500,8875
9173,0,375,5375,1750,1500,9000
9174,125,500,5375,1750,1500,9250
9175,125,375,5375,1625,1500,9000
9176,0,375,5375,1625,1500,8875
9177,125,375,5250,1750,1625,9125
9178,0,375,5125,1625,1500,8625
9179,125,375,5250,1625,1500,8875
9180,125,375,5250,1625,1500,8875
9181,125,375,5500,1750,1500,9250
9182,125,375,5375,1750,1500,9125
9183,125,375,5375,1750,1500,9125
9184,125,375,5500,1625,1500,9125
9185,125,375,5375,1625,1500,9000
9186,125,500,5375,1625,1500,9125
9187,125,375,5250,1625,1500,8875
9188,125,375,5375,1625,1500,9000
9189,125,375,5375,1625,1500,9000
9190,125,375,5375,1625,1500,9000
9191,125,375,5375,1625,1500,9000
9192,125,375,5375,1625,1625,9125
9193,125,375,5375,1750,1500,9125
9194,125,375,5375,1625,1500,9000
9195,125,375,5375,1625,1500,9000
9196,125,375,5375,1625,1625,9125
9197,125,375,5375,1625,1500,9000
9198,125,375,5375,1625,1500,9000
9199,125,375,5375,1625,1500,9000
9200,125,500,5375,1625,1500,9125
9201,125,500,5375,1625,1500,9125
9202,125,375,5375,1625,1500,9000
9203,125,375,5375,1750,1625,9250
9204,0,375,5375,1625,1500,8875
9205,125,375,5375,1625,1500,9000
9206,125,375,5250,1625,1500,8875
9207,125,375,5250,1750,1500,9000
9208,0,375,5375,1625,1500,8875
9209,125,375,5375,1750,1500,9125
9210,125,375,5375,1625,1500,9000
9211,125,500,5375,1625,1500,9125
9212,125,500,5375,1625,1500,9125
9213,125,375,5375,1625,1500,9000
9214,125,375,5250,1750,1500,9000
9215,125,375,5375,1625,1500,9000
9216,125,375,5375,1625,1500,9000
9217,125,375,5375,1625,1500,9000
9218,125,375,5375,1625,1500,9000
9219,125,375,5375,1625,1500,9000
9220,0,375,5375,1625,1500,8875
9221,125,375,5250,1750,1625,9125
9222,125,375,5250,1750,1625,9125
9223,125,375,5250,1625,1500,8875
9224,125,375,5375,1750,1500,9125
9225,125,500,5375,1625,1500,9125
9226,125,375,5375,1750,1625,9250
9227,125,375,5375,1750,1500,9125
9228,125,375,5500,1750,1625,9375
9229,0,375,5375,1750,1500,9000
9230,125,375,5250,1750,1500,9000
9231,125,375,5375,1625,1500,9000
9232,125,375,5375,1750,1625,9250
9233,125,375,5375,1625,1500,9000
9234,125,375,5250,1625,1500,8875
9235,125,375,5375,1625,1500,9000
9236,125,500,5375,1625,1500,9125
9237,125,375,5250,1625,1500,8875
9238,0,375,5375,1625,1500,8875
9239,125,375,5250,1750,1500,9000
9240,0,375,5375,1625,1625,9000
9241,125,375,5375,1625,1500,9000
9242,125,375,5375,1750,1500,9125
9243,125,375,5375,1625,1500,9000
9244,125,375,5375,1625,1500,9000
9245,125,500,5250,1625,1500,9000
9246,125,375,5375,1625,1500,9000
9247,125,375,5375,1625,1500,9000
9248,125,500,5375,1750,1625,9375
9249,125,375,5125,1625,1500,8750
9250,125,375,5375,1625,1500,9000
9251,125,375,5250,1625,1500,8875
9252,125,375,5375,1625,1500,9000
9253,125,375,5375,1625,1500,9000
9254,125,375,5375,1750,1500,9125
9255,0,375,5375,1625,1625,9000
9256,125,375,5375,1625,1500,9000
9257,125,375,5375,1750,1500,9125
9258,125,500,5375,1750,1500,9250
9259,125,375,5375,1750,1625,9250
9260,125,375,5375,1625,1500,9000
9261,125,375,5375,1625,1500,9000
9262,125,500,5375,1625,1500,9125
9263,125,375,5250,1625,1500,8875
9264,0,375,5375,1625,1500,8875
9265,125,375,5375,1750,1500,9125
9266,125,375,5375,1750,1500,9125
9267,125,375,5250,1625,1500,8875
9268,125,375,5375,1625,1500,9000
9269,125,375,5250,1625,1625,9000
9270,125,375,5375,1625,1500,9000
9271,125,500,5375,1750,1500,9250
9272,125,375,5375,1750,1500,9125
9273,125,375,5375,1625,1625,9125
9274,125,375,5500,1625,1500,9125
9275,125,375,5375,1625,1500,9000
9276,125,375,5375,1625,1500,9000
9277,125,375,5375,1625,1500,9000
9278,125,375,5500,1625,1500,9125
9279,125,375,5375,1750,1500,9125
9280,125,375,5375,1750,1500,9125
9281,125,375,5375,1625,1500,9000
9282,125,375,5375,1625,1500,9000
9283,125,375,5250,1625,1500,8875
9284,125,375,5375,1625,1500,9000
9285,125,375,5375,1625,1500,9000
9286,0,375,5375,1625,1500,8875
9287,125,375,5250,1625,1500,8875
9288,125,375,5375,1625,1625,9125
9289,0,375,5375,1625,1500,8875
9290,125,375,6000,1750,1625,9875
9291,125,375,5625,1750,1500,9375
9292,125,375,5375,1625,1625,9125
9293,125,375,5250,1750,1625,9125
9294,125,375,5250,1750,1500,9000
9295,125,375,5375,1625,1500,9000
9296,125,375,5375,1750,1625,9250
9297,0,375,5375,1750,1625,9125
9298,125,375,5375,1625,1500,9000
9299,125,375,5250,1625,1625,9000
9300,125,375,5375,1750,1500,9125
9301,125,375,5375,1625,1500,9000
9302,125,375,5250,1625,1500,8875
9303,125,375,5250,1625,1500,8875
9304,125,375,5375,1625,1500,9000
9305,125,375,5375,1625,1500,9000
9306,125,375,5375,1750,1625,9250
9307,0,375,5375,1750,1500,9000
9308,125,375,5375,1625,1625,9125
9309,125,375,5250,1750,1500,9000
9310,125,375,5375,1750,1625,9250
9311,125,375,5500,1750,1625,9375
9312,125,375,5375,1625,1500,9000
9313,125,375,5250,1625,1500,8875
9314,125,375,5375,1625,1500,9000
9315,125,375,5375,1750,1500,9125
9316,125,375,5375,1750,1625,9250
9317,125,375,5250,1625,1500,8875
9318,125,375,5375,1750,1500,9125
9319,125,375,5375,1625,1500,9000
9320,125,500,5250,1625,1500,9000
9321,125,375,5375,1625,1625,9125
9322,125,375,5250,1750,1500,9000
9323,125,375,5375,1750,1625,9250
9324,125,375,5375,1625,1500,9000
9325,125,375,5375,1750,1625,9250
9326,125,375,5375,1625,1500,9000
9327,125,375,5375,1625,1500,9000
9328,125,375,5250,1625,1500,8875
9329,125,375,5250,1750,1625,9125
9330,125,375,5375,1750,1500,9125
9331,125,375,5375,1625,1500,9000
9332,125,375,5250,1625,1500,8875
9333,125,375,6000,1750,1625,9875
9334,0,375,5625,1750,1625,9375
9335,125,375,5375,1625,1500,9000
9336,125,500,5250,1750,1500,9125
9337,125,375,5375,1750,1500,9125
9338,125,375,5500,1625,1500,9125
9339,125,375,5375,1625,1500,9000
9340,125,375,5375,1625,1500,9000
9341,0,375,5375,1625,1500,8875
9342,125,375,5250,1625,1500,8875
9343,125,375,5250,1625,1500,8875
9344,125,375,5375,1750,1500,9125
9345,125,375,5375,1750,1500,9125
9346,125,375,5375,1750,1500,9125
9347,125,375,5375,1625,1500,9000
9348,125,375,5250,1625,1500,8875
9349,125,375,5375,1625,1500,9000
9350,125,375,5375,1625,1500,9000
9351,125,375,5250,1625,1500,8875
9352,0,375,5500,1750,1500,9125
9353,125,375,5250,1625,1625,9000
9354,0,375,5375,1625,1500,8875
9355,0,375,5375,1750,1500,9000
9356,125,375,5375,1625,1625,9125
9357,125,375,5250,1625,1500,8875
9358,125,375,5375,1625,1500,9000
9359,125,375,5375,1750,1500,9125
9360,125,375,5250,1625,1625,9000
9361,125,375,5375,1750,1500,9125
9362,0,375,5250,1625,1500,8750
9363,125,375,5375,1625,1500,9000
9364,125,375,5375,1625,1500,9000
9365,125,375,5500,1750,1500,9250
9366,0,375,5375,1625,1500,8875
9367,125,500,5375,1625,1500,9125
9368,0,375,5375,1750,1625,9125
9369,125,375,5250,1625,1500,8875
9370,125,375,5375,1750,1625,9250
9371,125,375,5250,1625,1625,9000
9372,0,375,5375,1625,1500,8875
9373,125,500,5375,1625,1500,9125
9374,125,375,5375,1625,1500,9000
9375,125,375,5375,1750,1625,9250
9376,0,375,5500,1750,1625,9250
9377,125,500,5375,1625,1625,9250
9378,125,375,5375,1625,1500,9000
9379,125,375,5250,1625,1500,8875
9380,125,375,5375,1750,1625,9250
9381,125,375,5250,1625,1500,8875
9382,125,375,5375,1625,1500,9000
9383,125,375,5375,1750,1500,9125
9384,125,500,5375,1625,1500,9125
9385,125,375,5375,1625,1500,9000
9386,0,375,5375,1625,1625,9000
9387,125,375,5250,1625,1500,8875
9388,125,375,5375,1625,1500,9000
9389,125,375,5375,1625,1500,9000
9390,125,375,5375,1625,1500,9000
9391,125,375,5375,1750,1625,9250
9392,0,375,5375,1625,1500,8875
9393,125,500,5375,1625,1625,9250
9394,125,375,5250,1750,1500,9000
9395,125,500,5375,1750,1625,9375
9396,125,375,5375,1625,1500,9000
9397,125,375,5375,1750,1500,9125
9398,125,375,5500,1625,1500,9125
9399,125,500,5250,1625,1500,9000
9400,125,375,5500,1625,1500,9125
9401,125,375,5375,1750,1500,9125
9402,125,375,5375,1750,1500,9125
9403,125,375,5375,1750,1500,9125
9404,125,375,5375,1750,1500,9125
9405,125,375,5375,1750,1500,9125
9406,125,375,5250,1625,1500,8875
9407,125,375,5250,1625,1500,8875
9408,125,375,5375,1750,1625,9250
9409,125,375,5375,1750,1500,9125
9410,125,375,5500,1750,1500,9250
9411,0,375,5500,1625,1500,9000
9412,125,375,5375,1625,1500,9000
9413,125,375,5375,1625,1500,9000
9414,125,375,5375,1750,1500,9125
9415,125,375,6000,1875,1625,10000
9416,125,375,5500,1625,1625,9250
9417,125,375,5375,1750,1500,9125
9418,125,375,5375,1750,1625,9250
9419,125,500,5250,1625,1500,9000
9420,125,375,5250,1625,1500,8875
9421,125,375,5250,1750,1500,9000
9422,125,375,5375,1625,1500,9000
9423,125,375,5125,1625,1500,8750
9424,125,375,5250,1750,1500,9000
9425,0,375,5500,1750,1500,9125
9426,125,375,5375,1625,1625,9125
9427,125,375,5250,1625,1500,8875
9428,125,375,5375,1625,1500,9000
9429,125,375,5375,1750,1500,9125
9430,125,375,5375,1625,1500,9000
9431,125,500,5375,1625,1625,9250
9432,125,375,5250,1750,1500,9000
9433,125,375,5375,1750,1625,9250
9434,0,375,5375,1625,1500,8875
9435,125,500,5375,1750,1500,9250
9436,125,375,5375,1625,1500,9000
9437,125,500,5250,1625,1500,9000
9438,125,375,5375,1625,1625,9125
9439,125,375,5250,1625,1500,8875
9440,125,500,5375,1750,1500,9250
9441,125,375,5375,1625,1500,9000
9442,125,375,5375,1625,1500,9000
9443,125,375,5250,1625,1500,8875
9444,0,375,5375,1750,1625,9125
9445,125,375,5375,1625,1500,9000
9446,125,375,5250,1625,1625,9000
9447,125,375,5375,1750,1500,9125
9448,125,375,5375,1750,1500,9125
9449,125,500,5250,1625,1500,9000
9450,125,500,5375,1625,1625,9250
9451,0,375,5500,1750,1500,9125
9452,125,375,5250,1625,1500,8875
9453,125,500,5375,1750,1500,9250
9454,125,375,5375,1625,1500,9000
9455,125,375,5250,1625,1500,8875
9456,125,500,5375,1750,1500,9250
9457,125,375,5375,1625,1500,9000
9458,125,375,5500,1625,1500,9125
9459,125,375,5375,1750,1500,9125
9460,125,375,5375,1625,1500,9000
9461,125,375,5250,1750,1625,9125
9462,125,375,5250,1625,1500,8875
9463,125,375,5250,1625,1500,8875
9464,125,500,5375,1625,1500,9125
9465,125,375,5250,1625,1500,8875
9466,125,375,5375,1625,1500,9000
9467,0,375,5250,1625,1500,8750
9468,0,375,5375,1750,1500,9000
9469,125,375,5250,1625,1500,8875
9470,125,375,5375,1625,1500,9000
9471,125,500,5375,1625,1500,9125
9472,125,375,5250,1625,1625,9000
9473,0,375,5375,1750,1500,9000
9474,125,375,5375,1750,1500,9125
9475,125,375,5250,1625,1500,8875
9476,125,375,5375,1625,1500,9000
9477,125,375,5375,1750,1625,9250
9478,125,375,5375,1625,1500,9000
9479,125,375,5375,1750,1500,9125
9480,125,375,5375,1625,1500,9000
9481,125,375,5375,1625,1625,9125
9482,125,375,5375,1750,1500,9125
9483,125,375,5375,1750,1500,9125
9484,0,375,5375,1625,1500,8875
9485,125,375,5375,1625,1500,9000
9486,125,375,5250,1750,1500,9000
9487,125,375,5375,1625,1500,9000
9488,125,375,5375,1625,1500,9000
9489,125,375,5375,1750,1500,9125
9490,125,375,5375,1750,1500,9125
9491,125,375,5250,1625,1625,9000
9492,125,375,5375,1625,1500,9000
9493,125,500,5375,1625,1500,9125
9494,0,375,5500,1625,1500,9000
9495,125,375,5375,1625,1500,9000
9496,125,375,5375,1625,1500,9000
9497,125,375,5375,1625,1500,9000
9498,125,375,5250,1750,1500,9000
9499,125,375,5375,1750,1500,9125
9500,125,375,5375,1750,1500,9125
9501,125,375,5250,1625,1625,9000
9502,125,375,5375,1625,1500,9000
9503,125,375,5375,1625,1500,9000
9504,125,375,5375,1750,1625,9250
9505,125,375,5250,1625,1500,8875
9506,0,375,5375,1750,1500,9000
9507,125,375,5375,1625,1500,9000
9508,125,375,5250,1750,1500,9000
9509,125,500,5375,1750,1625,9375
9510,125,375,5250,1625,1500,8875
9511,125,375,5375,1750,1500,9125
9512,125,375,5375,1750,1625,9250
9513,125,500,5250,1625,1625,9125
9514,125,500,5500,1750,1625,9500
9515,125,375,5250,1750,1500,9000
9516,125,375,5375,1750,1500,9125
9517,0,375,5375,1625,1500,8875
9518,125,500,5375,1625,1500,9125
9519,125,375,5250,1750,1625,9125
9520,125,375,5375,1750,1500,9125
9521,125,375,5250,1625,1500,8875
9522,125,375,5375,1750,1625,9250
9523,125,375,5500,1625,1500,9125
9524,125,375,5250,1625,1500,8875
9525,125,375,5375,1625,1500,9000
9526,125,375,5375,1625,1500,9000
9527,0,375,5375,1625,1500,8875
9528,125,375,5375,1625,1500,9000
9529,0,375,5375,1625,1500,8875
9530,125,500,5375,1625,1500,9125
9531,125,375,5375,1750,1500,9125
9532,125,375,5375,1625,1500,9000
9533,125,375,5250,1625,1500,8875
9534,125,375,5250,1750,1625,9125
9535,0,375,5375,1750,1500,9000
9536,125,375,5250,1625,1625,9000
9537,125,375,5125,1625,1500,8750
9538,125,375,5250,1750,1625,9125
9539,125,375,5250,1625,1500,8875
9540,125,375,6125,1875,1500,10000
9541,125,375,5625,1750,1500,9375
9542,125,500,5500,1750,1500,9375
9543,125,375,5375,1625,1500,9000
9544,125,375,5500,1625,1625,9250
9545,125,375,5250,1625,1500,8875
9546,125,375,5375,1625,1500,9000
9547,125,375,5375,1625,1500,9000
9548,125,375,5500,1750,1625,9375
9549,125,375,5250,1625,1500,8875
9550,125,375,5375,1625,1500,9000
9551,125,375,5375,1750,1500,9125
9552,125,375,5375,1750,1500,9125
9553,125,375,5500,1625,1625,9250
9554,125,375,5250,1625,1625,9000
9555,125,375,5250,1750,1625,9125
9556,0,375,5500,1750,1500,9125
9557,0,375,5500,1750,1500,9125
9558,125,375,5500,1750,1625,9375
9559,125,375,5375,1625,1500,9000
9560,125,375,5375,1625,1500,9000
9561,0,375,5625,1750,1500,9250
9562,125,375,5500,1750,1500,9250
9563,125,375,5375,1750,1625,9250
9564,0,375,5500,1750,1625,9250
9565,0,375,5750,1625,1500,9250
9566,125,375,5250,1625,1500,8875
9567,125,375,5375,1750,1500,9125
9568,0,375,5500,1750,1625,9250
9569,0,375,5375,1750,1625,9125
9570,125,375,5375,1625,1500,9000
9571,0,375,5375,1625,1500,8875
9572,125,500,5500,1625,1625,9375
9573,125,500,5375,1750,1500,9250
9574,0,375,5500,1625,1500,9000
9575,0,375,5375,1750,1500,9000
9576,125,375,5375,1625,1625,9125
9577,125,375,5375,1750,1500,9125
9578,125,375,5500,1625,1625,9250
9579,125,375,5250,1625,1500,8875
9580,125,375,5750,1750,1500,9500
9581,125,375,5625,1625,1625,9375
9582,125,375,5375,1750,1500,9125
9583,125,375,5375,1750,1625,9250
9584,125,375,5375,1750,1500,9125
9585,125,375,5375,1625,1500,9000
9586,125,375,5375,1750,1625,9250
9587,125,375,5375,1750,1625,9250
9588,0,375,5375,1875,1500,9125
9589,0,375,5750,2250,1625,10000
9590,125,375,5500,1750,1500,9250
9591,125,375,5250,1750,1500,9000
9592,125,375,5375,1750,1500,9125
9593,125,375,5250,1750,1500,9000
9594,125,375,5375,1625,1500,9000
9595,125,375,5375,1625,1625,9125
9596,0,375,5500,1750,1500,9125
9597,125,375,6875,1625,1500,10500
9598,0,375,5375,1625,1500,8875
9599,125,375,5250,1625,1500,8875
9600,125,375,5250,1625,1500,8875
9601,125,375,5625,1625,1500,9250
9602,125,375,5375,1625,1500,9000
9603,125,375,5375,1750,1500,9125
9604,125,375,5250,1625,1500,8875
9605,125,375,5250,1625,1500,8875
9606,125,375,5375,1625,1500,9000
9607,125,375,5375,1625,1500,9000
9608,125,500,5375,1750,1500,9250
9609,125,375,5375,1625,1500,9000
9610,125,375,5375,1750,1500,9125
9611,0,375,5250,1625,1500,8750
9612,125,375,5375,1625,1500,9000
9613,125,375,5375,1625,1500,9000
9614,125,375,5375,1625,1625,9125
9615,125,375,5375,1750,1500,9125
9616,125,375,5250,1625,1500,8875
9617,125,375,5375,1625,1500,9000
9618,125,375,5250,1625,1500,8875
9619,125,375,5250,1750,1625,9125
9620,125,375,5375,1625,1625,9125
9621,125,500,5375,1625,1625,9250
9622,0,375,5250,1625,1500,8750
9623,0,375,5375,1750,1500,9000
9624,125,375,5250,1625,1500,8875
9625,125,375,5500,1750,1500,9250
9626,125,375,5375,1625,1625,9125
9627,125,375,5250,1750,1625,9125
9628,125,375,5375,1750,1500,9125
9629,125,375,5375,1750,1500,9125
9630,125,375,5500,1625,1500,9125
9631,125,375,5375,1625,1500,9000
9632,125,500,5375,1750,1625,9375
9633,0,375,5375,1625,1500,8875
9634,125,375,5375,1750,1500,9125
9635,125,375,5375,1750,1500,9125
9636,125,375,5250,1750,1500,9000
9637,125,375,5250,1750,1500,9000
9638,125,375,5375,1750,1625,9250
9639,125,375,5250,1500,1500,8750
9640,125,375,5375,1625,1500,9000
9641,125,375,5250,1625,1500,8875
9642,125,375,5375,1625,1500,9000
9643,125,375,5250,1625,1500,8875
9644,125,375,5250,1750,1625,9125
9645,125,375,5375,1625,1500,9000
9646,125,375,5375,1750,1500,9125
9647,125,375,5375,1625,1625,9125
9648,125,375,5125,1625,1500,8750
9649,125,375,5500,1750,1625,9375
9650,125,375,5375,1625,1500,9000
9651,125,375,5375,1625,1500,9000
9652,125,375,5375,1625,1500,9000
9653,125,375,5250,1750,1500,9000
9654,125,375,5375,1750,1625,9250
9655,125,375,5375,1750,1625,9250
9656,125,375,5250,1750,1500,9000
9657,125,375,5375,1625,1500,9000
9658,125,375,5375,1750,1500,9125
9659,125,375,5250,1625,1500,8875
9660,125,375,5250,1625,1500,8875
9661,125,500,5375,1750,1625,9375
9662,125,375,5250,1750,1500,9000
9663,125,375,5375,1750,1500,9125
9664,125,375,5375,1750,1625,9250
9665,125,500,14875,2125,2750,20375
9666,125,375,7000,1625,1500,10625
9667,125,375,5375,1750,1500,9125
9668,125,375,5250,1625,1500,8875
9669,125,375,5250,1625,1500,8875
9670,125,375,5500,1750,1500,9250
9671,0,375,5375,1625,1625,9000
9672,125,375,5250,1625,1500,8875
9673,125,375,5250,41000,1875,48625
9674,125,375,9875,1750,1750,13875
9675,125,375,6125,1625,1500,9750
9676,125,375,5375,1750,1500,9125
9677,125,375,5375,1750,1500,9125
9678,125,375,5250,1625,1500,8875
9679,125,375,5375,1625,1500,9000
9680,125,375,5250,1625,1500,8875
9681,125,375,5375,1625,1500,9000
9682,125,375,5375,1750,1625,9250
9683,125,375,5250,1750,1625,9125
9684,125,375,5250,1750,1375,8875
9685,0,375,5500,1625,1500,9000
9686,125,375,5375,1750,1625,9250
9687,125,375,5250,1625,1375,8750
9688,125,375,5250,1625,1500,8875
9689,125,375,5375,1625,1500,9000
9690,125,375,5375,1750,1500,9125
9691,125,375,5500,1750,1625,9375
9692,125,375,5250,1750,1625,9125
9693,125,375,5375,1625,1500,9000
9694,125,375,5250,1625,1500,8875
9695,125,500,5375,1750,1500,9250
9696,125,375,5500,1625,1500,9125
9697,125,375,5250,1750,1625,9125
9698,125,375,5250,1750,1625,9125
9699,0,375,5375,1625,1500,8875
9700,0,375,5375,1625,1500,8875
9701,125,375,5375,1625,1500,9000
9702,125,375,5375,1750,1500,9125
9703,125,375,5375,1625,1625,9125
9704,125,375,5250,1750,1625,9125
9705,125,375,5375,1750,1625,9250
9706,125,375,5250,1625,1625,9000
9707,125,375,5375,1625,1500,9000
9708,125,375,5250,1750,1625,9125
9709,125,375,5500,1625,1500,9125
9710,125,375,5375,1625,1500,9000
9711,125,375,5375,1750,1500,9125
9712,125,375,5375,1750,1500,9125
9713,0,375,5375,1750,1625,9125
9714,125,500,5375,1625,1500,9125
9715,125,500,5375,1625,1500,9125
9716,125,375,5250,1750,1625,9125
9717,0,375,5500,1750,1625,9250
9718,125,375,5375,1625,1500,9000
9719,125,375,5375,1625,1500,9000
9720,125,375,5375,1625,1500,9000
9721,125,375,5250,1625,1625,9000
9722,125,375,5250,1625,1500,8875
9723,125,500,5250,1750,1625,9250
9724,125,375,5250,1625,1500,8875
9725,125,375,5250,1750,1500,9000
9726,125,500,5375,1750,1500,9250
9727,125,375,5375,1625,1500,9000
9728,125,375,5250,1625,1500,8875
9729,125,375,5250,1750,1500,9000
9730,125,375,5375,1750,1500,9125
9731,125,375,5375,1750,1625,9250
9732,125,375,5375,1750,1500,9125
9733,125,375,5250,1625,1500,8875
9734,125,375,5375,1750,1625,9250
9735,125,375,5375,1750,1625,9250
9736,125,375,5250,1625,1500,8875
9737,125,375,5375,1750,1625,9250
9738,0,375,5375,1625,1500,8875
9739,125,375,5250,1625,1500,8875
9740,125,375,5500,1625,1500,9125
9741,125,375,5250,1625,1500,8875
9742,125,375,5375,1750,1625,9250
9743,125,375,5375,1625,1500,9000
9744,0,375,5375,1750,1500,9000
9745,125,375,5250,1625,1500,8875
9746,125,375,5375,1750,1625,9250
9747,125,375,5250,1750,1500,9000
9748,125,500,5250,1625,1500,9000
9749,125,500,5250,1750,1500,9125
9750,125,500,5500,1750,1500,9375
9751,125,375,5375,1625,1500,9000
9752,125,375,5125,1625,1375,8625
9753,125,375,5375,1625,1500,9000
9754,125,375,5250,1625,1500,8875
9755,125,375,5375,1750,1500,9125
9756,0,375,5250,1625,1500,8750
9757,125,500,5250,1750,1500,9125
9758,125,375,5250,1625,1625,9000
9759,125,375,5250,1625,1500,8875
9760,125,375,5375,1625,1500,9000
9761,125,375,5250,1625,1625,9000
9762,125,375,5250,1625,1500,8875
9763,125,375,5375,1625,1500,9000
9764,125,500,5375,1625,1500,9125
9765,125,375,5375,1625,1500,9000
9766,125,375,5375,1625,1500,9000
9767,125,375,5250,1750,1500,9000
9768,125,375,5500,1625,1500,9125
9769,125,375,5375,1625,1500,9000
9770,125,375,5250,1625,1500,8875
9771,125,375,5375,1750,1500,9125
9772,125,500,5375,1625,1500,9125
9773,125,375,5375,1625,1500,9000
9774,125,375,5250,1750,1625,9125
9775,125,375,5250,1625,1625,9000
9776,0,375,5375,1625,1500,8875
9777,125,375,5375,1625,1500,9000
9778,125,375,5375,1750,1625,9250
9779,0,375,5250,1625,1500,8750
9780,125,375,5375,1750,1500,9125
9781,125,375,5375,1625,1500,9000
9782,125,375,5375,1625,1500,9000
9783,125,375,5375,1625,1500,9000
9784,125,500,5375,1625,1500,9125
9785,125,375,5250,1625,1500,8875
9786,125,375,5250,1750,1500,9000
9787,125,500,5250,1750,1500,9125
9788,125,375,5375,1750,1500,9125
9789,125,375,5250,1625,1500,8875
9790,625,375,7750,1750,1625,12125
9791,125,375,5625,1750,1625,9500
9792,125,375,5375,1750,1500,9125
9793,125,375,5375,1750,1500,9125
9794,125,375,5250,1750,1500,9000
9795,125,375,5250,1625,1625,9000
9796,125,375,5250,1625,1625,9000
9797,125,375,5375,1750,1625,9250
9798,0,375,5250,1750,1500,8875
9799,125,375,5375,1625,1500,9000
9800,125,500,5375,1750,1500,9250
9801,125,375,5125,1625,1500,8750
9802,125,375,5375,1625,1500,9000
9803,125,375,5250,1750,1500,9000
9804,0,375,5375,1625,1500,8875
9805,125,375,5375,1625,1500,9000
9806,125,375,5375,1625,1500,9000
9807,0,375,5500,1625,1500,9000
9808,125,375,5250,1625,1500,8875
9809,125,375,5375,1750,1500,9125
9810,0,375,5375,1625,1500,8875
9811,125,500,5375,1750,1625,9375
9812,125,375,5375,1750,1625,9250
9813,125,375,5375,1625,1500,9000
9814,125,375,5375,1625,1625,9125
9815,125,375,5375,1625,1500,9000
9816,0,375,5375,1625,1625,9000
9817,0,375,5125,1625,1500,8625
9818,125,375,5375,1625,1500,9000
9819,125,375,5375,1625,1500,9000
9820,125,375,5250,1625,1500,8875
9821,125,375,5250,1750,1625,9125
9822,125,375,5250,1625,1500,8875
9823,125,375,5500,1625,1500,9125
9824,125,375,5250,1625,1500,8875
9825,0,375,5375,1625,1625,9000
9826,125,375,5375,1625,1500,9000
9827,125,375,5250,1750,1500,9000
9828,125,375,5500,1625,1625,9250
9829,125,375,5375,1625,1500,9000
9830,125,500,5375,1625,1500,9125
9831,125,375,5375,1625,1625,9125
9832,125,375,5250,1750,1625,9125
9833,125,375,5375,1625,1500,9000
9834,125,375,5250,1750,1500,9000
9835,125,375,5250,1625,1500,8875
9836,125,375,5250,1625,1500,8875
9837,125,375,5375,1625,1500,9000
9838,125,375,5375,1750,1625,9250
9839,125,375,5375,1625,1500,9000
9840,125,375,5250,1625,1625,9000
9841,125,375,5250,1750,1500,9000
9842,125,375,5375,1750,1500,9125
9843,125,500,5250,1625,1500,9000
9844,125,375,5125,1750,1625,9000
9845,125,375,5375,1625,1625,9125
9846,0,375,5125,1625,1500,8625
9847,0,375,5375,1750,1625,9125
9848,125,375,5375,1750,1625,9250
9849,0,375,5250,1625,1500,8750
9850,125,375,5250,1625,1625,9000
9851,0,375,5375,1750,1500,9000
9852,125,375,5375,1625,1375,8875
9853,125,375,5250,1625,1375,8750
9854,125,375,5250,1750,1500,9000
9855,125,375,5250,1625,1625,9000
9856,125,375,5250,1625,1500,8875
9857,125,375,5375,1625,1625,9125
9858,0,375,5375,1750,1625,9125
9859,125,375,5375,1750,1500,9125
9860,125,375,5375,1500,1500,8875
9861,125,375,5375,1750,1625,9250
9862,125,375,5250,1750,1500,9000
9863,125,375,5250,1625,1500,8875
9864,0,375,5375,1625,1500,8875
9865,125,375,5250,1750,1625,9125
9866,0,375,5375,1625,1500,8875
9867,0,375,5375,1625,1500,8875
9868,125,375,5375,1750,1625,9250
9869,125,375,5250,1625,1500,8875
9870,125,375,5250,1625,1500,8875
9871,125,375,5250,1625,1500,8875
9872,125,375,5375,1625,1625,9125
9873,125,375,5375,1625,1500,9000
9874,125,375,5250,1625,1500,8875
9875,125,375,5250,1625,1500,8875
9876,125,375,5375,1625,1500,9000
9877,125,500,5375,1750,1500,9250
9878,0,375,5375,1625,1500,8875
9879,0,375,5375,1625,1500,8875
9880,125,500,5375,1750,1625,9375
9881,125,375,5250,1625,1500,8875
9882,125,375,5250,1625,1500,8875
9883,125,375,5250,1625,1500,8875
9884,125,375,5375,1750,1500,9125
9885,125,375,5250,1750,1625,9125
9886,0,375,5250,1625,1500,8750
9887,125,375,5250,1750,1500,9000
9888,125,375,5250,1625,1500,8875
9889,125,375,5375,1625,1500,9000
9890,125,375,5250,1625,1500,8875
9891,125,375,5250,1625,1625,9000
9892,125,375,5250,1625,1625,9000
9893,125,375,5250,1625,1500,8875
9894,125,375,5375,1625,1500,9000
9895,125,500,5375,1750,1500,9250
9896,0,375,5500,1625,1500,9000
9897,125,375,5250,1625,1500,8875
9898,125,375,5375,1625,1625,9125
9899,125,375,5375,1625,1500,9000
9900,125,375,5375,1750,1500,9125
9901,125,375,5375,1750,1500,9125
9902,125,375,5250,1625,1500,8875
9903,125,375,5250,1625,1500,8875
9904,125,375,5250,1750,1625,9125
9905,0,375,5375,1625,1500,8875
9906,125,375,5250,1750,1500,9000
9907,125,375,5375,1750,1500,9125
9908,0,375,5375,1625,1500,8875
9909,125,375,5250,1625,1500,8875
9910,0,375,5375,1625,1500,8875
9911,0,375,5375,1750,1500,9000
9912,125,375,5250,1625,1500,8875
9913,125,375,5250,1750,1500,9000
9914,125,375,5500,1750,1625,9375
9915,0,375,5875,1750,1500,9500
9916,125,375,5500,1625,1500,9125
9917,125,375,5375,1750,1625,9250
9918,125,375,5250,1750,1625,9125
9919,125,500,5375,1625,1500,9125
9920,125,375,5250,1625,1500,8875
9921,0,375,5375,1750,1500,9000
9922,125,375,5375,1750,1625,9250
9923,125,375,5250,1625,1500,8875
9924,125,375,5500,1750,1500,9250
9925,125,375,5250,1625,1500,8875
9926,125,375,5250,1750,1500,9000
9927,125,375,5250,1625,1500,8875
9928,125,375,5250,1750,1500,9000
9929,125,375,5375,1750,1625,9250
9930,0,375,5375,1625,1375,8750
9931,125,375,5250,1625,1500,8875
9932,125,375,5375,1750,1500,9125
9933,125,375,5375,1750,1500,9125
9934,125,375,5375,1625,1500,9000
9935,125,375,5250,1625,1500,8875
9936,125,375,5250,1625,1500,8875
9937,125,375,5375,1750,1625,9250
9938,125,375,5250,1625,1500,8875
9939,0,375,5500,1750,1625,9250
9940,125,375,5250,1625,1500,8875
9941,125,375,5375,1625,1500,9000
9942,0,375,5375,1750,1500,9000
9943,125,375,5375,1750,1625,9250
9944,125,375,5250,1625,1500,8875
9945,125,375,5250,1750,1625,9125
9946,0,375,5375,1625,1625,9000
9947,0,375,5375,1750,1500,9000
9948,125,375,5375,1625,1500,9000
9949,125,375,5250,1625,1500,8875
9950,125,375,5375,1625,1500,9000
9951,125,500,5375,1625,1500,9125
9952,125,375,5375,1625,1500,9000
9953,125,375,5375,1750,1625,9250
9954,125,500,5375,1750,1500,9250
9955,125,375,5375,1625,1500,9000
9956,125,375,5375,1750,1500,9125
9957,125,375,5250,1625,1500,8875
9958,125,375,5375,1625,1625,9125
9959,125,375,5375,1625,1500,9000
9960,125,375,5250,1625,1500,8875
9961,125,375,5250,1625,1500,8875
9962,125,375,5250,1750,1625,9125
9963,125,375,5250,1750,1500,9000
9964,125,375,5375,1750,1500,9125
9965,125,375,5375,1625,1500,9000
9966,125,375,5250,1625,1500,8875
9967,125,375,5375,1625,1500,9000
9968,125,375,5250,1625,1500,8875
9969,125,375,5375,1625,1500,9000
9970,125,375,5375,1750,1500,9125
9971,125,375,5250,1625,1500,8875
9972,0,375,5375,1750,1625,9125
9973,125,375,5375,1625,1500,9000
9974,125,375,5250,1625,1500,8875
9975,125,375,5250,1625,1500,8875
9976,0,375,5250,1625,1500,8750
9977,125,375,5375,1625,1500,9000
9978,0,375,5500,1750,1500,9125
9979,125,375,5250,1625,1500,8875
9980,125,375,5250,1625,1500,8875
9981,125,375,5250,1625,1500,8875
9982,125,500,5250,1625,1500,9000
9983,125,375,5375,1750,1625,9250
9984,125,375,5375,1625,1500,9000
9985,125,375,5375,1750,1625,9250
9986,125,375,5375,1625,1500,9000
9987,125,375,5375,1625,1500,9000
9988,125,375,5250,1750,1500,9000
9989,125,500,5250,1625,1625,9125
9990,125,375,5375,1750,1500,9125
9991,125,375,5375,1750,1500,9125
9992,125,375,5375,1625,1625,9125
9993,125,375,5250,1625,1500,8875
9994,125,375,5500,1625,1500,9125
9995,125,375,5250,1750,1500,9000
9996,125,375,5375,1625,1500,9000
9997,125,375,5375,1625,1500,9000
9998,125,500,5375,1750,1500,9250
9999,125,375,5500,1625,1500,9125
10000,0,375,5500,1625,1500,9000
10001,125,375,5375,1625,1500,9000
10002,125,500,5375,1625,1500,9125
10003,125,500,5375,1750,1625,9375
10004,125,375,5500,1625,1500,9125
10005,125,375,5250,1625,1500,8875
10006,125,500,5375,1625,1500,9125
10007,125,375,5375,1750,1500,9125
10008,125,375,5500,1750,1500,9250
10009,125,375,5250,1750,1500,9000
10010,125,375,5250,1625,1375,8750
10011,125,375,5250,1625,1500,8875
10012,0,375,5375,1750,1500,9000
10013,0,375,5250,1625,1500,8750
10014,125,375,5250,1625,1500,8875
10015,125,375,6875,1750,1750,10875
10016,125,375,5625,1625,1500,9250
10017,125,500,5500,1625,1500,9250
10018,125,500,5375,1750,1500,9250
10019,125,375,5375,1750,1500,9125
10020,125,375,5375,1750,1500,9125
10021,125,375,5375,1625,1500,9000
10022,125,375,5375,1625,1625,9125
10023,125,375,5250,1750,1500,9000
10024,125,375,5250,1625,1500,8875
10025,0,375,5375,1625,1500,8875
10026,0,375,5375,1750,1625,9125
10027,125,375,5375,1750,1500,9125
10028,125,375,5375,1625,1500,9000
10029,125,375,5250,1750,1500,9000
10030,125,375,5250,1750,1625,9125
10031,125,375,5375,1625,1500,9000
10032,0,375,5250,1625,1500,8750
10033,125,375,5375,1750,1500,9125
10034,125,375,5375,1625,1500,9000
10035,0,375,5375,1625,1625,9000
10036,125,375,5250,1625,1500,8875
10037,125,500,5375,1625,1625,9250
10038,125,500,5375,1750,1500,9250
10039,125,375,6125,1750,1625,10000
10040,125,375,5625,1750,1375,9250
10041,125,375,5375,1625,1500,9000
10042,125,375,5375,1750,1500,9125
10043,0,375,5375,1625,1500,8875
10044,125,375,5375,1750,1625,9250
10045,125,375,5250,1625,1500,8875
10046,125,375,5250,1750,1500,9000
10047,125,375,5250,1750,1500,9000
10048,125,500,5375,1625,1500,9125
10049,125,500,5375,1625,1500,9125
10050,0,375,5500,1750,1500,9125
10051,0,375,5375,1625,1500,8875
10052,125,375,5250,1625,1500,8875
10053,125,375,5250,1750,1625,9125
10054,125,375,5250,1625,1500,8875
10055,125,375,5375,1625,1500,9000
10056,0,375,5500,1750,1500,9125
10057,125,375,5375,1625,1500,9000
10058,125,375,5500,1625,1500,9125
10059,125,375,5500,1625,1625,9250
10060,125,375,5250,1750,1625,9125
10061,125,375,5250,1625,1500,8875
10062,125,375,5375,1750,1625,9250
10063,0,375,5250,1750,1625,9000
10064,125,375,5375,1625,1500,9000
10065,125,500,5375,1625,1500,9125
10066,125,375,5250,1750,1500,9000
10067,125,500,5250,1625,1375,8875
10068,0,375,5250,1625,1500,8750
10069,125,375,5250,1625,1500,8875
10070,125,375,5250,1625,1625,9000
10071,125,375,5250,1625,1500,8875
10072,125,500,5625,1625,1500,9375
10073,125,500,5375,1750,1500,9250
10074,125,375,5375,1625,1500,9000
10075,125,375,5375,1750,1500,9125
10076,125,375,5375,1625,1500,9000
10077,125,375,5375,1625,1500,9000
10078,0,375,5500,1625,1500,9000
10079,125,375,5375,1625,1500,9000
10080,125,375,5375,1750,1500,9125
10081,125,375,5250,1625,1500,8875
10082,125,375,5375,1750,1500,9125
10083,0,375,5500,1625,1500,9000
10084,125,500,5500,1750,1625,9500
10085,125,375,5250,1750,1500,9000
10086,125,375,5375,1750,1500,9125
10087,125,375,5375,1750,1500,9125
10088,125,375,5250,1625,1500,8875
10089,125,375,5375,1750,1500,9125
10090,125,375,5250,1750,1500,9000
10091,125,375,5375,1625,1500,9000
10092,0,375,5375,1750,1625,9125
10093,125,375,5125,1625,1500,8750
10094,125,375,5375,1625,1500,9000
10095,125,375,5375,1625,1500,9000
10096,0,375,5500,1750,1500,9125
10097,0,375,5500,1750,1625,9250
10098,125,375,5375,1625,1500,9000
10099,125,375,5375,1625,1500,9000
10100,125,375,5250,1750,1500,9000
10101,125,375,5375,1625,1500,9000
10102,125,500,5375,1875,1500,9375
10103,125,375,5375,1750,1500,9125
10104,125,375,5250,1750,1625,9125
10105,125,375,5375,1625,1500,9000
10106,125,375,5375,1625,1500,9000
10107,125,375,5250,1625,1500,8875
10108,125,375,5375,1750,1625,9250
10109,125,500,5375,1750,1625,9375
10110,125,375,5250,1750,1500,9000
10111,125,375,5375,1750,1625,9250
10112,0,375,5500,1625,1500,9000
10113,125,375,5250,1625,1500,8875
10114,125,375,5250,1625,1500,8875
10115,125,375,5375,1750,1500,9125
10116,125,375,5375,1750,1500,9125
10117,125,375,5375,1625,1500,9000
10118,125,500,5375,1625,1500,9125
10119,125,375,5250,1625,1500,8875
10120,125,375,5250,1625,1500,8875
10121,125,375,5375,1625,1500,9000
10122,125,375,5375,1750,1625,9250
10123,0,375,5500,1625,1625,9125
10124,125,375,5375,1625,1500,9000
10125,125,375,5375,1750,1625,9250
10126,125,375,5250,1750,1500,9000
10127,125,375,5375,1625,1500,9000
10128,125,375,5375,1500,1500,8875
10129,125,375,5375,1750,1500,9125
10130,125,375,5375,1750,1500,9125
10131,125,375,5375,1750,1500,9125
10132,0,375,5375,1750,1625,9125
10133,0,375,5375,1625,1500,8875
10134,125,375,5375,1625,1500,9000
10135,125,375,5375,1625,1500,9000
10136,125,500,5375,1625,1500,9125
10137,125,375,5500,1750,1625,9375
10138,125,500,5250,1625,1625,9125
10139,125,375,5375,1625,1500,9000
10140,125,375,5250,1625,1500,8875
10141,125,375,5250,1625,1500,8875
10142,125,375,5500,1625,1625,9250
10143,125,375,5500,1750,1500,9250
10144,125,500,5375,1750,1625,9375
10145,125,375,5250,1625,1500,8875
10146,125,375,5250,1750,1500,9000
10147,0,375,5375,1750,1500,9000
10148,125,375,5375,1750,1500,9125
10149,0,375,5250,1625,1500,8750
10150,125,375,5375,1750,1500,9125
10151,125,375,5375,1750,1500,9125
10152,125,500,5250,1625,1375,8875
10153,125,375,5375,1625,1500,9000
10154,125,375,5375,1750,1500,9125
10155,125,375,5375,1625,1500,9000
10156,125,375,5375,1750,1625,9250
10157,125,500,5375,1625,1500,9125
10158,125,375,5250,1625,1500,8875
10159,0,375,5500,1625,1500,9000
10160,0,375,5500,1625,1500,9000
10161,125,375,5875,1750,1500,9625
10162,125,375,5500,1625,1500,9125
10163,125,375,5375,1750,1500,9125
10164,125,375,5375,1625,1500,9000
10165,0,375,5500,1750,1500,9125
10166,125,375,5250,1625,1625,9000
10167,125,375,5250,1625,1500,8875
10168,125,375,5250,1750,1500,9000
10169,125,375,5375,1750,1625,9250
10170,125,375,5375,1625,1500,9000
10171,125,375,5375,1625,1500,9000
10172,125,375,5375,1750,1625,9250
10173,125,375,5250,1750,1500,9000
10174,125,375,5250,1750,1625,9125
10175,125,375,5250,1625,1500,8875
10176,125,375,5375,1750,1500,9125
10177,125,375,5375,1625,1500,9000
10178,125,375,5375,1625,1500,9000
10179,125,375,5500,1625,1500,9125
10180,125,375,5500,1625,1500,9125
10181,0,375,5375,1625,1500,8875
10182,125,375,5375,1750,1500,9125
10183,125,375,5250,1625,1500,8875
10184,125,375,5375,1625,1625,9125
10185,125,375,5375,1750,1500,9125
10186,125,375,5250,1625,1500,8875
10187,0,375,5375,1625,1625,9000
10188,0,375,5375,1625,1500,8875
10189,125,375,5250,1750,1500,9000
10190,0,375,5250,1750,1500,8875
10191,125,375,5375,1625,1500,9000
10192,125,500,5375,1750,1625,9375
10193,125,375,5375,1750,1500,9125
10194,125,375,5375,1625,1500,9000
10195,125,375,5375,1625,1500,9000
10196,125,375,5375,1625,1500,9000
10197,125,375,5375,1625,1500,9000
10198,125,375,5375,1750,1500,9125
10199,0,375,5500,1625,1500,9000
10200,125,375,5500,1750,1625,9375
10201,125,375,5250,1625,1500,8875
10202,125,375,5375,1750,1500,9125
10203,125,500,5375,1625,1500,9125
10204,125,375,5375,1750,1625,9250
10205,125,375,5250,1625,1500,8875
10206,125,375,5375,1625,1500,9000
10207,125,375,5375,1750,1500,9125
10208,125,375,5250,1750,1625,9125
10209,125,500,5250,1625,1500,9000
10210,125,375,5375,1750,1625,9250
10211,125,375,5375,1625,1500,9000
10212,125,375,5250,1625,1625,9000
10213,125,375,5250,1625,1500,8875
10214,125,375,5375,1625,1500,9000
10215,125,375,5375,1625,1625,9125
10216,125,500,5250,1625,1500,9000
10217,125,375,5250,1625,1625,9000
10218,0,375,5375,1625,1500,8875
10219,0,375,5375,1625,1500,8875
10220,125,375,5375,1625,1500,9000
10221,125,375,5375,1625,1500,9000
10222,125,500,5250,1625,1500,9000
10223,125,375,5250,1625,1500,8875
10224,0,375,5250,1625,1500,8750
10225,125,375,5250,1625,1500,8875
10226,125,375,5250,1625,1500,8875
10227,125,375,5250,1625,1500,8875
10228,125,375,5250,1625,1625,9000
10229,125,375,5375,1625,1500,9000
10230,125,375,5375,1625,1500,9000
10231,0,375,5500,1625,1625,9125
10232,125,375,5375,1750,1500,9125
10233,125,375,5375,1750,1500,9125
10234,125,375,5250,1625,1500,8875
10235,125,375,5375,1625,1500,9000
10236,0,375,5375,1750,1500,9000
10237,0,375,5375,1625,1500,8875
10238,125,375,5375,1750,1500,9125
10239,125,375,5375,1625,1500,9000
10240,125,375,5250,1625,1625,9000
10241,125,375,5375,1625,1500,9000
10242,125,375,5250,1625,1500,8875
10243,125,375,5375,1625,1500,9000
10244,125,375,5500,1750,1625,9375
10245,125,375,5250,1625,1500,8875
10246,125,375,5375,1625,1500,9000
10247,125,375,5375,1625,1500,9000
10248,125,375,5375,1625,1625,9125
10249,125,375,5500,1625,1500,9125
10250,125,375,5375,1750,1500,9125
10251,125,375,5375,1750,1500,9125
10252,0,375,5500,1625,1500,9000
10253,125,375,5250,1625,1500,8875
10254,125,375,5375,1750,1500,9125
10255,125,375,5375,1625,1625,9125
10256,125,375,5375,1625,1500,9000
10257,125,375,5250,1625,1500,8875
10258,0,375,5375,1625,1500,8875
10259,125,500,5125,1625,1500,8875
10260,0,375,5375,1750,1500,9000
10261,0,375,5500,1625,1500,9000
10262,125,500,5250,1625,1500,9000
10263,125,375,5250,1625,1500,8875
10264,125,375,5500,1750,1500,9250
10265,125,375,5375,1625,1500,9000
10266,125,375,5375,1750,1500,9125
10267,125,500,5375,1625,1500,9125
10268,125,375,5500,1625,1500,9125
10269,125,375,5375,1625,1500,9000
10270,0,375,5375,1625,1500,8875
10271,125,375,5250,1750,1625,9125
10272,125,375,5375,1750,1500,9125
10273,0,375,5375,1625,1500,8875
10274,125,375,5250,1625,1500,8875
10275,125,375,5375,1625,1500,9000
10276,125,375,5375,1625,1500,9000
10277,125,375,5375,1625,1500,9000
10278,125,375,5375,1750,1500,9125
10279,125,375,5375,1750,1500,9125
10280,125,375,5375,1625,1625,9125
10281,125,375,5375,1750,1500,9125
10282,125,375,5875,1875,1625,9875
10283,125,375,5500,1750,1500,9250
10284,125,375,5500,1750,1625,9375
10285,125,375,5375,1750,1500,9125
10286,0,375,5500,1625,1500,9000
10287,125,375,5375,1625,1500,9000
10288,125,375,5250,1625,1500,8875
10289,125,375,5375,1750,1500,9125
10290,0,375,5250,1625,1500,8750
10291,125,375,5375,1625,1500,9000
10292,125,375,5250,1625,1500,8875
10293,125,375,5375,1625,1500,9000
10294,125,375,5125,1625,1500,8750
10295,125,375,5250,1625,1500,8875
10296,125,500,5375,1625,1500,9125
10297,125,375,5250,1750,1625,9125
10298,125,375,5375,1750,1500,9125
10299,125,375,5375,1750,1625,9250
10300,125,375,5375,1625,1500,9000
10301,0,375,5375,1625,1625,9000
10302,0,375,5375,1625,1500,8875
10303,125,375,5250,1625,1500,8875
10304,125,375,5250,1625,1500,8875
10305,125,375,5250,1750,1625,9125
10306,125,375,5375,1750,1500,9125
10307,125,375,5375,1750,1500,9125
10308,0,375,5375,1625,1500,8875
10309,125,375,5375,1750,1625,9250
10310,125,375,5375,1750,1500,9125
10311,125,375,5250,1625,1500,8875
10312,125,375,5500,1750,1500,9250
10313,125,375,5375,1625,1500,9000
10314,125,375,5375,1625,1500,9000
10315,125,375,5375,1750,1500,9125
10316,125,375,5250,1625,1500,8875
10317,125,375,5375,1625,1500,9000
10318,125,375,5250,1625,1500,8875
10319,125,375,5250,1750,1500,9000
10320,125,375,5250,1625,1500,8875
10321,125,375,5375,1625,1500,9000
10322,125,375,5250,1625,1500,8875
10323,125,500,5250,1625,1500,9000
10324,0,375,5375,1625,1500,8875
10325,125,375,5375,1625,1500,9000
10326,125,375,5375,1625,1500,9000
10327,125,500,5250,1625,1500,9000
10328,0,375,5375,1625,1500,8875
10329,125,375,5375,1750,1500,9125
10330,125,375,5250,1750,1625,9125
10331,125,500,5250,1750,1625,9250
10332,125,375,5375,1625,1500,9000
10333,125,375,5375,1625,1500,9000
10334,125,500,5250,1625,1500,9000
10335,125,375,5375,1625,1500,9000
10336,125,375,5250,1625,1500,8875
10337,125,375,5375,1625,1500,9000
10338,125,375,5250,1625,1500,8875
10339,125,500,5250,1625,1500,9000
10340,0,375,5500,1625,1500,9000
10341,125,375,5375,1750,1500,9125
10342,125,500,5375,1750,1625,9375
10343,125,375,5375,1625,1500,9000
10344,125,375,5375,1750,1500,9125
10345,125,375,5375,1625,1625,9125
10346,125,500,5250,1625,1500,9000
10347,125,375,5250,1625,1500,8875
10348,125,375,5250,1750,1625,9125
10349,0,375,5500,1750,1500,9125
10350,125,375,5375,1750,1500,9125
10351,125,375,5500,1750,1500,9250
10352,125,375,5375,1625,1500,9000
10353,125,500,5375,1625,1500,9125
10354,125,375,5375,1625,1500,9000
10355,0,375,5500,1750,1500,9125
10356,125,375,5375,1750,1625,9250
10357,0,375,5375,1750,11375,18875
10358,125,375,5875,1875,1625,9875
10359,125,375,5625,1750,1625,9500
10360,125,375,5500,1625,1500,9125
10361,125,500,5375,1625,1500,9125
10362,125,375,5250,1750,1500,9000
10363,125,375,5375,1750,1625,9250
10364,125,375,5375,1625,1500,9000
10365,125,375,5375,1625,1500,9000
10366,125,375,5250,1625,1500,8875
10367,125,375,5250,1625,1500,8875
10368,125,375,5250,1625,1625,9000
10369,125,375,5250,1625,1500,8875
10370,125,500,5250,1625,1375,8875
10371,125,375,5250,1625,1625,9000
10372,125,375,5250,1750,1500,9000
10373,125,375,5250,1625,1500,8875
10374,125,375,5250,1625,1500,8875
10375,125,375,5250,1625,1500,8875
10376,125,375,5375,1625,1500,9000
10377,125,375,5500,1625,1500,9125
10378,125,375,5375,1625,1625,9125
10379,125,375,5500,1625,1500,9125
10380,0,375,5250,1750,1500,8875
10381,125,375,5375,1625,1500,9000
10382,125,375,5375,1625,1500,9000
10383,0,375,5375,1625,1625,9000
10384,125,375,5250,1625,1625,9000
10385,125,500,5500,1750,1500,9375
10386,125,375,5375,1625,1500,9000
10387,125,500,5375,1750,1500,9250
10388,125,375,5375,1750,1625,9250
10389,125,375,5250,1625,1625,9000
10390,125,500,5375,1625,1500,9125
10391,125,375,5250,1625,1500,8875
10392,125,375,5375,1750,1625,9250
10393,125,375,5375,1625,1500,9000
10394,125,375,5375,1750,1625,9250
10395,125,375,5375,1750,1625,9250
10396,125,375,5250,1625,1500,8875
10397,125,375,5375,1750,1500,9125
10398,125,375,5375,1750,1500,9125
10399,125,375,5375,1625,1500,9000
10400,125,375,5375,1625,1500,9000
10401,125,375,5250,1625,1500,8875
10402,125,375,5375,1750,1625,9250
10403,125,375,6000,1750,1625,9875
10404,125,375,5375,1750,1500,9125
10405,125,375,5375,1750,1625,9250
10406,0,375,5375,1625,1500,8875
10407,125,500,5375,1750,1500,9250
10408,125,375,5375,1750,1500,9125
10409,125,375,5250,1750,1500,9000
10410,125,375,5375,1625,1500,9000
10411,125,375,5375,1625,1500,9000
10412,125,375,5250,1625,1500,8875
10413,125,375,5375,1625,1500,9000
10414,125,375,5375,1750,1500,9125
10415,125,375,5500,1625,1500,9125
10416,125,375,5375,1625,1500,9000
10417,125,375,5375,1750,1625,9250
10418,0,375,5250,1625,1625,8875
10419,125,375,5375,1625,1500,9000
10420,125,375,5375,1625,1500,9000
10421,125,375,5500,1625,1500,9125
10422,125,500,5375,1750,1625,9375
10423,125,375,5375,1750,1500,9125
10424,125,375,5500,1750,1625,9375
10425,125,375,5375,1625,1500,9000
10426,125,375,5250,1625,1500,8875
10427,125,375,5375,1750,1500,9125
10428,125,375,5375,1750,1625,9250
10429,125,375,5250,1750,1500,9000
10430,125,375,5375,1750,1500,9125
10431,125,375,5375,1750,1500,9125
10432,125,375,5375,1750,1625,9250
10433,125,375,5250,1625,1500,8875
10434,125,375,5375,1750,1500,9125
10435,125,375,5250,1750,1625,9125
10436,125,375,5375,1625,1500,9000
10437,125,375,5375,1750,1625,9250
10438,125,375,5250,1750,1500,9000
10439,0,375,5375,1625,1500,8875
10440,125,375,5375,1750,1625,9250
10441,0,375,5375,1625,1500,8875
10442,125,375,5375,1625,1500,9000
10443,125,375,5250,1625,1500,8875
10444,125,375,5250,1625,1500,8875
10445,125,375,5375,1625,1500,9000
10446,125,500,5375,1625,1625,9250
10447,125,375,5500,1625,1500,9125
10448,125,375,5375,1750,1500,9125
10449,125,375,5375,1750,1625,9250
10450,125,375,5375,1625,1500,9000
10451,125,500,5375,1625,1500,9125
10452,125,375,5375,1625,1500,9000
10453,125,375,5250,1625,1500,8875
10454,125,375,5500,1750,1500,9250
10455,125,375,5250,1750,1500,9000
10456,125,375,5375,1625,1500,9000
10457,125,375,5375,1625,1500,9000
10458,125,375,5375,1625,1500,9000
10459,125,375,5375,1625,1500,9000
10460,0,375,5375,1625,1500,8875
10461,125,375,5250,1750,1625,9125
10462,125,375,5375,1750,1500,9125
10463,0,375,5375,1625,1500,8875
10464,125,500,5375,1750,1500,9250
10465,125,375,5250,1625,1500,8875
10466,125,375,5375,1750,1500,9125
10467,125,500,5375,1625,1500,9125
10468,125,375,5500,1750,1500,9250
10469,125,375,5250,1625,1625,9000
10470,125,375,5250,1625,1500,8875
10471,125,375,5250,1625,1500,8875
10472,125,375,5375,1625,1500,9000
10473,125,375,5375,1750,1500,9125
10474,125,375,5375,1625,1500,9000
10475,125,375,5375,1625,1500,9000
10476,0,375,5375,1625,1375,8750
10477,125,375,5250,1750,1500,9000
10478,125,375,5375,1750,1500,9125
10479,0,375,5375,1625,1500,8875
10480,125,375,5375,1625,1500,9000
10481,125,375,5375,1625,1625,9125
10482,125,375,5375,1750,1625,9250
10483,125,375,5375,1625,1500,9000
10484,125,375,5375,1750,1500,9125
10485,0,375,5500,1625,1500,9000
10486,125,375,5375,1625,1500,9000
10487,125,375,5250,1625,1500,8875
10488,125,375,5375,1750,1500,9125
10489,125,375,5250,1625,1500,8875
10490,125,500,5375,1625,1500,9125
10491,125,375,5250,1625,1500,8875
10492,125,375,5375,1625,1500,9000
10493,125,375,5375,1750,1500,9125
10494,0,375,5375,1625,1500,8875
10495,125,500,5375,1750,1500,9250
10496,125,375,5375,1750,1500,9125
10497,0,375,5250,1625,1500,8750
10498,125,375,5375,1625,1625,9125
10499,125,375,5250,1625,1500,8875
10500,125,375,5250,1750,1500,9000
10501,125,375,5375,1625,1500,9000
10502,125,375,5250,1625,1500,8875
10503,125,500,5375,1625,1500,9125
10504,125,375,5375,1625,1500,9000
10505,125,375,5375,1625,1500,9000
10506,125,375,5375,1625,1500,9000
10507,0,375,5375,1625,1500,8875
10508,125,500,5375,1750,1625,9375
10509,125,375,5375,1750,1500,9125
10510,125,375,5375,1625,1500,9000
10511,125,375,5500,1625,1500,9125
10512,125,375,5375,1750,1625,9250
10513,125,500,5375,1750,1625,9375
10514,125,375,5250,1750,1500,9000
10515,125,375,5250,1625,1625,9000
10516,125,500,5375,1625,1500,9125
10517,125,500,5375,1625,1500,9125
10518,125,375,5250,1625,1500,8875
10519,125,375,5250,1750,1625,9125
10520,125,375,5375,1625,1625,9125
10521,125,375,5250,1625,1500,8875
10522,0,375,5375,1625,1500,8875
10523,125,375,5375,1625,1500,9000
10524,125,375,5375,1750,1500,9125
10525,125,375,5750,1750,1625,9625
10526,125,375,5500,1750,1500,9250
10527,125,375,5375,1750,1625,9250
10528,125,500,5375,1625,1500,9125
10529,125,375,5375,1750,1500,9125
10530,125,375,5375,1625,1500,9000
10531,0,375,5375,1625,1500,8875
10532,0,375,5375,1750,1500,9000
10533,125,375,5375,1750,1500,9125
10534,125,375,5250,1625,1500,8875
10535,125,375,5500,1625,1500,9125
10536,125,500,5375,1750,1500,9250
10537,125,500,5250,1625,1500,9000
10538,125,375,5375,1625,1500,9000
10539,125,375,5375,1625,1500,9000
10540,125,375,5250,1750,1500,9000
10541,125,375,5375,1625,1500,9000
10542,125,375,5375,1625,1500,9000
10543,125,375,5375,1625,1500,9000
10544,125,375,5375,1625,1500,9000
10545,125,375,5250,1625,1500,8875
10546,125,375,5250,1750,1625,9125
10547,125,375,5250,1750,1500,9000
10548,125,375,5250,1625,1500,8875
10549,125,375,5250,1625,1500,8875
10550,125,375,5375,1625,1500,9000
10551,125,375,5250,1625,1500,8875
10552,125,375,5375,1625,1500,9000
10553,125,375,5250,1625,1500,8875
10554,125,375,5375,1625,1500,9000
10555,125,375,5375,1625,1500,9000
10556,125,375,5375,1625,1500,9000
10557,125,375,5375,1625,1625,9125
10558,125,375,5250,1625,1500,8875
10559,125,375,5375,1625,1500,9000
10560,125,375,5375,1625,1375,8875
10561,125,375,5250,1750,1625,9125
10562,125,375,5250,1625,1625,9000
10563,125,375,5250,1750,1500,9000
10564,125,375,5375,1625,1500,9000
10565,125,375,5375,1750,1625,9250
10566,125,375,5250,1625,1500,8875
10567,125,375,5375,1750,1625,9250
10568,125,375,5250,1625,1500,8875
10569,125,375,5250,1750,1500,9000
10570,125,375,5250,1625,1500,8875
10571,125,375,5250,1625,1500,8875
10572,125,500,5375,1750,1625,9375
10573,125,500,5375,1750,1500,9250
10574,0,375,5250,1625,1500,8750
10575,125,500,5250,1625,1500,9000
10576,125,375,5250,1625,1500,8875
10577,125,500,5250,1625,1500,9000
10578,125,375,5375,1625,1625,9125
10579,125,375,5375,1750,1500,9125
10580,125,375,5375,1750,1500,9125
10581,125,375,5375,1750,1500,9125
10582,125,500,5375,1625,1500,9125
10583,0,375,5250,1625,1500,8750
10584,125,375,5375,1625,1500,9000
10585,125,375,5250,1625,1500,8875
10586,125,375,5250,1750,1500,9000
10587,0,375,5500,1750,1625,9250
10588,0,375,5375,1750,1500,9000
10589,125,375,5500,1625,1500,9125
10590,125,500,5375,1625,1500,9125
10591,125,375,5375,1750,1500,9125
10592,125,375,5375,1750,1500,9125
10593,125,375,5250,1750,1625,9125
10594,125,375,5250,1625,1500,8875
10595,125,375,5375,1625,1625,9125
10596,125,375,5375,1625,1625,9125
10597,125,375,5250,1750,1625,9125
10598,125,375,5250,1625,1500,8875
10599,125,375,5375,1750,1500,9125
10600,125,375,5250,1625,1500,8875
10601,125,375,5375,1625,1500,9000
10602,125,375,5375,1625,1500,9000
10603,125,375,5250,1625,1500,8875
10604,125,375,5500,1625,1500,9125
10605,125,375,5375,1625,1500,9000
10606,125,375,5375,1625,1500,9000
10607,125,375,5375,1625,1625,9125
10608,125,375,5375,1750,1500,9125
10609,125,375,5250,1625,1500,8875
10610,125,375,5250,1625,1500,8875
10611,125,375,5500,1750,1500,9250
10612,0,375,5375,1625,1500,8875
10613,125,500,5250,1625,1500,9000
10614,125,375,5375,1625,1500,9000
10615,125,375,5250,1625,1500,8875
10616,0,375,5250,1625,1500,8750
10617,125,500,5250,1625,1500,9000
10618,125,375,5250,1625,1500,8875
10619,0,375,5250,1625,1500,8750
10620,125,375,5250,1625,1500,8875
10621,125,375,5250,1625,1500,8875
10622,125,375,5375,1625,1500,9000
10623,125,500,5250,1625,1500,9000
10624,0,375,5375,1750,1500,9000
10625,0,375,5250,1625,1500,8750
10626,125,375,5375,1625,1625,9125
10627,125,375,5375,1750,1500,9125
10628,125,375,5375,1750,1625,9250
10629,125,375,5375,1750,1500,9125
10630,125,375,5375,1750,1500,9125
10631,125,375,5375,1750,1500,9125
10632,0,375,5375,1750,1500,9000
10633,125,375,5375,1625,1625,9125
10634,125,375,5250,1750,1500,9000
10635,125,375,5375,1750,1500,9125
10636,125,375,5375,1750,1625,9250
10637,125,375,5375,1750,1625,9250
10638,125,375,5250,1625,1500,8875
10639,125,375,5375,1625,1500,9000
10640,0,375,5375,1750,1500,9000
10641,125,375,5250,1625,1500,8875
10642,125,375,5250,1625,1500,8875
10643,125,375,5250,1750,1500,9000
10644,125,375,5375,1625,1500,9000
10645,125,375,5500,1750,1500,9250
10646,125,375,5750,1750,1750,9750
10647,0,375,5500,1750,1500,9125
10648,125,375,5375,1750,1500,9125
10649,125,375,5375,1625,1500,9000
10650,125,375,5375,1750,1625,9250
10651,0,375,5375,1625,1625,9000
10652,125,375,5250,1625,1625,9000
10653,125,375,5375,1625,1625,9125
10654,125,375,5250,1750,1500,9000
10655,125,500,5375,1625,1500,9125
10656,0,375,5500,1750,1500,9125
10657,125,375,5375,1625,1500,9000
10658,125,375,5375,1750,1500,9125
10659,125,375,5250,1625,1500,8875
10660,125,375,5375,1625,1500,9000
10661,125,375,5250,1625,1500,8875
10662,0,375,5250,1625,1500,8750
10663,125,375,5250,1625,1625,9000
10664,125,500,5375,1625,1500,9125
10665,125,375,5375,1625,1625,9125
10666,125,375,5250,1625,1500,8875
10667,125,375,5375,1625,1500,9000
10668,125,375,5250,1625,1500,8875
10669,125,375,5500,1750,1625,9375
10670,125,375,5250,1625,1500,8875
10671,125,500,5375,1750,1625,9375
10672,125,375,5250,1625,1500,8875
10673,125,375,5250,1625,1500,8875
10674,125,375,5375,1750,1500,9125
10675,125,375,5375,1625,1500,9000
10676,125,375,5500,1625,1500,9125
10677,125,375,5250,1750,1625,9125
10678,125,375,5375,1750,1500,9125
10679,0,375,5375,1750,1500,9000
10680,125,375,5250,1625,1500,8875
10681,125,375,5250,1625,1500,8875
10682,125,375,5375,1750,1625,9250
10683,125,375,5375,1625,1625,9125
10684,125,500,5375,1625,1500,9125
10685,0,375,5375,1750,1500,9000
10686,125,375,5250,1625,1500,8875
10687,125,375,5500,1625,1500,9125
10688,125,375,5375,1625,1500,9000
10689,125,500,5375,1625,1500,9125
10690,125,500,5250,1625,1500,9000
10691,125,375,5250,1625,1500,8875
10692,0,375,5375,1625,1625,9000
10693,125,375,5375,1750,1500,9125
10694,125,375,5375,1750,1500,9125
10695,125,375,5375,1625,1500,9000
10696,125,375,5375,1750,1625,9250
10697,125,500,5375,1625,1375,9000
10698,0,375,5250,1625,1500,8750
10699,125,375,5375,1625,1500,9000
10700,125,375,5375,1750,1500,9125
10701,125,375,16000,1750,1625,19875
10702,125,375,5875,1750,1625,9750
10703,125,375,5625,1625,1500,9250
10704,125,375,5500,1625,1500,9125
10705,125,375,5375,1625,1625,9125
10706,125,375,5250,1625,1500,8875
10707,125,375,5250,1750,1500,9000
10708,125,500,5250,1625,1500,9000
10709,125,375,5250,1750,1625,9125
10710,125,375,5250,1625,1500,8875
10711,0,375,5500,1750,1625,9250
10712,125,375,5250,1750,1500,9000
10713,0,375,5500,1750,1500,9125
10714,0,375,5375,1750,1625,9125
10715,125,500,5375,1750,1500,9250
10716,125,375,5375,1750,1625,9250
10717,125,375,5375,1625,1500,9000
10718,125,375,5375,1625,1500,9000
10719,125,375,5250,1625,1500,8875
10720,125,500,5375,1750,1625,9375
10721,0,375,5375,1625,1500,8875
10722,125,375,5250,1625,1500,8875
10723,125,375,5375,1625,1500,9000
10724,125,375,5375,1750,1500,9125
10725,125,375,5375,1750,1500,9125
10726,125,375,5250,1625,1625,9000
10727,125,375,5375,1750,1625,9250
10728,125,500,5250,1625,1500,9000
10729,125,375,5375,1625,1500,9000
10730,125,375,5375,1625,1500,9000
10731,125,375,5500,1625,1500,9125
10732,125,500,5375,1625,1500,9125
10733,125,375,5375,1625,1500,9000
10734,125,375,5375,1750,1625,9250
10735,125,375,5375,1750,1625,9250
10736,0,375,5250,1625,1500,8750
10737,125,375,5375,1750,1625,9250
10738,125,375,5375,1625,1500,9000
10739,125,375,5375,1625,1500,9000
10740,125,375,5250,1625,1500,8875
10741,125,375,5375,1625,1500,9000
10742,125,500,5375,1750,1500,9250
10743,0,375,5375,1625,1500,8875
10744,125,375,5375,1625,1500,9000
10745,125,375,5375,1625,1500,9000
10746,125,375,5375,1625,1500,9000
10747,125,375,5250,1750,1625,9125
10748,125,375,5375,1750,1625,9250
10749,125,375,5250,1625,1500,8875
10750,125,375,5375,1625,1625,9125
10751,125,375,5375,1750,1500,9125
10752,0,375,5375,1625,1500,8875
10753,125,375,5250,1625,1500,8875
10754,125,375,5375,1625,1500,9000
10755,125,375,5375,1625,1625,9125
10756,125,375,5250,1625,1500,8875
10757,125,500,5375,1625,1625,9250
10758,125,375,5375,1625,1500,9000
10759,125,375,5375,1625,1500,9000
10760,125,375,5250,1625,1375,8750
10761,125,375,5375,1625,1500,9000
10762,125,375,5375,1750,1625,9250
10763,125,375,5375,1750,1500,9125
10764,125,375,5500,1625,1500,9125
10765,125,375,5500,1750,1500,9250
10766,125,375,5375,1625,1500,9000
10767,125,375,6125,1875,1625,10125
10768,125,375,5625,1625,1750,9500
10769,125,500,5500,2000,2625,10750
10770,125,375,5375,1750,1500,9125
10771,125,375,5500,1750,1500,9250
10772,0,375,5500,1750,1500,9125
10773,0,375,5375,1625,1500,8875
10774,125,375,5500,1625,1500,9125
10775,125,375,5375,1625,1625,9125
10776,125,375,5375,1750,1625,9250
10777,125,375,5125,1625,1500,8750
10778,125,375,5375,1750,1625,9250
10779,125,375,5375,1625,1500,9000
10780,0,375,5375,1625,1500,8875
10781,125,375,5250,1625,1500,8875
10782,125,375,5375,1750,1500,9125
10783,125,375,5375,1750,1500,9125
10784,0,375,5500,1625,1500,9000
10785,0,375,5500,1625,1500,9000
10786,125,375,5375,1625,1500,9000
10787,125,375,5375,1750,1500,9125
10788,125,375,5250,1625,1500,8875
10789,125,375,5250,1625,1500,8875
10790,0,375,5500,1750,1500,9125
10791,125,375,5250,1625,1500,8875
10792,125,375,5375,1625,1500,9000
10793,125,375,5500,1625,1500,9125
10794,125,375,5250,1625,1500,8875
10795,125,375,5250,1625,1500,8875
10796,125,375,5375,1625,1375,8875
10797,125,375,5375,1625,1500,9000
10798,125,375,5250,1625,1500,8875
10799,125,375,5250,1625,1500,8875
10800,0,375,5375,1625,1625,9000
10801,125,375,5500,1625,1500,9125
10802,125,500,5250,1625,1500,9000
10803,125,500,5375,1750,1500,9250
10804,0,375,5250,1750,1500,8875
10805,125,375,5375,1625,1500,9000
10806,0,375,5375,1625,1500,8875
10807,125,500,5250,1625,1500,9000
10808,125,375,5375,1625,1500,9000
10809,125,375,5375,1750,1500,9125
10810,125,500,5250,1750,1625,9250
10811,125,375,5375,1750,1625,9250
10812,125,375,5250,1750,1500,9000
10813,125,375,5375,1750,1500,9125
10814,125,375,5250,1625,1625,9000
10815,125,375,5375,1750,1500,9125
10816,125,375,5375,1750,1625,9250
10817,0,375,5375,1750,1625,9125
10818,125,375,5375,1625,1500,9000
10819,125,375,5375,1625,1500,9000
10820,125,375,5375,1750,1500,9125
10821,125,375,5500,1750,1625,9375
10822,125,375,5250,1625,1500,8875
10823,125,375,5125,1750,1500,8875
10824,125,375,5250,1625,1500,8875
10825,125,375,5375,1750,1625,9250
10826,125,375,5375,1750,1625,9250
10827,125,375,5250,1750,1500,9000
10828,125,375,5250,1750,1500,9000
10829,125,375,5375,1625,1625,9125
10830,125,375,5375,1625,1500,9000
10831,125,375,5250,1625,1500,8875
10832,125,375,5250,1625,1500,8875
10833,125,375,5375,1625,1500,9000
10834,125,375,5375,1750,1500,9125
10835,125,375,5375,1625,1625,9125
10836,0,375,5375,1625,1500,8875
10837,125,375,5250,1625,1500,8875
10838,125,375,5375,1625,1500,9000
10839,125,375,5375,1625,1500,9000
10840,125,500,5375,1625,1500,9125
10841,125,375,5250,1625,1500,8875
10842,125,375,5375,1625,1500,9000
10843,125,375,5250,1750,1625,9125
10844,125,500,5375,1625,1500,9125
10845,125,375,5375,1625,1500,9000
10846,125,375,5250,1625,1625,9000
10847,125,375,5375,1625,1500,9000
10848,0,375,5500,1625,1500,9000
10849,125,500,5375,1750,1500,9250
10850,125,375,5250,1750,1625,9125
10851,0,375,5250,1625,1625,8875
10852,125,375,5250,1625,1500,8875
10853,0,375,5500,1750,1500,9125
10854,125,500,5375,1625,1625,9250
10855,125,375,5250,1625,1625,9000
10856,125,375,5375,1625,1500,9000
10857,125,375,5375,1750,1625,9250
10858,125,375,5250,1750,1625,9125
10859,125,375,5375,1750,1500,9125
10860,125,375,5500,1750,1500,9250
10861,0,375,5375,1625,1625,9000
10862,125,375,5250,1625,1625,9000
10863,125,500,5250,1750,1625,9250
10864,125,375,5250,1625,1500,8875
10865,0,375,5375,1625,1500,8875
10866,125,375,5250,1625,1500,8875
10867,125,375,5375,1625,1500,9000
10868,125,375,5625,1625,1500,9250
10869,125,375,5375,1750,1500,9125
10870,125,375,5375,1750,1500,9125
10871,125,375,5375,1625,1500,9000
10872,125,375,5375,1625,1375,8875
10873,125,375,5250,1625,1625,9000
10874,125,500,5500,1750,1500,9375
10875,125,375,5375,1625,1500,9000
10876,125,375,5375,1750,1500,9125
10877,125,375,5375,1625,1500,9000
10878,125,375,5375,1750,1625,9250
10879,125,375,5375,1750,1625,9250
10880,125,375,5250,1625,1625,9000
10881,125,375,5250,1625,1500,8875
10882,125,375,5375,1625,1375,8875
10883,0,375,5375,1750,1500,9000
10884,125,375,5500,1625,1500,9125
10885,125,375,5375,1750,1500,9125
10886,125,375,5250,1625,1500,8875
10887,125,375,5375,1625,1500,9000
10888,125,375,5250,1625,1500,8875
10889,125,375,6125,1875,1500,10000
10890,0,375,5375,1625,1500,8875
10891,125,500,5375,1750,1500,9250
10892,125,375,5250,1750,1500,9000
10893,125,375,5250,1750,1500,9000
10894,0,375,5375,1750,1500,9000
10895,125,375,5375,1625,1500,9000
10896,125,375,5375,1625,1625,9125
10897,125,375,5375,1750,1500,9125
10898,125,375,5250,1625,1500,8875
10899,125,375,5250,1625,1500,8875
10900,125,375,5375,1750,1625,9250
10901,125,375,5250,1750,1500,9000
10902,125,500,5250,1625,1500,9000
10903,125,500,5250,1625,1500,9000
10904,125,375,5250,1625,1500,8875
10905,125,375,5250,1750,1500,9000
10906,125,375,5250,1625,1500,8875
10907,125,375,5250,1750,1500,9000
10908,0,375,5250,1750,1625,9000
10909,125,375,5250,1625,1500,8875
10910,125,375,5375,1625,1625,9125
10911,125,375,5250,1625,1500,8875
10912,0,375,5500,1750,1500,9125
10913,125,375,5375,1625,1500,9000
10914,125,375,5375,1625,1500,9000
10915,125,375,5500,1750,1500,9250
10916,0,375,5250,1750,1500,8875
10917,125,375,5375,1750,1625,9250
10918,125,375,5375,1625,1500,9000
10919,125,375,5375,1750,1500,9125
10920,125,375,5375,1750,1625,9250
10921,125,375,5375,1750,1500,9125
10922,125,375,5375,1625,1625,9125
10923,125,375,5375,1750,1625,9250
10924,125,375,5375,1625,1500,9000
10925,125,375,5375,1750,1625,9250
10926,125,500,5375,1750,1500,9250
10927,125,375,5375,1625,1500,9000
10928,125,375,5375,1750,1500,9125
10929,125,375,5250,1625,1500,8875
10930,125,375,5375,1625,1500,9000
10931,125,375,5375,1750,1625,9250
10932,125,375,5250,1625,1500,8875
10933,125,375,5375,1625,1500,9000
10934,125,375,5375,1750,1500,9125
10935,125,375,5375,1750,1500,9125
10936,125,375,5375,1625,1500,9000
10937,125,375,5375,1625,1500,9000
10938,125,375,5375,1625,1500,9000
10939,0,375,5375,1625,1500,8875
10940,0,375,5375,1625,1500,8875
10941,125,375,5375,1750,1500,9125
10942,125,375,5375,1625,1500,9000
10943,125,375,5375,1750,1625,9250
10944,125,375,5375,1625,1500,9000
10945,125,375,5250,1625,1625,9000
10946,125,375,5250,1625,1500,8875
10947,125,375,5250,1750,1625,9125
10948,125,375,5375,1750,1500,9125
10949,125,375,5250,1625,1500,8875
10950,125,375,5375,1625,1500,9000
10951,125,500,5375,1625,1625,9250
10952,125,375,5250,1625,1500,8875
10953,125,375,5375,1625,1500,9000
10954,125,375,5375,1750,1625,9250
10955,125,500,5375,1750,1500,9250
10956,125,375,5500,1750,1500,9250
10957,125,375,5250,1750,1500,9000
10958,125,375,5250,1625,1500,8875
10959,125,375,5250,1625,1500,8875
10960,125,375,5375,1625,1500,9000
10961,125,375,5375,1625,1500,9000
10962,125,375,5250,1625,1500,8875
10963,125,375,5375,1750,1500,9125
10964,125,375,5375,1750,1625,9250
10965,125,375,5375,1750,1500,9125
10966,125,375,5375,1625,1500,9000
10967,125,375,5250,1625,1500,8875
10968,0,375,5500,1625,1500,9000
10969,125,500,5375,1750,1625,9375
10970,125,375,5250,1625,1375,8750
10971,125,375,5250,1750,1500,9000
10972,125,375,5500,1625,1500,9125
10973,125,375,5375,1625,1500,9000
10974,125,500,5250,1625,1500,9000
10975,125,500,5375,1625,1500,9125
10976,125,375,5375,1625,1625,9125
10977,125,375,5250,1625,1500,8875
10978,125,375,5375,1625,1500,9000
10979,125,375,5375,1750,1500,9125
10980,125,375,5375,1750,1500,9125
10981,125,500,5375,1625,1500,9125
10982,125,375,5375,1750,1500,9125
10983,125,375,5375,1625,1500,9000
10984,125,375,5375,1625,1500,9000
10985,125,375,5375,1625,1625,9125
10986,125,375,5250,1625,1625,9000
10987,125,375,5375,1750,1500,9125
10988,125,375,5250,1625,1500,8875
10989,125,375,5375,1625,1500,9000
10990,125,375,5250,1625,1500,8875
10991,125,375,5375,1750,1500,9125
10992,125,375,5375,1625,1500,9000
10993,0,375,5375,1625,1625,9000
10994,125,375,5375,1750,1625,9250
10995,125,375,5125,1625,1500,8750
10996,125,375,5500,1625,1500,9125
10997,125,375,5250,1625,1500,8875
10998,125,375,5375,1625,1500,9000
10999,125,375,5250,1625,1500,8875
11000,125,375,5375,1625,1500,9000
11001,125,375,5375,1750,1500,9125
11002,125,375,5250,1625,1500,8875
11003,125,375,5500,1625,1500,9125
11004,0,375,5375,1750,1625,9125
11005,125,375,5375,1750,1625,9250
11006,125,375,5250,1625,1625,9000
11007,125,375,5375,1750,1625,9250
11008,125,375,5375,1625,1500,9000
11009,125,375,5250,1625,1500,8875
11010,125,375,6000,1750,1500,9750
11011,125,375,5625,1625,1500,9250
11012,125,375,5500,1625,1500,9125
11013,125,375,5375,1750,1500,9125
11014,125,375,5375,1625,1500,9000
11015,125,375,5250,1625,1500,8875
11016,0,375,5500,1750,1625,9250
11017,125,375,5375,1625,1500,9000
11018,125,500,5375,1625,1500,9125
11019,125,375,5375,1625,1500,9000
11020,125,375,5375,1625,1500,9000
11021,125,375,5500,1750,1500,9250
11022,125,375,5375,1750,1500,9125
11023,0,375,5375,1750,1500,9000
11024,125,375,5375,1625,1625,9125
11025,125,500,5375,1750,1625,9375
11026,125,375,5250,1625,1500,8875
11027,125,375,5375,1625,1500,9000
11028,125,500,5250,1625,1500,9000
11029,125,375,5250,1625,1500,8875
11030,125,375,5375,1750,1500,9125
11031,125,375,5375,1750,1625,9250
11032,125,375,5375,1625,1500,9000
11033,125,375,5375,1625,1500,9000
11034,125,375,5375,1625,1500,9000
11035,125,500,5375,1750,1500,9250
11036,125,500,5375,1750,1625,9375
11037,125,375,5250,1625,1500,8875
11038,125,375,5250,1625,1500,8875
11039,125,375,5375,1625,1500,9000
11040,125,375,5375,1625,1500,9000
11041,125,375,5375,1625,1500,9000
11042,0,375,5375,1750,1625,9125
11043,125,375,5375,1750,1500,9125
11044,125,375,15500,1625,1750,19375
11045,125,375,6000,1625,1500,9625
11046,125,375,5500,1750,1625,9375
11047,125,375,5375,1625,1500,9000
11048,125,375,5375,1625,1500,9000
11049,125,375,5375,1750,1500,9125
11050,125,375,5375,1750,1500,9125
11051,125,375,5375,1750,1500,9125
11052,125,375,5250,1625,1625,9000
11053,0,375,5375,1750,1500,9000
11054,125,375,5250,1750,1625,9125
11055,125,375,5375,1625,1500,9000
11056,125,500,5375,1625,1500,9125
11057,125,375,5375,1625,1375,8875
11058,0,375,5500,1750,1500,9125
11059,125,375,5250,1625,1625,9000
11060,125,375,5250,1625,1500,8875
11061,125,375,5375,1625,1500,9000
11062,125,375,5250,1625,1500,8875
11063,125,375,5250,1625,1500,8875
11064,125,375,5250,1750,1625,9125
11065,125,375,5250,1750,1625,9125
11066,0,375,5375,1625,1500,8875
11067,125,375,5250,1625,1500,8875
11068,125,375,5500,1750,1500,9250
11069,125,375,5250,1625,1500,8875
11070,125,500,5250,1625,1500,9000
11071,125,500,5250,1625,1500,9000
11072,125,375,5375,1750,1625,9250
11073,125,375,5250,1625,1500,8875
11074,125,375,5375,1625,1500,9000
11075,125,375,5375,1625,1500,9000
11076,125,375,5375,1625,1500,9000
11077,125,375,5500,1750,1500,9250
11078,125,375,5250,1625,1500,8875
11079,125,375,5125,1625,1500,8750
11080,125,500,5375,1750,1625,9375
11081,125,375,5375,1625,1500,9000
11082,125,500,5500,1625,1500,9250
11083,125,375,5375,1625,1500,9000
11084,125,375,5375,1625,1500,9000
11085,125,375,5250,1750,1625,9125
11086,125,500,5375,1625,1500,9125
11087,125,375,5250,1625,1500,8875
11088,125,375,5375,1750,1625,9250
11089,125,375,5375,1750,1500,9125
11090,125,375,5375,1625,1500,9000
11091,125,375,5250,1750,1500,9000
11092,0,375,5250,1625,1500,8750
11093,125,375,5375,1625,1500,9000
11094,125,500,5250,1625,1500,9000
11095,125,375,5375,1625,1500,9000
11096,125,375,5375,1750,1500,9125
11097,125,375,5250,1750,1500,9000
11098,125,375,5375,1625,1500,9000
11099,125,500,5250,1750,1625,9250
11100,125,500,5250,1625,1500,9000
11101,125,375,5250,1625,1500,8875
11102,125,375,5375,1625,1500,9000
11103,125,375,5250,1625,1625,9000
11104,125,375,5375,1625,1500,9000
11105,125,500,5250,1750,1625,9250
11106,125,375,5375,1625,1500,9000
11107,125,375,5250,1625,1500,8875
11108,125,500,5250,1625,1625,9125
11109,125,375,5375,1750,1500,9125
11110,0,375,5500,1625,1500,9000
11111,125,375,5375,1625,1500,9000
11112,0,375,5500,1625,1500,9000
11113,0,375,5375,1625,1500,8875
11114,125,375,5375,1750,1500,9125
11115,125,375,5500,1625,1500,9125
11116,0,375,5375,1625,1500,8875
11117,125,375,5250,1750,1500,9000
11118,125,500,5250,1625,1500,9000
11119,125,375,5375,1625,1500,9000
11120,125,375,5250,1625,1500,8875
11121,125,500,5375,1625,1500,9125
11122,125,375,5375,1750,1500,9125
11123,125,375,5250,1625,1500,8875
11124,125,375,5250,1625,1500,8875
11125,125,375,5500,1625,1625,9250
11126,125,375,5250,1625,1500,8875
11127,125,375,5250,1625,1375,8750
11128,125,375,5250,1750,1625,9125
11129,125,375,5375,1625,1500,9000
11130,125,375,5375,1625,1500,9000
11131,125,375,6000,2000,1625,10125
11132,125,375,5375,1625,1500,9000
11133,125,375,5375,1625,1500,9000
11134,125,375,5375,1625,1500,9000
11135,125,375,5375,1750,1625,9250
11136,125,500,5250,1625,1625,9125
11137,125,375,5375,1625,1500,9000
11138,125,375,5375,1750,1625,9250
11139,125,375,5375,1625,1500,9000
11140,125,375,5375,1750,1500,9125
11141,125,375,5250,1625,1500,8875
11142,125,375,5250,1625,1625,9000
11143,125,375,5375,1625,1625,9125
11144,125,375,5375,1750,1500,9125
11145,125,375,5375,1625,1500,9000
11146,0,375,5375,1750,1625,9125
11147,125,375,5250,1625,1500,8875
11148,125,375,5375,1750,1500,9125
11149,125,375,5250,1625,1500,8875
11150,125,375,5250,1625,1500,8875
11151,0,375,5500,1625,1500,9000
11152,125,500,5375,1625,1500,9125
11153,125,375,5250,1625,1500,8875
11154,125,375,5375,1750,1500,9125
11155,0,375,5375,1625,1625,9000
11156,125,500,5375,1750,1500,9250
11157,0,375,5375,1625,1500,8875
11158,125,375,5375,1625,1500,9000
11159,125,375,5250,1625,1500,8875
11160,125,375,5375,1750,1625,9250
11161,125,375,5250,1625,1500,8875
11162,125,375,5375,1625,1625,9125
11163,125,500,5375,1625,1500,9125
11164,125,375,5250,1625,1500,8875
11165,0,375,5250,1750,1500,8875
11166,125,375,5375,1625,1500,9000
11167,0,375,5500,1625,1500,9000
11168,125,375,5500,1750,1500,9250
11169,125,500,5375,1625,1500,9125
11170,125,375,5250,1625,1625,9000
11171,125,375,5250,1625,1500,8875
11172,125,375,5375,1625,1500,9000
11173,125,375,5250,1625,1500,8875
11174,125,375,5375,1625,1500,9000
11175,125,375,5250,1750,1625,9125
11176,125,375,5250,1625,1500,8875
11177,125,375,5250,1750,1500,9000
11178,125,375,5375,1625,1500,9000
11179,125,375,5375,1750,1500,9125
11180,125,375,5375,1750,1625,9250
11181,125,375,5250,1750,1500,9000
11182,125,375,5250,1750,1500,9000
11183,125,375,5250,1625,1500,8875
11184,125,375,5375,1750,1500,9125
11185,0,375,5500,1750,1625,9250
11186,125,375,5250,1625,1500,8875
11187,0,375,5375,1625,1500,8875
11188,125,375,5375,1625,1500,9000
11189,125,375,5375,1625,1625,9125
11190,125,375,5250,1625,1500,8875
11191,125,375,5375,1625,1500,9000
11192,125,500,5375,1625,1375,9000
11193,125,375,5250,1625,1500,8875
11194,125,375,5375,1625,1500,9000
11195,0,375,5375,1625,1500,8875
11196,0,375,5375,1750,1625,9125
11197,125,375,5250,1750,1500,9000
11198,125,375,5250,1625,1500,8875
11199,125,375,5250,1625,1500,8875
11200,125,375,5375,1625,1500,9000
11201,125,375,5375,1625,1625,9125
11202,125,375,5250,1750,1625,9125
11203,0,375,5500,1625,1375,8875
11204,0,375,5375,1625,1500,8875
11205,0,375,5500,1625,1500,9000
11206,125,375,5375,1750,1625,9250
11207,125,375,5250,1750,1500,9000
11208,125,375,5375,1750,1625,9250
11209,125,375,5375,1625,1500,9000
11210,125,375,5250,1625,1500,8875
11211,125,375,5250,1750,1375,8875
11212,125,375,5250,1625,1625,9000
11213,125,375,5375,1625,1500,9000
11214,0,375,5250,1625,1500,8750
11215,125,375,5375,1625,1500,9000
11216,125,375,5250,1625,1500,8875
11217,125,375,5375,1625,1500,9000
11218,125,375,5375,1750,1500,9125
11219,0,375,5375,1625,1500,8875
11220,0,375,5375,1750,1500,9000
11221,0,375,5375,1750,1500,9000
11222,0,375,5375,1625,1500,8875
11223,125,375,5375,1750,1625,9250
11224,125,500,5375,1750,1500,9250
11225,125,375,5375,1625,1500,9000
11226,125,375,5375,1750,1500,9125
11227,125,375,5375,1625,1500,9000
11228,125,375,5500,1625,1500,9125
11229,0,375,5375,1625,1500,8875
11230,125,375,5250,1750,1625,9125
11231,125,375,5250,1750,1625,9125
11232,125,375,5250,1625,1500,8875
11233,125,375,5250,1625,1500,8875
11234,125,375,5250,1625,1375,8750
11235,125,375,5375,1625,1500,9000
11236,0,375,5500,1750,1500,9125
11237,125,500,5375,1750,1625,9375
11238,125,375,5375,1625,1500,9000
11239,125,375,5500,1625,1500,9125
11240,0,375,5375,1750,1500,9000
11241,125,375,5250,1625,1500,8875
11242,125,375,5375,1625,1500,9000
11243,0,375,5375,1625,1625,9000
11244,125,375,5375,1750,1625,9250
11245,125,375,5250,1750,1500,9000
11246,125,375,5250,1625,1500,8875
11247,125,375,5375,1625,1375,8875
11248,125,375,5375,1750,1500,9125
11249,125,375,5375,1625,1500,9000
11250,125,375,5375,1750,1625,9250
11251,125,375,5250,1625,1500,8875
11252,125,500,5875,1750,1500,9750
11253,125,375,5500,1625,1500,9125
11254,0,375,5500,1625,1500,9000
11255,125,375,5375,1625,1500,9000
11256,125,375,5375,1750,1500,9125
11257,0,375,5375,1750,1500,9000
11258,125,375,5250,1625,1500,8875
11259,125,375,5250,1625,1500,8875
11260,125,375,5500,1625,1500,9125
11261,125,375,5375,1625,1500,9000
11262,0,375,5375,1625,1500,8875
11263,125,500,5250,1625,1500,9000
11264,125,375,5375,1750,1625,9250
11265,125,375,5375,1625,1500,9000
11266,125,375,5375,1625,1500,9000
11267,125,375,5500,1625,1500,9125
11268,125,375,5250,1625,1500,8875
11269,125,375,5375,1625,1500,9000
11270,125,375,5375,1625,1625,9125
11271,125,375,5250,1750,1500,9000
11272,125,375,5375,1625,1500,9000
11273,125,375,5250,1625,1500,8875
11274,125,375,5375,1750,1625,9250
11275,125,375,5250,1750,1500,9000
11276,125,375,5375,1750,1625,9250
11277,125,375,5375,1625,1500,9000
11278,125,500,5250,1625,1500,9000
11279,0,375,5375,1625,1500,8875
11280,125,500,5500,1625,1500,9250
11281,0,375,5250,1750,1625,9000
11282,125,375,5250,1625,1500,8875
11283,125,375,5375,1625,1500,9000
11284,125,375,5375,1625,1500,9000
11285,125,375,5375,1625,1500,9000
11286,0,375,5375,1750,1625,9125
11287,125,375,5375,1625,1625,9125
11288,125,375,5375,1750,1500,9125
11289,125,375,5375,1625,1500,9000
11290,0,375,5375,1625,1500,8875
11291,125,375,5375,1625,1625,9125
11292,125,500,5250,1625,1500,9000
11293,125,375,5500,1625,1625,9250
11294,125,375,5250,1625,1375,8750
11295,125,375,5375,1625,1500,9000
11296,125,375,5250,1750,1625,9125
11297,125,375,5375,1750,1375,9000
11298,125,375,5250,1625,1500,8875
11299,125,375,5375,1750,1500,9125
11300,0,375,5375,1625,1500,8875
11301,125,375,5375,1625,1500,9000
11302,125,375,5375,1625,1500,9000
11303,125,375,5250,1625,1500,8875
11304,125,375,5375,1750,1500,9125
11305,125,375,5375,1750,1500,9125
11306,125,500,5375,1625,1500,9125
11307,0,375,5375,1625,1500,8875
11308,125,375,5375,1625,1500,9000
11309,125,375,5375,1625,1500,9000
11310,125,375,5375,1625,1500,9000
11311,125,375,5375,1625,1500,9000
11312,125,375,5250,1625,1500,8875
11313,125,375,5375,1750,1625,9250
11314,125,375,5500,1750,1500,9250
11315,125,375,5375,1625,1500,9000
11316,125,375,5500,1750,1625,9375
11317,125,375,5250,1750,1500,9000
11318,125,375,5375,1750,1625,9250
11319,125,375,5250,1750,1625,9125
11320,125,375,5250,1625,1500,8875
11321,125,375,5250,1625,1500,8875
11322,125,375,5375,1625,1625,9125
11323,125,375,5375,1625,1500,9000
11324,125,375,5375,1625,1500,9000
11325,0,375,5375,1625,1500,8875
11326,125,375,5375,1625,1500,9000
11327,125,375,5375,1625,1500,9000
11328,125,375,5250,1625,1500,8875
11329,0,375,5500,1625,1500,9000
11330,125,500,5375,1750,1500,9250
11331,125,375,5375,1750,1500,9125
11332,0,375,5500,1625,1500,9000
11333,0,375,5250,1625,1500,8750
11334,125,375,5375,1625,1625,9125
11335,125,375,5250,1625,1500,8875
11336,125,375,5250,1750,1500,9000
11337,125,375,5250,1750,1500,9000
11338,125,375,5375,1625,1500,9000
11339,125,375,5250,1750,1500,9000
11340,0,375,5375,1750,1625,9125
11341,125,375,5500,1750,1625,9375
11342,125,375,5250,1625,1500,8875
11343,125,375,5375,1625,1500,9000
11344,0,375,5250,1625,1500,8750
11345,125,375,5375,1750,1500,9125
11346,125,375,5500,1750,1500,9250
11347,125,375,5375,1750,1500,9125
11348,125,375,5375,1625,1500,9000
11349,125,375,5375,1625,1500,9000
11350,125,375,5250,1625,1625,9000
11351,125,375,5250,1625,1500,8875
11352,125,375,5375,1750,1500,9125
11353,0,375,5375,1625,1500,8875
11354,0,375,5375,1625,1625,9000
11355,125,375,5250,1750,1625,9125
11356,125,375,5250,1625,1500,8875
11357,125,375,5375,1625,1500,9000
11358,125,375,5375,1750,1500,9125
11359,125,375,5375,1625,1625,9125
11360,125,500,5375,1750,1500,9250
11361,0,375,5375,1625,1500,8875
11362,125,375,5375,1750,1500,9125
11363,125,375,5375,1625,1500,9000
11364,0,375,5375,1750,1500,9000
11365,125,500,5375,1625,1500,9125
11366,125,375,5375,1750,1500,9125
11367,125,375,5375,1625,1500,9000
11368,0,375,5250,1625,1500,8750
11369,0,375,5375,1625,1500,8875
11370,125,500,5375,1750,1625,9375
11371,125,375,5250,1750,1500,9000
11372,125,375,5375,1750,1500,9125
11373,125,375,5375,1750,1500,9125
11374,125,375,5750,1875,1625,9750
11375,125,375,5500,1625,1500,9125
11376,125,375,5375,1625,1500,9000
11377,125,375,5375,1750,1500,9125
11378,125,375,5125,1625,1500,8750
11379,125,500,5250,1625,1500,9000
11380,125,375,5500,1625,1500,9125
11381,125,375,5375,1625,1500,9000
11382,0,375,5375,1625,1625,9000
11383,125,375,5250,1750,1500,9000
11384,0,375,5250,1625,1500,8750
11385,125,375,5250,1625,1500,8875
11386,125,375,5250,1625,1500,8875
11387,125,375,5375,1625,1500,9000
11388,125,375,6250,1875,1625,10250
11389,125,375,5625,1750,1625,9500
11390,125,375,5375,1750,1500,9125
11391,125,375,5250,1750,1625,9125
11392,125,375,5375,1625,1500,9000
11393,125,375,5500,1625,1500,9125
11394,125,500,5250,1625,1500,9000
11395,125,375,5375,1625,1500,9000
11396,125,500,5375,1750,1500,9250
11397,125,375,5375,1750,1625,9250
11398,125,375,5375,1750,1625,9250
11399,125,375,5375,1625,1500,9000
11400,125,375,5375,1625,1500,9000
11401,125,500,5375,1750,1625,9375
11402,125,375,5375,1625,1500,9000
11403,125,375,5375,1625,1500,9000
11404,125,375,5375,1750,1500,9125
11405,125,375,5375,1750,1500,9125
11406,125,375,5375,1625,1500,9000
11407,125,375,5375,1750,1625,9250
11408,125,375,5375,1750,1500,9125
11409,125,375,5375,1750,1500,9125
11410,125,375,5250,1625,1500,8875
11411,125,375,5375,1750,1625,9250
11412,0,375,5250,1750,1500,8875
11413,125,375,5250,1625,1500,8875
11414,125,375,5375,1750,1500,9125
11415,0,375,5375,1750,1625,9125
11416,125,375,5375,1750,1625,9250
11417,125,375,5250,1625,1500,8875
11418,125,500,5250,1625,1500,9000
11419,0,375,5500,1625,1500,9000
11420,125,375,5375,1625,1500,9000
11421,125,375,5375,1625,1500,9000
11422,125,375,5250,1750,1500,9000
11423,0,375,5500,1625,1500,9000
11424,125,500,5250,1625,1500,9000
11425,125,375,5375,1625,1500,9000
11426,125,375,5500,1750,1500,9250
11427,125,375,5375,1625,1500,9000
11428,125,375,5375,1625,1500,9000
11429,125,375,5375,1750,1500,9125
11430,125,375,5125,1750,1625,9000
11431,125,375,5375,1750,1500,9125
11432,125,375,5375,1750,1500,9125
11433,125,375,5250,1625,1500,8875
11434,125,375,5375,1750,1500,9125
11435,0,375,5500,1625,1500,9000
11436,125,375,5250,1625,1500,8875
11437,125,375,5375,1750,1500,9125
11438,125,375,5375,1750,1500,9125
11439,125,375,5250,1750,1500,9000
11440,125,375,5375,1750,1500,9125
11441,125,500,5250,1625,1500,9000
11442,125,375,5375,1625,1500,9000
11443,0,375,5375,1625,1625,9000
11444,125,375,5250,1625,1500,8875
11445,0,375,5375,1625,1500,8875
11446,125,375,5375,1625,1500,9000
11447,125,375,5250,1625,1500,8875
11448,125,375,5375,1625,1500,9000
11449,125,375,5500,1750,1500,9250
11450,125,375,5375,1750,1500,9125
11451,125,375,5375,1625,1500,9000
11452,125,375,5375,1750,1625,9250
11453,0,375,5250,1750,1625,9000
11454,125,375,5250,1625,1500,8875
11455,125,375,5375,1625,1500,9000
11456,125,375,5375,1750,1625,9250
11457,125,375,5375,1625,1500,9000
11458,125,375,5375,1750,1500,9125
11459,0,375,5375,1625,1500,8875
11460,125,375,5375,1750,1500,9125
11461,0,375,5375,1750,1500,9000
11462,125,375,5250,1625,1500,8875
11463,125,375,5250,1750,1625,9125
11464,125,375,5250,1625,1500,8875
11465,0,375,5500,1625,1500,9000
11466,125,375,5375,1750,1500,9125
11467,0,375,5500,1625,1625,9125
11468,125,375,5250,1750,1500,9000
11469,125,375,5250,1750,1625,9125
11470,125,375,5375,1750,1500,9125
11471,125,375,5375,1750,1500,9125
11472,125,375,5125,1625,1500,8750
11473,125,375,5500,1625,1500,9125
11474,125,375,5250,1625,1500,8875
11475,0,375,5500,1750,1625,9250
11476,125,500,5250,1625,1500,9000
11477,125,375,5375,1750,1500,9125
11478,125,375,5375,1625,1500,9000
11479,125,375,5250,1750,1500,9000
11480,0,375,5375,1625,1500,8875
11481,125,500,5375,1750,1500,9250
11482,125,375,5375,1750,1500,9125
11483,125,375,5250,1625,1500,8875
11484,125,375,5250,1750,1500,9000
11485,125,500,5375,1750,1625,9375
11486,0,375,5375,1750,1625,9125
11487,125,375,5250,1625,1500,8875
11488,0,375,5375,1750,1500,9000
11489,125,375,5375,1625,1500,9000
11490,125,375,5375,1750,1625,9250
11491,125,375,5375,1625,1500,9000
11492,125,375,5375,1750,1625,9250
11493,125,375,5375,1750,1500,9125
11494,0,375,5250,1625,1500,8750
11495,125,375,5375,1750,1500,9125
11496,125,375,6000,1875,1625,10000
11497,125,375,5500,1750,1500,9250
11498,0,375,5500,1625,1500,9000
11499,125,375,5375,1625,1625,9125
11500,125,375,5375,1625,1500,9000
11501,0,375,5375,1625,1625,9000
11502,125,375,5250,1750,1500,9000
11503,125,375,5375,1625,1500,9000
11504,125,375,5375,1750,1500,9125
11505,125,375,5250,1750,1500,9000
11506,125,375,5500,1750,1500,9250
11507,125,375,5375,1750,1625,9250
11508,125,375,5375,1625,1500,9000
11509,0,375,5375,1750,1500,9000
11510,0,375,5375,1750,1500,9000
11511,125,375,5250,1625,1500,8875
11512,125,375,5375,1625,1500,9000
11513,125,375,5375,1750,1375,9000
11514,125,375,5375,1750,1500,9125
11515,125,375,5375,1625,1500,9000
11516,125,375,5250,1625,1500,8875
11517,125,500,5375,1750,1625,9375
11518,125,375,5500,1625,1500,9125
11519,125,375,5375,1625,1500,9000
11520,125,500,5375,1750,1625,9375
11521,125,375,5250,1625,1500,8875
11522,125,500,5375,1750,1500,9250
11523,125,375,5250,1625,1625,9000
11524,125,375,5375,1750,1500,9125
11525,125,375,5375,1750,1625,9250
11526,125,375,5250,1625,1625,9000
11527,125,500,5250,1625,1500,9000
11528,125,375,5375,1750,1500,9125
11529,0,375,5375,1625,1625,9000
11530,125,375,5375,1750,1500,9125
11531,125,375,5250,1750,1500,9000
11532,125,375,5375,1625,1500,9000
11533,125,375,5375,1625,1500,9000
11534,125,375,5250,1625,1500,8875
11535,125,375,5375,1750,1500,9125
11536,125,375,5250,1750,1500,9000
11537,125,375,5250,1750,1500,9000
11538,125,500,5375,1750,1500,9250
11539,0,375,5500,1625,1500,9000
11540,125,375,5375,1625,1500,9000
11541,125,375,5500,1750,1500,9250
11542,125,375,5375,1625,1500,9000
11543,125,500,5250,1625,1500,9000
11544,125,500,5375,1750,1500,9250
11545,0,375,5375,1750,1625,9125
11546,125,375,5375,1625,1500,9000
11547,125,375,5375,1625,1500,9000
11548,0,375,5375,1750,1625,9125
11549,125,375,5250,1750,1500,9000
11550,125,375,5375,1750,1500,9125
11551,125,375,5250,1625,1625,9000
11552,125,375,5250,1625,1500,8875
11553,125,375,5375,1750,1500,9125
11554,125,375,5375,1750,1500,9125
11555,125,375,5375,1750,1625,9250
11556,125,375,5375,1625,1500,9000
11557,125,375,5250,1625,1625,9000
11558,125,375,5250,1750,1625,9125
11559,125,375,5375,1625,1500,9000
11560,125,375,5375,1625,1500,9000
11561,125,500,5250,1625,1500,9000
11562,0,375,5500,1625,1500,9000
11563,125,375,5375,1625,1500,9000
11564,125,375,5375,1750,1500,9125
11565,125,375,5375,1625,1500,9000
11566,125,375,5375,1625,1500,9000
11567,125,375,5375,1625,1500,9000
11568,125,375,5375,1750,1500,9125
11569,125,375,5375,1750,1625,9250
11570,125,375,5375,1625,1500,9000
11571,125,375,5375,1625,1500,9000
11572,125,375,5375,1625,1500,9000
11573,125,375,5250,1625,1625,9000
11574,125,375,5250,1625,1500,8875
11575,125,500,5375,1750,1500,9250
11576,125,375,5250,1625,1500,8875
11577,125,375,5250,1625,1500,8875
11578,0,375,5375,1750,1625,9125
11579,0,375,5375,1625,1500,8875
11580,125,375,5375,1625,1625,9125
11581,125,375,5375,1750,1500,9125
11582,125,375,5250,1625,1500,8875
11583,125,375,5375,1625,1500,9000
11584,125,375,5375,1625,1500,9000
11585,125,375,5375,1625,1500,9000
11586,125,375,5375,1750,1625,9250
11587,125,375,5375,1750,1500,9125
11588,125,375,5375,1750,1500,9125
11589,125,375,5375,1625,1500,9000
11590,125,375,5375,1750,1500,9125
11591,125,375,5375,1625,1500,9000
11592,125,375,5250,1625,1500,8875
11593,125,375,5250,1625,1625,9000
11594,125,375,5375,1625,1500,9000
11595,125,375,5375,1625,1500,9000
11596,125,375,5375,1625,1500,9000
11597,125,375,5375,1625,1500,9000
11598,125,375,5375,1750,1625,9250
11599,125,375,5375,1750,1500,9125
11600,125,375,5375,1750,1625,9250
11601,0,375,5375,1625,1500,8875
11602,125,375,5250,1625,1500,8875
11603,125,500,5375,1625,1625,9250
11604,125,375,5375,1625,1500,9000
11605,125,375,5375,1625,1500,9000
11606,0,375,5250,1625,1500,8750
11607,125,375,5250,1750,1500,9000
11608,125,375,5250,1750,1500,9000
11609,125,375,5500,1750,1625,9375
11610,125,375,5375,1625,1500,9000
11611,125,375,5375,1750,1625,9250
11612,125,375,5375,1625,1500,9000
11613,0,375,5375,1625,1500,8875
11614,125,375,5375,1625,1500,9000
11615,125,375,5250,1625,1500,8875
11616,125,375,5500,1625,1500,9125
11617,125,500,6000,1750,1625,10000
11618,125,375,5375,1625,1500,9000
11619,125,375,5375,1750,1375,9000
11620,125,375,5375,1625,1500,9000
11621,125,375,5250,1625,1500,8875
11622,125,375,5250,1625,1500,8875
11623,125,375,5250,1625,1500,8875
11624,125,375,5375,1625,1625,9125
11625,125,500,5250,1750,1625,9250
11626,125,375,5250,1625,1500,8875
11627,125,375,5250,1625,1625,9000
11628,125,375,5375,1750,1500,9125
11629,0,375,5375,1625,1500,8875
11630,0,375,5500,1625,1500,9000
11631,125,375,5375,1625,1500,9000
11632,125,375,5250,1750,1625,9125
11633,125,375,5250,1625,1500,8875
11634,125,375,5375,1625,1500,9000
11635,125,375,5375,1750,1500,9125
11636,0,375,5375,1625,1500,8875
11637,125,375,5250,1625,1500,8875
11638,125,375,5375,1625,1500,9000
11639,125,375,5250,1625,1500,8875
11640,125,375,5500,1750,1500,9250
11641,125,375,5250,1625,1500,8875
11642,125,375,5375,1750,1500,9125
11643,125,375,5500,1625,1500,9125
11644,125,375,5375,1625,1500,9000
11645,125,375,5375,1625,1500,9000
11646,125,500,5375,1625,1500,9125
11647,125,375,5250,1625,1500,8875
11648,125,375,5375,1750,1500,9125
11649,125,375,5250,1625,1500,8875
11650,125,375,5375,1750,1625,9250
11651,125,375,5250,1625,1500,8875
11652,125,375,5375,1750,1500,9125
11653,125,500,5375,1625,1500,9125
11654,125,375,5250,1625,1500,8875
11655,125,375,5375,1750,1500,9125
11656,125,375,5375,1625,1500,9000
11657,0,375,5500,1750,1500,9125
11658,125,375,5375,1625,1500,9000
11659,125,375,5375,1625,1625,9125
11660,125,375,5250,1625,1625,9000
11661,125,375,5375,1750,1625,9250
11662,0,375,5250,1625,1500,8750
11663,125,375,5500,1750,1500,9250
11664,125,375,5375,1625,1500,9000
11665,125,375,5375,1625,1500,9000
11666,125,375,5250,1625,1625,9000
11667,125,375,5375,1625,1500,9000
11668,125,375,5375,1625,1625,9125
11669,125,375,5250,1625,1500,8875
11670,0,375,5250,1750,1500,8875
11671,125,375,5375,1625,1500,9000
11672,125,375,5375,1625,1625,9125
11673,125,375,5125,1625,1625,8875
11674,125,375,5375,1625,1500,9000
11675,125,375,5250,1625,1625,9000
11676,0,375,5500,1625,1500,9000
11677,125,375,5250,1625,1500,8875
11678,125,375,5250,1625,1500,8875
11679,125,375,5375,1625,1500,9000
11680,125,375,5250,1750,1625,9125
11681,125,375,5250,1750,1625,9125
11682,125,500,5250,1625,1500,9000
11683,125,375,5250,1625,1500,8875
11684,125,375,5250,1625,1500,8875
11685,125,500,5375,1750,1500,9250
11686,125,375,5375,1750,1625,9250
11687,125,375,5375,1625,1500,9000
11688,125,500,5250,1750,1500,9125
11689,0,375,5375,1625,1500,8875
11690,125,375,5375,1750,1500,9125
11691,125,375,5375,1625,1500,9000
11692,125,375,5250,1625,1500,8875
11693,125,375,5375,1750,1500,9125
11694,125,375,5375,1750,1625,9250
11695,125,500,5250,1625,1500,9000
11696,125,375,5375,1625,1500,9000
11697,125,375,5250,1625,1500,8875
11698,125,375,5375,1750,1500,9125
11699,125,375,5375,1750,1500,9125
11700,125,375,5375,1750,1500,9125
11701,0,375,5375,1625,1500,8875
11702,125,375,5250,1625,1500,8875
11703,125,375,5375,1625,1500,9000
11704,125,375,5375,1750,1625,9250
11705,125,375,5250,1625,1500,8875
11706,125,500,5250,1750,1500,9125
11707,125,375,5250,1625,1375,8750
11708,125,375,5375,1625,1500,9000
11709,0,375,5375,1625,1500,8875
11710,125,375,5250,1625,1500,8875
11711,125,375,5250,1625,1500,8875
11712,0,375,5375,1625,1500,8875
11713,125,375,5375,1750,1625,9250
11714,125,375,5250,1625,1500,8875
11715,125,375,5250,1625,1500,8875
11716,0,375,5375,1750,1500,9000
11717,0,375,5250,1625,1625,8875
11718,0,375,5375,1750,1500,9000
11719,125,375,5375,1625,1500,9000
11720,125,500,5375,1750,1500,9250
11721,125,375,5375,1750,1500,9125
11722,125,375,5250,1625,1500,8875
11723,125,375,5375,1625,1500,9000
11724,125,375,5375,1625,1625,9125
11725,125,375,5375,1625,1500,9000
11726,125,375,5375,1750,1500,9125
11727,125,375,5375,1625,1500,9000
11728,125,375,5375,1750,1500,9125
11729,125,375,5125,1625,1500,8750
11730,125,500,5375,1750,1500,9250
11731,125,375,5250,1750,1625,9125
11732,125,375,6000,1750,1500,9750
11733,125,500,5625,1625,1625,9500
11734,125,500,5375,1750,1625,9375
11735,0,375,5500,1625,1500,9000
11736,125,375,5250,1625,1625,9000
11737,125,375,5375,1625,1500,9000
11738,125,375,6125,1875,1625,10125
11739,125,375,5500,1750,1500,9250
11740,125,375,5375,1750,1500,9125
11741,125,375,5375,1750,1500,9125
11742,125,375,5250,1750,1500,9000
11743,125,375,5375,1625,1500,9000
11744,125,375,5375,1625,1500,9000
11745,125,375,5250,1625,1500,8875
11746,0,375,5500,1625,1375,8875
11747,0,375,5375,1750,1500,9000
11748,125,375,5375,1625,1500,9000
11749,125,375,5375,1625,1500,9000
11750,125,375,5250,1625,1500,8875
11751,0,375,5375,1625,1625,9000
11752,125,375,5250,1625,1500,8875
11753,125,375,5500,1625,1500,9125
11754,125,375,5375,1625,1625,9125
11755,0,375,5250,1625,1500,8750
11756,125,375,5375,1750,1625,9250
11757,125,375,5375,1750,1625,9250
11758,125,375,5250,1625,1500,8875
11759,0,375,5250,1750,1500,8875
11760,125,375,5500,1625,1500,9125
11761,125,375,5375,1750,1625,9250
11762,125,375,5250,1625,1500,8875
11763,125,375,5375,1750,1625,9250
11764,125,500,5250,1625,1500,9000
11765,125,500,5375,1625,1625,9250
11766,125,375,5375,1625,1500,9000
11767,0,375,5375,1625,1500,8875
11768,125,375,5250,1625,1625,9000
11769,125,375,5250,1625,1500,8875
11770,125,375,5500,1625,1500,9125
11771,125,375,5375,1625,1375,8875
11772,0,375,5375,1750,1500,9000
11773,125,375,5250,1625,1500,8875
11774,125,375,5250,1625,1625,9000
11775,0,375,5375,1750,1500,9000
11776,125,500,5375,1625,1625,9250
11777,125,375,5250,1750,1500,9000
11778,125,375,5375,1750,1500,9125
11779,0,375,5375,1625,1625,9000
11780,125,500,5375,1625,1500,9125
11781,125,375,5500,1750,1500,9250
11782,125,375,5375,1625,1500,9000
11783,125,375,5375,1625,1500,9000
11784,125,375,5375,1625,1500,9000
11785,125,375,5375,1625,1500,9000
11786,125,500,5250,1625,1625,9125
11787,125,500,5375,1625,1500,9125
11788,125,375,5250,1625,1500,8875
11789,125,375,5250,1625,1500,8875
11790,125,500,5375,1625,1500,9125
11791,125,375,5375,1625,1500,9000
11792,125,500,5375,1625,1500,9125
11793,0,375,5375,1625,1500,8875
11794,125,375,5375,1750,1500,9125
11795,125,375,5375,1625,1625,9125
11796,125,375,5375,1750,1625,9250
11797,125,375,5375,1625,1500,9000
11798,0,375,5375,1750,1500,9000
11799,125,375,5375,1625,1500,9000
11800,125,375,5375,1750,1500,9125
11801,125,375,5375,1625,1500,9000
11802,125,375,5375,1750,1500,9125
11803,125,375,5375,1625,1500,9000
11804,125,375,5375,1750,1500,9125
11805,125,375,5375,1750,1500,9125
11806,125,375,5375,1625,1500,9000
11807,125,375,5375,1625,1500,9000
11808,125,500,5375,1625,1500,9125
11809,125,375,5375,1750,1625,9250
11810,125,375,5250,1625,1500,8875
11811,125,500,5375,1625,1500,9125
11812,125,375,5375,1625,1625,9125
11813,0,375,5375,1625,1500,8875
11814,125,375,5250,1625,1500,8875
11815,125,500,5250,1750,1625,9250
11816,125,375,5250,1625,1500,8875
11817,125,375,5250,1750,1625,9125
11818,125,375,5250,1625,1500,8875
11819,125,375,5250,1625,1500,8875
11820,125,500,5250,1625,1500,9000
11821,125,375,5375,1625,1500,9000
11822,125,375,5375,1625,1500,9000
11823,125,500,5375,1625,1500,9125
11824,125,375,5250,1625,1500,8875
11825,125,375,5250,1625,1500,8875
11826,125,375,5250,1625,1500,8875
11827,125,375,5250,1625,1625,9000
11828,125,375,5250,1625,1500,8875
11829,125,375,5250,1625,1500,8875
11830,125,375,5375,1750,1625,9250
11831,125,375,5375,1625,1500,9000
11832,125,375,5375,1625,1500,9000
11833,125,375,5250,1625,1500,8875
11834,125,375,5250,1625,1500,8875
11835,125,375,5375,1625,1500,9000
11836,125,500,5250,1625,1500,9000
11837,125,375,5250,1625,1500,8875
11838,125,375,5375,1625,1500,9000
11839,125,375,5250,1625,1625,9000
11840,125,375,5375,1625,1500,9000
11841,125,375,5250,1625,1500,8875
11842,125,375,5250,1625,1500,8875
11843,125,375,5375,1625,1500,9000
11844,125,375,5250,1625,1500,8875
11845,125,375,5375,1625,1500,9000
11846,125,500,5375,1625,1500,9125
11847,125,375,5250,1625,1500,8875
11848,125,375,5375,1625,1500,9000
11849,125,500,5375,1750,1500,9250
11850,0,375,5375,1750,1500,9000
11851,125,375,5375,1625,1500,9000
11852,125,375,5250,1625,1500,8875
11853,125,375,5375,1625,1500,9000
11854,125,375,5250,1750,1625,9125
11855,125,375,5250,1750,1500,9000
11856,0,375,5375,1625,1500,8875
11857,125,375,5250,1625,1500,8875
11858,0,375,5375,1625,1500,8875
11859,125,375,5375,1625,1500,9000
11860,125,375,5875,1750,1500,9625
11861,125,375,5500,1750,1500,9250
11862,125,375,5375,1750,1500,9125
11863,125,375,5375,1625,1500,9000
11864,125,375,5250,1625,1500,8875
11865,125,375,5375,1750,1500,9125
11866,125,375,5375,1750,1625,9250
11867,125,375,5250,1625,1500,8875
11868,125,375,5375,1750,1500,9125
11869,125,500,5250,1625,1625,9125
11870,125,375,5250,1625,1500,8875
11871,125,375,5250,1750,1625,9125
11872,125,375,5250,1625,1500,8875
11873,125,375,5250,1750,1500,9000
11874,125,375,5375,1625,1500,9000
11875,125,375,5250,1625,1500,8875
11876,125,375,5500,1625,1500,9125
11877,125,375,5500,1625,1500,9125
11878,125,375,5250,1625,1500,8875
11879,125,375,5250,1625,1500,8875
11880,125,375,5250,1750,1625,9125
11881,125,375,5250,1625,1625,9000
11882,125,375,5500,1750,1500,9250
11883,125,500,5375,1750,1500,9250
11884,125,375,5375,1750,1500,9125
11885,125,375,5375,1625,1500,9000
11886,125,375,5250,1625,1500,8875
11887,125,375,5375,1625,1500,9000
11888,125,375,5375,1750,1500,9125
11889,0,375,5500,1750,1500,9125
11890,0,375,5375,1625,1500,8875
11891,125,375,5375,1750,1500,9125
11892,125,375,5375,1625,1500,9000
11893,125,375,5375,1625,1500,9000
11894,125,375,5375,1625,1500,9000
11895,125,375,5375,1750,1500,9125
11896,0,375,5375,1750,1500,9000
11897,0,375,5500,1750,1500,9125
11898,125,375,5250,1750,1625,9125
11899,125,375,5250,1625,1500,8875
11900,125,375,5250,1625,1500,8875
11901,125,375,5125,1625,1500,8750
11902,125,375,5375,1625,1500,9000
11903,125,375,5375,1625,1500,9000
11904,0,375,5250,1625,1500,8750
11905,125,375,5375,1625,1500,9000
11906,125,375,5250,1750,1500,9000
11907,125,375,5125,1625,1500,8750
11908,0,375,5500,1625,1500,9000
11909,125,500,5375,1750,1500,9250
11910,125,375,5375,1750,1500,9125
11911,0,375,5375,1625,1500,8875
11912,125,375,5250,1750,1625,9125
11913,0,375,5375,1625,1500,8875
11914,125,375,5250,1625,1500,8875
11915,125,500,5250,1625,1500,9000
11916,125,375,5250,1625,1500,8875
11917,0,375,5250,1625,1500,8750
11918,125,500,5375,1625,1500,9125
11919,0,375,5375,1750,1500,9000
11920,125,375,5375,1625,1500,9000
11921,0,375,5125,1625,1500,8625
11922,125,375,5375,1625,1625,9125
11923,125,375,5250,1625,1625,9000
11924,125,500,5375,1750,1500,9250
11925,125,375,5375,1625,1500,9000
11926,125,375,5375,1625,1500,9000
11927,125,375,5375,1625,1500,9000
11928,125,375,5375,1750,1625,9250
11929,125,375,5250,1625,1625,9000
11930,125,375,5250,1625,1500,8875
11931,125,500,5250,1625,1500,9000
11932,0,375,5375,1750,1500,9000
11933,125,375,5250,1625,1500,8875
11934,125,375,5250,1625,1625,9000
11935,125,375,5250,1750,1500,9000
11936,125,375,5500,1750,1625,9375
11937,125,375,5375,1625,1500,9000
11938,0,375,5500,1625,1500,9000
11939,125,375,5375,1750,1500,9125
11940,125,375,5375,1750,1625,9250
11941,125,375,5375,1750,1625,9250
11942,125,375,5375,1750,1500,9125
11943,125,375,5500,1750,1500,9250
11944,0,375,5375,1750,1500,9000
11945,0,375,5500,1750,1500,9125
11946,125,375,5375,1750,1625,9250
11947,125,375,5250,1750,1500,9000
11948,125,375,5375,1625,1500,9000
11949,125,500,5375,1625,1500,9125
11950,125,375,5250,1625,1500,8875
11951,125,500,5375,1625,1500,9125
11952,0,375,5375,1625,1625,9000
11953,125,375,5250,1750,1500,9000
11954,125,375,5250,1625,1500,8875
11955,125,375,5375,1750,1500,9125
11956,0,375,5375,1625,1500,8875
11957,125,375,5375,1750,1500,9125
11958,0,375,5375,1750,1500,9000
11959,0,375,5375,1750,1500,9000
11960,125,375,5375,1750,1625,9250
11961,0,375,5250,1625,1500,8750
11962,0,375,5375,1750,1500,9000
11963,125,375,5375,1625,1500,9000
11964,125,375,5375,1625,1500,9000
11965,125,375,5250,1625,1500,8875
11966,125,375,5250,1750,1500,9000
11967,125,375,5375,1750,1625,9250
11968,125,375,5250,1750,1500,9000
11969,0,375,5250,1625,1500,8750
11970,125,375,5250,1750,1500,9000
11971,125,375,5375,1750,1500,9125
11972,125,375,5375,1750,1500,9125
11973,125,375,5250,1625,1500,8875
11974,125,375,5375,1625,1625,9125
11975,125,375,5250,1750,1625,9125
11976,125,375,5250,1625,1500,8875
11977,125,375,5250,1625,1500,8875
11978,125,375,5375,1625,1500,9000
11979,125,500,5250,1625,1500,9000
11980,125,375,5250,1625,1500,8875
11981,125,500,5875,1750,1625,9875
11982,125,500,5500,1625,1500,9250
11983,125,500,5500,1625,1500,9250
11984,0,375,5375,1750,1500,9000
11985,125,375,5375,1625,1500,9000
11986,125,375,5250,1625,1625,9000
11987,125,375,5375,1750,1500,9125
11988,0,375,5375,1750,1500,9000
11989,125,375,5375,1750,1500,9125
11990,125,375,5375,1625,1500,9000
11991,125,500,5375,1750,1625,9375
11992,125,375,5375,1750,1625,9250
11993,125,375,5250,1625,1500,8875
11994,125,375,5375,1625,1500,9000
11995,125,375,5375,1625,1500,9000
11996,125,375,5375,1625,1500,9000
11997,125,375,5375,1750,1625,9250
11998,125,375,5375,1625,1500,9000
11999,125,375,5250,1625,1500,8875
12000,125,375,5375,1625,1500,9000
12001,125,375,5375,1625,1500,9000
12002,125,375,5375,1750,1625,9250
12003,125,375,5375,1625,1500,9000
12004,125,375,5375,1750,1500,9125
12005,125,375,5250,1750,1625,9125
12006,125,375,5250,1625,1500,8875
12007,125,375,5375,1750,1500,9125
12008,125,375,5375,1625,1500,9000
12009,125,375,5375,1625,1500,9000
12010,125,500,5375,1625,1500,9125
12011,125,375,5500,1625,1500,9125
12012,125,375,5250,1750,1500,9000
12013,125,375,5375,1625,1500,9000
12014,125,375,5375,1750,1625,9250
12015,125,500,5375,1625,1500,9125
12016,125,375,5375,1625,1500,9000
12017,125,375,5375,1750,1500,9125
12018,0,375,5375,1625,1500,8875
12019,125,375,5250,1625,1500,8875
12020,125,375,5375,1625,1500,9000
12021,125,500,5375,1750,1625,9375
12022,125,375,5375,1750,1625,9250
12023,125,375,5375,1750,1500,9125
12024,0,375,5375,1625,1500,8875
12025,125,375,5375,1625,1500,9000
12026,0,375,5250,1625,1500,8750
12027,125,375,5375,1625,1500,9000
12028,125,500,5375,1750,1500,9250
12029,125,375,5500,1625,1500,9125
12030,125,375,5375,1750,1500,9125
12031,125,375,5250,1750,1625,9125
12032,125,375,5375,1625,1625,9125
12033,125,375,5250,1750,1500,9000
12034,0,375,5375,1750,1625,9125
12035,125,375,5250,1750,1500,9000
12036,125,500,5375,1625,1500,9125
12037,125,375,5375,1750,1500,9125
12038,125,500,5250,1750,1500,9125
12039,125,375,5375,1625,1500,9000
12040,125,375,5375,1625,1500,9000
12041,125,375,5375,1625,1500,9000
12042,125,375,5500,1625,1500,9125
12043,125,375,5375,1750,1625,9250
12044,125,375,5250,1625,1500,8875
12045,125,375,5250,1625,1500,8875
12046,125,375,5375,1625,1500,9000
12047,0,375,5500,1625,1500,9000
12048,125,375,5500,1625,1500,9125
12049,125,375,5375,1625,1500,9000
12050,125,500,5375,1625,1500,9125
12051,125,500,5375,1625,1500,9125
12052,125,375,5250,1625,1500,8875
12053,125,375,5250,1750,1625,9125
12054,125,500,5250,1625,1500,9000
12055,125,500,5250,1750,1625,9250
12056,125,375,5500,1750,1500,9250
12057,125,500,5375,1750,1625,9375
12058,125,375,5375,1750,1500,9125
12059,0,375,5375,1625,1500,8875
12060,125,375,5375,1625,1625,9125
12061,125,375,5250,1625,1500,8875
12062,125,375,5375,1625,1625,9125
12063,125,375,5250,1625,1625,9000
12064,125,375,5250,1625,1500,8875
12065,125,375,5375,1750,1625,9250
12066,125,375,5375,1750,1500,9125
12067,125,375,5250,1625,1500,8875
12068,125,375,5375,1750,1500,9125
12069,0,375,5375,1625,1625,9000
12070,125,375,5250,1625,1500,8875
12071,125,375,5250,1750,1500,9000
12072,125,375,5375,1625,1500,9000
12073,125,375,5375,1750,1625,9250
12074,125,375,5250,1750,1500,9000
12075,125,375,5375,1625,1750,9250
12076,125,375,6000,1750,1500,9750
12077,125,375,5500,1750,1625,9375
12078,0,375,5375,1625,1500,8875
12079,125,375,5375,1750,1500,9125
12080,0,375,5375,1625,1500,8875
12081,125,375,5375,1625,1500,9000
12082,125,375,5375,1750,1500,9125
12083,125,375,5250,1625,1500,8875
12084,125,375,5375,1750,1500,9125
12085,125,375,5375,1625,1500,9000
12086,125,375,5375,1750,1500,9125
12087,125,375,5250,1625,1500,8875
12088,125,500,5375,1750,1500,9250
12089,125,375,5500,1625,1500,9125
12090,125,375,5375,1750,1500,9125
12091,125,375,5375,1750,1500,9125
12092,125,500,5250,1625,1500,9000
12093,125,500,5250,1625,1500,9000
12094,125,375,5375,1625,1500,9000
12095,125,500,5250,1500,1500,8875
12096,0,375,5375,1625,1375,8750
12097,125,375,5250,1750,1625,9125
12098,125,375,5375,1750,1500,9125
12099,0,375,5375,1625,1500,8875
12100,125,375,5375,1750,1625,9250
12101,125,375,5375,1625,1500,9000
12102,125,375,5250,1625,1500,8875
12103,125,375,6125,1875,1500,10000
12104,125,375,5625,1750,1625,9500
12105,125,375,5375,1625,1500,9000
12106,125,375,5375,1625,1500,9000
12107,125,375,5250,1625,1500,8875
12108,125,375,5375,1625,1500,9000
12109,0,375,5375,1625,1625,9000
12110,125,375,5250,1625,1500,8875
12111,125,375,5250,1625,1500,8875
12112,125,375,5250,1625,1500,8875
12113,125,375,5375,1750,1500,9125
12114,0,375,5250,1750,1500,8875
12115,0,375,5250,1625,1500,8750
12116,125,375,5500,1625,1500,9125
12117,125,375,5375,1750,1500,9125
12118,125,375,5500,1625,1500,9125
12119,125,375,5250,1625,1500,8875
12120,0,375,5250,1750,1500,8875
12121,0,375,5250,1625,1500,8750
12122,125,375,5375,1625,1500,9000
12123,125,375,5250,1625,1500,8875
12124,125,375,5250,1750,1500,9000
12125,125,375,5375,1750,1500,9125
12126,125,375,5250,1625,1500,8875
12127,125,375,5375,1750,1500,9125
12128,125,375,5375,1625,1500,9000
12129,125,375,5250,1625,1500,8875
12130,125,375,5250,1625,1500,8875
12131,125,375,5250,1625,1625,9000
12132,125,500,5375,1750,1625,9375
12133,0,375,5375,1625,1500,8875
12134,125,375,5375,1625,1500,9000
12135,125,500,5375,1625,1500,9125
12136,125,375,5375,1625,1500,9000
12137,125,375,5250,1625,1375,8750
12138,125,375,5250,1625,1500,8875
12139,125,375,5375,1625,1500,9000
12140,0,375,5375,1750,1500,9000
12141,125,375,5375,1750,1500,9125
12142,125,375,5250,1625,1500,8875
12143,0,375,5500,1625,1500,9000
12144,125,375,5375,1625,1500,9000
12145,125,500,5375,1750,1500,9250
12146,125,375,5375,1625,1500,9000
12147,125,375,5375,1625,1500,9000
12148,125,375,5375,1625,1500,9000
12149,125,375,5375,1750,1500,9125
12150,125,375,5500,1625,1500,9125
12151,0,375,5250,1750,1625,9000
12152,125,375,5375,1625,1625,9125
12153,125,500,5375,1625,1500,9125
12154,125,375,5375,1750,1500,9125
12155,125,375,5500,1625,1500,9125
12156,125,500,5250,1625,1500,9000
12157,125,375,5375,1750,1500,9125
12158,125,375,5375,1750,1500,9125
12159,125,500,5250,1625,1625,9125
12160,0,375,5375,1625,1500,8875
12161,125,375,5250,1750,1625,9125
12162,125,375,5250,1625,1500,8875
12163,125,500,5375,1625,1500,9125
12164,125,375,5375,1750,1500,9125
12165,125,375,5375,1750,1500,9125
12166,125,375,5250,1750,1500,9000
12167,125,375,5250,1625,1500,8875
12168,125,375,5375,1625,1500,9000
12169,125,375,5250,1625,1500,8875
12170,125,375,5375,1625,1500,9000
12171,125,375,5250,1625,1500,8875
12172,125,375,5375,1750,1625,9250
12173,125,375,5375,1750,1500,9125
12174,125,375,5375,1625,1500,9000
12175,125,375,5250,1625,1625,9000
12176,125,375,5250,1625,1500,8875
12177,125,375,5250,1625,1500,8875
12178,125,500,5250,1625,1500,9000
12179,125,375,5375,1625,1500,9000
12180,125,375,5250,1625,1500,8875
12181,125,375,5250,1750,1625,9125
12182,125,375,5250,1625,1625,9000
12183,125,375,5250,1625,1500,8875
12184,0,375,5375,1625,1500,8875
12185,125,375,5250,1625,1500,8875
12186,0,375,5375,1625,1500,8875
12187,125,375,5375,1750,1500,9125
12188,0,375,5500,1625,1500,9000
12189,0,375,5375,1625,1500,8875
12190,125,375,5250,1625,1500,8875
12191,125,375,5250,1625,1500,8875
12192,125,375,5375,1625,1500,9000
12193,125,500,5375,1625,1625,9250
12194,125,500,5375,1625,1500,9125
12195,125,375,5375,1750,1500,9125
12196,125,375,5375,1625,1625,9125
12197,125,375,5375,1625,1500,9000
12198,125,500,5375,1750,1500,9250
12199,125,375,5250,1625,1625,9000
12200,125,375,5250,1625,1500,8875
12201,125,375,5250,1625,1500,8875
12202,125,375,5250,1625,1500,8875
12203,125,375,5375,1625,1500,9000
12204,0,375,5375,1625,1625,9000
12205,125,375,5500,1750,1500,9250
12206,125,375,5375,1750,1625,9250
12207,125,375,5250,1625,1500,8875
12208,125,375,5375,1750,1625,9250
12209,125,500,5375,1625,1625,9250
12210,125,375,5375,1750,1500,9125
12211,125,375,5250,1750,1500,9000
12212,125,375,5250,1625,1625,9000
12213,125,375,5375,1750,1500,9125
12214,125,375,5250,1625,1625,9000
12215,125,375,5375,1625,1500,9000
12216,125,375,5250,1625,1625,9000
12217,125,375,5250,1750,1625,9125
12218,125,375,5250,1750,1500,9000
12219,125,375,5250,1625,1500,8875
12220,125,375,5250,1625,1500,8875
12221,125,375,5375,1625,1500,9000
12222,125,500,5375,1625,1500,9125
12223,125,375,5250,1625,1500,8875
12224,125,375,5875,1875,1500,9750
12225,125,375,5500,1625,1625,9250
12226,125,375,5500,1750,1625,9375
12227,125,375,5375,1750,1625,9250
12228,0,375,5500,1625,1500,9000
12229,0,375,5500,1750,1625,9250
12230,125,375,5250,1750,1625,9125
12231,125,375,5250,1625,1500,8875
12232,125,375,5375,1750,1500,9125
12233,125,375,5375,1625,1500,9000
12234,125,500,5375,1625,1500,9125
12235,125,375,5375,1625,1625,9125
12236,125,375,5250,1750,1625,9125
12237,125,500,5250,1625,1500,9000
12238,125,375,5250,1625,1500,8875
12239,125,375,5500,1625,1500,9125
12240,125,375,5375,1750,1500,9125
12241,125,375,5375,1625,1500,9000
12242,125,375,5375,1625,1500,9000
12243,125,375,5250,1750,1500,9000
12244,0,375,5375,1625,1500,8875
12245,125,375,5375,1500,1500,8875
12246,125,375,5375,1625,1625,9125
12247,125,375,5250,1750,1500,9000
12248,0,375,5250,1625,1500,8750
12249,125,375,5500,1750,1625,9375
12250,125,375,5375,1625,1500,9000
12251,125,375,5250,1625,1500,8875
12252,125,375,5375,1750,1500,9125
12253,125,375,5375,1625,1500,9000
12254,125,375,5375,1750,1500,9125
12255,125,375,5250,1625,1500,8875
12256,125,375,5375,1625,1500,9000
12257,125,500,5250,1625,1625,9125
12258,125,375,5375,1625,1500,9000
12259,125,375,5375,1625,1625,9125
12260,125,375,5375,1750,1625,9250
12261,0,375,5375,1625,1500,8875
12262,125,500,5375,1750,1500,9250
12263,125,375,5375,1750,1500,9125
12264,125,375,5375,1750,1500,9125
12265,125,375,5250,1625,1625,9000
12266,125,375,5375,1750,1625,9250
12267,0,375,5375,1750,1500,9000
12268,125,500,5375,1750,1500,9250
12269,125,375,5375,1750,1500,9125
12270,125,375,5375,1625,1500,9000
12271,0,375,5375,1625,1500,8875
12272,125,375,5375,1750,1625,9250
12273,125,375,5375,1625,1500,9000
12274,0,375,5375,1625,1500,8875
12275,0,375,5250,1625,1500,8750
12276,125,375,5375,1750,1625,9250
12277,125,375,5375,1750,1625,9250
12278,125,375,5250,1750,1625,9125
12279,125,375,5250,1625,1500,8875
12280,125,375,5375,1625,1500,9000
12281,125,375,5250,1750,1500,9000
12282,125,375,5250,1750,1500,9000
12283,125,375,5250,1625,1500,8875
12284,0,375,5500,1625,1500,9000
12285,125,375,5250,1625,1500,8875
12286,125,375,5375,1625,1500,9000
12287,125,375,5375,1750,1500,9125
12288,125,375,5250,1625,1500,8875
12289,125,500,5250,1625,1625,9125
12290,125,375,5375,1625,1500,9000
12291,125,375,5375,1750,1500,9125
12292,125,375,5250,1625,1500,8875
12293,125,500,5375,1625,1500,9125
12294,125,375,5250,1625,1500,8875
12295,125,500,5375,1750,1500,9250
12296,125,375,5375,1625,1500,9000
12297,125,375,5375,1625,1500,9000
12298,125,375,5375,1625,1625,9125
12299,125,375,5250,1750,1625,9125
12300,125,375,5375,1750,1500,9125
12301,0,375,5250,1625,1500,8750
12302,125,500,5375,1750,1500,9250
12303,125,375,5375,1625,1500,9000
12304,125,375,5250,1750,1625,9125
12305,0,375,5375,1625,1500,8875
12306,125,375,5375,1750,1500,9125
12307,0,375,5375,1625,1500,8875
12308,125,375,5375,1750,1625,9250
12309,125,375,5375,1750,1500,9125
12310,125,375,5250,1750,1500,9000
12311,125,375,5375,1750,1375,9000
12312,0,375,5375,1625,1500,8875
12313,125,375,5375,1750,1500,9125
12314,125,375,5375,1750,1500,9125
12315,0,375,5500,1625,1500,9000
12316,125,375,5375,1625,1500,9000
12317,125,375,5250,1625,1500,8875
12318,125,375,5375,1750,1625,9250
12319,125,375,5250,1625,1500,8875
12320,125,375,5250,1625,1500,8875
12321,125,500,5375,1625,1500,9125
12322,125,375,5375,1750,1500,9125
12323,125,375,5375,1750,1500,9125
12324,0,375,5375,1625,1500,8875
12325,125,375,5250,1750,1500,9000
12326,125,375,5375,1625,1500,9000
12327,0,375,5375,1625,1500,8875
12328,125,375,5375,1750,1500,9125
12329,125,375,5375,1750,1500,9125
12330,125,375,5250,1625,1500,8875
12331,125,375,5250,1750,1500,9000
12332,125,375,5375,1625,1500,9000
12333,125,500,5250,1625,1500,9000
12334,125,375,5250,1625,1500,8875
12335,125,375,5375,1750,1500,9125
12336,0,375,5375,1625,1500,8875
12337,125,375,5250,1750,1625,9125
12338,125,375,5375,1750,1500,9125
12339,125,375,5375,1750,1500,9125
12340,125,375,5375,1625,1500,9000
12341,125,375,5500,1625,1500,9125
12342,125,375,5375,1625,1500,9000
12343,125,375,5250,1625,1500,8875
12344,125,375,5375,1625,1500,9000
12345,125,375,5875,1750,1625,9750
12346,0,375,5625,1750,1625,9375
12347,125,375,5375,1750,1625,9250
12348,125,500,5375,1625,1625,9250
12349,125,375,5250,1625,1500,8875
12350,125,375,5375,1625,1500,9000
12351,125,375,5250,1625,1500,8875
12352,125,375,5250,1625,1500,8875
12353,125,500,5250,1625,1500,9000
12354,125,500,5250,1625,1500,9000
12355,125,375,5250,1625,1500,8875
12356,125,375,5250,1625,1500,8875
12357,125,375,5375,1625,1500,9000
12358,125,375,5375,1625,1500,9000
12359,125,375,5375,1625,1500,9000
12360,125,375,5375,1625,1625,9125
12361,125,375,5375,1750,1625,9250
12362,125,375,5375,1625,1500,9000
12363,125,375,5250,1625,1625,9000
12364,125,375,5375,1750,1500,9125
12365,125,375,5250,1750,1625,9125
12366,125,375,5375,1625,1625,9125
12367,0,375,5375,1625,1500,8875
12368,125,375,5500,1625,1500,9125
12369,125,375,5250,1750,1500,9000
12370,125,375,5250,1625,1500,8875
12371,125,375,5375,1625,1625,9125
12372,125,375,5375,1625,1500,9000
12373,125,375,5375,1750,1500,9125
12374,125,375,5500,1625,1500,9125
12375,125,375,5375,1750,1375,9000
12376,125,375,5250,1625,1500,8875
12377,125,375,5250,1625,1500,8875
12378,125,500,5375,1625,1500,9125
12379,125,375,5375,1750,1500,9125
12380,0,375,5375,1625,1625,9000
12381,125,375,5250,1625,1500,8875
12382,0,375,5375,1750,1625,9125
12383,0,375,5250,1625,1625,8875
12384,125,375,5250,1625,1500,8875
12385,125,375,5250,1625,1500,8875
12386,125,500,5250,1625,1500,9000
12387,125,375,5250,1625,1500,8875
12388,125,375,5375,1750,1500,9125
12389,125,375,5375,1625,1500,9000
12390,125,375,5250,1750,1625,9125
12391,125,500,5375,1750,1500,9250
12392,125,375,5375,1625,1500,9000
12393,0,375,5500,1625,1500,9000
12394,125,375,5250,1625,1500,8875
12395,125,375,5375,1750,1500,9125
12396,125,375,5375,1625,1500,9000
12397,125,500,5250,1625,1500,9000
12398,125,375,5250,1750,1500,9000
12399,0,375,5375,1625,1625,9000
12400,125,375,5250,1750,1625,9125
12401,125,375,5375,1625,1500,9000
12402,125,375,5375,1625,1500,9000
12403,125,500,5375,1625,1500,9125
12404,125,375,5375,1750,1500,9125
12405,125,375,5375,1625,1625,9125
12406,125,375,5375,1750,1625,9250
12407,125,375,5375,1625,1625,9125
12408,125,375,5375,1625,1500,9000
12409,125,375,5375,1625,1500,9000
12410,125,500,5500,1750,1500,9375
12411,125,375,5375,1625,1500,9000
12412,125,375,5500,1625,1500,9125
12413,125,500,5375,1750,1500,9250
12414,125,375,5500,1625,1625,9250
12415,125,375,5250,1625,1500,8875
12416,125,375,5250,1625,1500,8875
12417,125,375,5250,1625,1500,8875
12418,0,375,5375,1625,1500,8875
12419,125,375,5250,36750,1625,44125
12420,125,375,7000,1750,1750,11000
12421,125,375,6750,1750,1625,10625
12422,125,375,5375,1750,1500,9125
12423,0,375,5375,1625,1500,8875
12424,125,375,5375,1625,1500,9000
12425,125,500,5375,1625,1500,9125
12426,125,375,5250,1750,1500,9000
12427,125,375,5375,1625,1625,9125
12428,125,375,5250,1625,1500,8875
12429,125,375,5250,1625,1500,8875
12430,125,375,5250,1625,1625,9000
12431,0,375,5500,1750,1625,9250
12432,125,375,5375,1625,1500,9000
12433,125,375,5375,1625,1500,9000
12434,0,375,5375,1625,1500,8875
12435,125,375,5250,1625,1500,8875
12436,125,375,5375,1750,1625,9250
12437,125,375,5250,1750,1500,9000
12438,125,375,5375,1625,1500,9000
12439,125,375,5375,1750,1500,9125
12440,0,375,5500,1625,1625,9125
12441,125,375,5500,1625,1500,9125
12442,125,500,5250,1625,1500,9000
12443,125,375,5250,1750,1625,9125
12444,125,375,5250,1625,1500,8875
12445,125,500,5375,1750,1500,9250
12446,125,375,5375,1625,1500,9000
12447,125,375,5375,1750,1625,9250
12448,125,500,5375,1625,1500,9125
12449,125,375,5500,1750,1625,9375
12450,125,375,5375,1625,1500,9000
12451,125,375,5375,1750,1500,9125
12452,0,375,5375,1625,1375,8750
12453,125,375,5375,1625,1500,9000
12454,125,375,5250,1625,1500,8875
12455,125,375,5250,1625,1625,9000
12456,125,375,5375,1625,1500,9000
12457,0,375,5250,1750,1625,9000
12458,0,375,5250,1750,1625,9000
12459,125,375,5375,1750,1500,9125
12460,0,375,5375,1625,1500,8875
12461,125,375,5250,1625,1500,8875
12462,125,375,5375,1625,1500,9000
12463,125,375,5375,1750,1625,9250
12464,125,500,5375,1625,1500,9125
12465,125,375,5375,1750,1500,9125
12466,125,375,5375,1625,1500,9000
12467,125,375,6125,1750,1625,10000
12468,125,375,5500,1625,1500,9125
12469,125,375,5375,1625,1500,9000
12470,125,375,5375,1625,1500,9000
12471,125,375,5375,1625,1500,9000
12472,125,375,5250,1625,1500,8875
12473,125,375,5375,1625,1500,9000
12474,125,375,5375,1750,1625,9250
12475,0,375,5500,1750,1500,9125
12476,125,375,5250,1750,1625,9125
12477,125,375,5375,1750,1500,9125
12478,125,375,5250,1625,1500,8875
12479,125,375,5500,1750,1625,9375
12480,125,375,5250,1625,1625,9000
12481,125,375,5250,1750,1500,9000
12482,125,375,5250,1750,1500,9000
12483,125,375,5250,1625,1500,8875
12484,125,375,5375,1625,1500,9000
12485,125,375,5375,1750,1625,9250
12486,125,375,5250,1750,1500,9000
12487,125,375,5250,1625,1500,8875
12488,125,375,5375,1750,1500,9125
12489,125,375,5250,1625,1500,8875
12490,125,500,5250,1625,1500,9000
12491,125,375,5375,1750,1500,9125
12492,125,500,5375,1750,1500,9250
12493,125,375,5250,1625,1500,8875
12494,125,500,5250,1625,1500,9000
12495,125,500,5375,1750,1500,9250
12496,0,375,5250,1625,1500,8750
12497,0,375,5500,1625,1500,9000
12498,0,375,5375,1750,1500,9000
12499,125,375,5500,1625,1500,9125
12500,125,375,5375,1625,1500,9000
12501,125,375,5250,1625,1500,8875
12502,125,375,5375,1750,1500,9125
12503,125,375,5375,1750,1500,9125
12504,125,375,5250,1625,1500,8875
12505,125,375,5375,1625,1625,9125
12506,125,375,5500,1750,1500,9250
12507,125,375,5375,1750,1500,9125
12508,125,375,5375,1750,1500,9125
12509,125,375,5250,1625,1500,8875
12510,125,375,5375,1750,1625,9250
12511,125,500,5250,1625,1500,9000
12512,125,375,5375,1750,1500,9125
12513,125,375,5375,1750,1625,9250
12514,125,375,5375,1750,1500,9125
12515,125,375,5375,1625,1500,9000
12516,125,375,5250,1625,1500,8875
12517,125,375,5375,1750,1625,9250
12518,125,375,5375,1625,1500,9000
12519,125,375,5375,1625,1625,9125
12520,0,375,5375,1750,1500,9000
12521,125,375,5250,1750,1625,9125
12522,125,375,5375,1750,1500,9125
12523,125,375,5250,1625,1500,8875
12524,125,375,5375,1625,1500,9000
12525,125,375,5375,1625,1500,9000
12526,0,375,5250,1625,1500,8750
12527,125,500,5375,1625,1500,9125
12528,125,375,5375,1750,1625,9250
12529,125,375,5375,1625,1500,9000
12530,125,375,5375,1625,1500,9000
12531,125,500,5250,1625,1500,9000
12532,125,375,5375,1625,1500,9000
12533,125,500,5375,1625,1500,9125
12534,0,375,5375,1625,1625,9000
12535,125,500,5375,1750,1500,9250
12536,125,375,5375,1750,1500,9125
12537,125,375,5375,1625,1500,9000
12538,125,375,5375,1625,1500,9000
12539,125,375,5500,1625,1500,9125
12540,125,375,5375,1625,1500,9000
12541,125,375,5375,1625,1625,9125
12542,125,500,5250,1625,1500,9000
12543,125,375,5250,1750,1625,9125
12544,125,375,5375,1750,1500,9125
12545,125,375,5375,1750,1625,9250
12546,0,375,5375,1625,1500,8875
12547,125,375,5500,1750,1500,9250
12548,0,375,5375,1625,1500,8875
12549,125,375,5375,1750,1500,9125
12550,125,375,5375,1750,1625,9250
12551,125,375,5250,1625,1500,8875
12552,125,375,5250,1750,1500,9000
12553,125,375,5375,1625,1500,9000
12554,125,500,5375,1750,1625,9375
12555,125,375,5500,1750,1500,9250
12556,125,375,5500,1625,1500,9125
12557,125,500,5375,1625,1500,9125
12558,0,375,5250,1625,1500,8750
12559,125,375,5375,1500,1500,8875
12560,0,375,5375,1750,1500,9000
12561,125,375,5500,1750,1500,9250
12562,125,375,5500,1625,1500,9125
12563,125,375,5375,1750,1500,9125
12564,0,375,5375,1625,1500,8875
12565,125,375,5500,1625,1500,9125
12566,125,375,5500,1750,1500,9250
12567,125,375,5125,1625,1500,8750
12568,125,500,5375,1750,1500,9250
12569,125,375,5375,1750,1500,9125
12570,125,375,5375,1750,1500,9125
12571,125,375,5250,1625,1500,8875
12572,125,375,5375,1625,1500,9000
12573,125,375,5250,1625,1500,8875
12574,125,375,5375,1625,1500,9000
12575,0,375,5375,1625,1500,8875
12576,125,375,5500,1750,1500,9250
12577,125,375,5250,1750,1625,9125
12578,125,375,5250,1625,1500,8875
12579,125,375,5250,1750,1625,9125
12580,125,375,5375,1750,1625,9250
12581,0,375,5500,1750,1500,9125
12582,125,375,5375,1750,1500,9125
12583,125,375,5250,1625,1500,8875
12584,125,375,5375,1750,1500,9125
12585,0,375,5375,1625,1625,9000
12586,125,375,5250,1750,1625,9125
12587,125,375,5375,1625,1500,9000
12588,0,375,5750,1750,1500,9375
12589,125,375,5500,1750,1500,9250
12590,125,375,5500,1625,1500,9125
12591,125,500,5250,1625,1500,9000
12592,125,375,5375,1750,1500,9125
12593,125,375,5375,1750,1500,9125
12594,125,375,5375,1625,1625,9125
12595,125,375,5375,1625,1375,8875
12596,125,375,5250,1625,1500,8875
12597,125,375,5250,1625,1500,8875
12598,125,375,5375,1625,1500,9000
12599,125,375,5375,1625,1500,9000
12600,125,375,5375,1750,1500,9125
12601,0,375,5375,1750,1625,9125
12602,125,375,5375,1625,1500,9000
12603,125,375,5500,1625,1500,9125
12604,125,375,5250,1625,1500,8875
12605,125,375,5375,1625,1625,9125
12606,125,375,5250,1750,1500,9000
12607,125,375,5250,1625,1500,8875
12608,125,375,5250,1625,1500,8875
12609,125,375,5250,1625,1500,8875
12610,125,375,5250,1625,1500,8875
12611,125,500,5375,1750,1500,9250
12612,125,375,5125,1625,1500,8750
12613,0,375,5375,1625,1625,9000
12614,0,375,5375,1625,1500,8875
12615,125,375,5500,1625,1500,9125
12616,125,375,5250,1625,1500,8875
12617,125,375,5375,1750,1625,9250
12618,125,375,5375,1750,1500,9125
12619,125,375,5250,1625,1500,8875
12620,125,375,5375,1625,1500,9000
12621,0,375,5375,1750,1500,9000
12622,125,375,5375,1625,1500,9000
12623,125,375,5375,1625,1500,9000
12624,125,375,5375,1750,1625,9250
12625,125,375,5375,1625,1500,9000
12626,125,375,5250,1750,1500,9000
12627,125,375,5250,1625,1500,8875
12628,125,375,5375,1625,1500,9000
12629,125,375,5375,1625,1500,9000
12630,125,375,5250,1625,1500,8875
12631,125,375,5375,1750,1500,9125
12632,0,375,5375,1625,1625,9000
12633,0,375,5375,1625,1500,8875
12634,125,375,5250,1625,1500,8875
12635,125,375,5250,1625,1625,9000
12636,125,500,5375,1625,1500,9125
12637,125,375,5250,1750,1500,9000
12638,125,375,5250,1625,1500,8875
12639,125,375,5375,1625,1500,9000
12640,125,375,5375,1750,1625,9250
12641,125,375,5250,1625,1500,8875
12642,125,375,5250,1625,1500,8875
12643,125,375,5375,1625,1500,9000
12644,125,375,5250,1625,1500,8875
12645,0,375,5375,1625,1625,9000
12646,125,375,5375,1625,1500,9000
12647,125,375,5375,1625,1500,9000
12648,125,375,5375,1625,1500,9000
12649,125,500,5500,1625,1500,9250
12650,125,375,5375,1750,1500,9125
12651,125,375,5375,1625,1500,9000
12652,125,500,5250,1625,1500,9000
12653,125,375,5375,1625,1500,9000
12654,125,375,5375,1625,1500,9000
12655,0,375,5250,1625,1500,8750
12656,125,375,5250,1625,1625,9000
12657,125,375,5250,1625,1500,8875
12658,125,375,5500,1750,1500,9250
12659,0,375,5375,1625,1500,8875
12660,0,375,5500,1625,1500,9000
12661,125,500,5250,1750,1500,9125
12662,125,375,5250,1625,1500,8875
12663,125,375,5375,1625,1500,9000
12664,125,375,5250,1625,1500,8875
12665,125,375,5375,1625,1500,9000
12666,125,375,5250,1750,1500,9000
12667,125,500,5250,1625,1500,9000
12668,125,375,5375,1750,1625,9250
12669,0,375,5375,1625,1500,8875
12670,125,375,5250,1625,1500,8875
12671,0,375,5250,1625,1500,8750
12672,125,375,5375,1750,1500,9125
12673,125,375,5125,1625,1500,8750
12674,125,375,5375,1625,1500,9000
12675,125,375,5375,1625,1375,8875
12676,125,375,5375,1750,1500,9125
12677,125,375,5375,1625,1500,9000
12678,125,375,5250,1625,1500,8875
12679,125,375,5375,1750,1500,9125
12680,125,375,5250,1625,1500,8875
12681,125,375,5500,1625,1500,9125
12682,0,375,5375,1625,1625,9000
12683,125,375,5375,1625,1500,9000
12684,125,375,5250,1625,1500,8875
12685,125,375,5375,1625,1500,9000
12686,125,375,5250,1625,1625,9000
12687,125,375,5500,1625,1500,9125
12688,125,375,5500,1625,1500,9125
12689,125,375,5250,1625,1500,8875
12690,125,375,5375,1750,1625,9250
12691,125,375,5375,1750,1500,9125
12692,125,375,5250,1625,1500,8875
12693,125,375,5375,1625,1500,9000
12694,125,375,5375,1625,1500,9000
12695,125,375,5375,1750,1625,9250
12696,125,375,5125,1625,1500,8750
12697,125,375,5375,1625,1500,9000
12698,125,375,5375,1625,1500,9000
12699,125,375,5250,1625,1500,8875
12700,125,375,5375,1750,1500,9125
12701,125,375,5375,1625,1500,9000
12702,125,375,5250,1625,1500,8875
12703,125,375,5375,1625,1500,9000
12704,125,500,5500,1625,1500,9250
12705,125,500,5375,1750,1500,9250
12706,125,375,5500,1625,1500,9125
12707,0,375,5375,1750,1500,9000
12708,125,375,5375,1750,1500,9125
12709,125,375,5875,1750,1500,9625
12710,125,375,5500,1750,1625,9375
12711,0,375,5500,1750,1500,9125
12712,0,375,5375,1625,1500,8875
12713,125,375,5250,1625,1500,8875
12714,125,375,5375,1625,1500,9000
12715,125,375,5375,1750,1500,9125
12716,0,375,5375,1625,1500,8875
12717,125,375,5250,1625,1500,8875
12718,125,375,5375,1750,1625,9250
12719,125,375,5375,1625,1500,9000
12720,0,375,5375,1625,1500,8875
12721,125,375,5250,1625,1500,8875
12722,125,375,5375,1625,1625,9125
12723,125,500,5250,1625,1500,9000
12724,125,375,5250,1750,1500,9000
12725,125,375,5500,1750,1625,9375
12726,125,375,5250,1625,1500,8875
12727,125,375,5250,1625,1625,9000
12728,125,375,5250,1625,1500,8875
12729,125,375,5375,1625,1500,9000
12730,125,375,5500,1750,1500,9250
12731,125,375,5250,1625,1500,8875
12732,125,375,5250,1625,1500,8875
12733,125,375,5250,1625,1500,8875
12734,125,375,5250,1750,1375,8875
12735,0,375,5250,1625,1625,8875
12736,125,375,5250,1625,1375,8750
12737,125,375,5375,1625,1375,8875
12738,125,375,5250,1625,1500,8875
12739,125,375,5250,1625,1500,8875
12740,125,375,5250,1625,1500,8875
12741,125,500,5250,1750,1500,9125
12742,0,375,5250,1750,1500,8875
12743,0,375,5375,1625,1500,8875
12744,125,375,5375,1625,1500,9000
12745,125,375,5375,1625,1500,9000
12746,125,500,5375,1625,1500,9125
12747,125,375,5375,1750,1500,9125
12748,125,375,5250,1625,1500,8875
12749,125,375,5375,1750,1500,9125
12750,125,375,5125,1625,1500,8750
12751,125,375,5250,1625,1500,8875
12752,125,375,5375,1625,1500,9000
12753,125,375,5250,1625,1500,8875
12754,125,500,5250,1625,1625,9125
12755,125,375,5375,1625,1500,9000
12756,125,375,5250,1625,1500,8875
12757,0,375,5375,1750,1500,9000
12758,125,500,5375,1625,1500,9125
12759,125,375,5375,1625,1500,9000
12760,125,500,5375,1750,12875,20625
12761,125,375,6000,1875,1625,10000
12762,125,375,5500,1625,1500,9125
12763,0,375,5375,1625,1500,8875
12764,125,375,5375,1750,1500,9125
12765,125,375,5375,1750,1500,9125
12766,125,375,5500,1625,1625,9250
12767,125,500,5375,1750,1500,9250
12768,0,375,5500,1750,1500,9125
12769,125,375,5375,1625,1500,9000
12770,125,375,5250,1625,1500,8875
12771,125,375,5250,1625,1625,9000
12772,125,375,5375,1750,1500,9125
12773,0,375,5375,1625,1500,8875
12774,125,375,5250,1625,1500,8875
12775,125,375,5375,1750,1625,9250
12776,125,375,5250,1625,1500,8875
12777,125,500,5375,1625,1500,9125
12778,0,375,5500,1750,1500,9125
12779,125,375,5375,1625,1500,9000
12780,125,375,5375,1625,1500,9000
12781,125,375,5375,1750,1500,9125
12782,0,375,5375,1625,1500,8875
12783,0,375,5375,1625,1500,8875
12784,0,375,5375,1750,1500,9000
12785,125,375,5375,1625,1500,9000
12786,125,375,5250,1625,1500,8875
12787,125,375,5375,1750,1500,9125
12788,125,375,5375,1625,1500,9000
12789,125,375,5375,1625,1500,9000
12790,125,375,5375,1750,1500,9125
12791,125,375,5125,1625,1500,8750
12792,125,375,5500,1625,1500,9125
12793,125,500,5250,1625,1625,9125
12794,125,500,5375,1750,1500,9250
12795,0,375,5250,1750,1625,9000
12796,125,375,5250,1625,1500,8875
12797,125,375,5125,1625,1500,8750
12798,125,375,5375,1625,1500,9000
12799,125,375,5375,1625,1500,9000
12800,125,375,5375,1750,1625,9250
12801,125,375,5250,1625,1500,8875
12802,0,375,5375,1625,1500,8875
12803,0,375,5375,1625,1500,8875
12804,125,375,5375,1625,1500,9000
12805,125,375,5375,1625,1500,9000
12806,125,375,5500,1750,1500,9250
12807,125,500,5375,1750,1500,9250
12808,125,500,5375,1750,1500,9250
12809,125,375,5250,1625,1500,8875
12810,125,375,5375,1625,1500,9000
12811,0,375,5375,1750,1625,9125
12812,125,375,5375,1625,1625,9125
12813,125,375,5375,1625,1500,9000
12814,125,375,5375,1750,1500,9125
12815,0,375,5375,1625,1500,8875
12816,125,375,5375,1625,1500,9000
12817,125,375,5375,1750,1625,9250
12818,125,375,5250,1625,1500,8875
12819,125,375,5375,1625,1500,9000
12820,125,375,5250,1625,1500,8875
12821,125,375,5375,1750,1500,9125
12822,125,500,5500,1625,1500,9250
12823,125,500,5375,1750,1625,9375
12824,125,375,5375,1750,1500,9125
12825,125,375,5375,1750,1500,9125
12826,125,375,5375,1750,1500,9125
12827,125,375,5250,1625,1500,8875
12828,125,375,5375,1625,1625,9125
12829,125,500,5250,1625,1500,9000
12830,125,375,5375,1625,1500,9000
12831,125,375,6000,1875,1500,9875
12832,0,375,5500,1625,1500,9000
12833,125,375,5500,1625,1500,9125
12834,0,375,5375,1625,1500,8875
12835,125,375,5500,1625,1500,9125
12836,125,375,5250,1625,1625,9000
12837,125,375,5375,1750,1500,9125
12838,125,375,5375,1625,1500,9000
12839,125,375,5375,1625,1500,9000
12840,125,500,5500,1625,1500,9250
12841,125,375,5375,1625,1500,9000
12842,125,375,5375,1625,1500,9000
12843,125,375,5375,1625,1625,9125
12844,125,375,5250,1625,1500,8875
12845,125,375,5375,1625,1500,9000
12846,125,375,5250,1625,1500,8875
12847,125,375,5250,1750,1500,9000
12848,125,375,5250,1750,1500,9000
12849,125,500,5375,1750,1625,9375
12850,125,375,5250,1625,1500,8875
12851,125,375,5375,1625,1500,9000
12852,125,375,5250,1625,1500,8875
12853,125,375,5500,1750,1500,9250
12854,0,375,5500,1625,1500,9000
12855,125,375,5375,1625,1500,9000
12856,125,375,5375,1750,1625,9250
12857,125,375,5375,1625,1500,9000
12858,125,375,5375,1625,1500,9000
12859,125,500,5375,1625,1500,9125
12860,125,375,5375,1625,1500,9000
12861,125,375,5375,1625,1500,9000
12862,125,375,5375,1625,1500,9000
12863,125,375,5500,1625,1500,9125
12864,125,375,5375,1625,1500,9000
12865,125,375,5375,1750,1500,9125
12866,0,375,5375,1750,1500,9000
12867,0,375,5375,1625,1625,9000
12868,125,500,5250,1750,1625,9250
12869,125,375,5250,1625,1500,8875
12870,125,375,5250,1625,1625,9000
12871,125,375,5375,1625,1625,9125
12872,125,375,5375,1625,1500,9000
12873,125,375,5375,1625,1500,9000
12874,125,375,5375,1625,1500,9000
12875,125,375,5375,1750,1500,9125
12876,125,375,5375,1625,1500,9000
12877,125,375,5375,1625,1625,9125
12878,125,375,5250,1625,1500,8875
12879,125,500,5375,1625,1500,9125
12880,125,375,5500,1625,1500,9125
12881,125,375,5250,1625,1500,8875
12882,125,375,5375,1625,1500,9000
12883,125,500,5375,1625,1500,9125
12884,125,375,5375,1625,1500,9000
12885,125,375,5375,1625,1500,9000
12886,125,375,5250,1625,1500,8875
12887,125,375,5375,1750,1500,9125
12888,125,375,5375,1625,1500,9000
12889,125,375,5375,1750,1500,9125
12890,0,375,5500,1750,1625,9250
12891,125,375,5250,1750,1625,9125
12892,125,375,5375,1625,1500,9000
12893,125,500,5375,1625,1500,9125
12894,125,375,5250,1625,1500,8875
12895,0,375,5250,1625,1500,8750
12896,125,375,5500,1625,1500,9125
12897,125,375,5375,1625,1500,9000
12898,125,375,5375,1625,1500,9000
12899,125,375,5375,1625,1500,9000
12900,125,375,5375,1625,1500,9000
12901,125,375,5375,1750,1625,9250
12902,125,375,5375,1750,1500,9125
12903,0,375,5375,1625,1625,9000
12904,125,375,5375,1625,1500,9000
12905,0,375,5250,1625,1500,8750
12906,125,375,5375,1625,1625,9125
12907,0,375,5500,1750,1500,9125
12908,125,375,5375,1625,1500,9000
12909,125,375,5375,1750,1500,9125
12910,125,375,5375,1625,1500,9000
12911,125,500,5375,1625,1500,9125
12912,125,375,5500,1625,1500,9125
12913,125,375,5250,1625,1500,8875
12914,125,375,5250,1625,1500,8875
12915,0,375,5375,1625,1500,8875
12916,125,375,5375,1625,1500,9000
12917,125,375,5250,1625,1500,8875
12918,125,375,5375,1625,1500,9000
12919,125,375,5375,1750,1500,9125
12920,125,375,5250,1625,1625,9000
12921,125,375,5375,1750,1500,9125
12922,125,375,5250,1625,1500,8875
12923,125,500,5375,1625,1500,9125
12924,125,375,5375,1625,1500,9000
12925,0,375,5250,1625,1500,8750
12926,0,375,5500,1625,1500,9000
12927,125,375,5500,1750,1500,9250
12928,125,375,5375,1625,1500,9000
12929,125,500,5375,1625,1500,9125
12930,0,375,5375,1625,1500,8875
12931,125,375,5250,1625,1500,8875
12932,125,500,5375,1625,1500,9125
12933,0,375,5375,1750,1500,9000
12934,125,375,5375,1750,1625,9250
12935,125,375,5375,1750,1500,9125
12936,0,375,5375,1625,1500,8875
12937,125,500,5375,1750,1500,9250
12938,125,375,5375,1625,1500,9000
12939,125,375,5250,1750,1500,9000
12940,0,375,5375,1625,1500,8875
12941,125,500,5375,1625,1500,9125
12942,125,375,5375,1750,1500,9125
12943,125,375,5250,1625,1500,8875
12944,125,375,5375,1625,1500,9000
12945,125,375,5375,1625,1625,9125
12946,125,375,5375,1625,1500,9000
12947,125,375,5375,1625,1500,9000
12948,125,375,5375,1625,1500,9000
12949,0,375,5250,1625,1500,8750
12950,125,500,5500,1625,1500,9250
12951,125,375,5375,1750,1500,9125
12952,125,500,5875,1875,1625,10000
12953,125,375,5500,1750,1625,9375
12954,125,375,5375,1750,1500,9125
12955,125,375,5375,1625,1500,9000
12956,125,500,5250,1750,1500,9125
12957,125,375,5250,1625,1500,8875
12958,0,375,5375,1625,1500,8875
12959,125,375,5375,1625,1500,9000
12960,125,375,5375,1625,1500,9000
12961,125,375,5250,1625,1500,8875
12962,0,375,5375,1625,1500,8875
12963,125,375,5375,1625,1625,9125
12964,125,375,5250,1625,1500,8875
12965,125,375,5500,1625,1500,9125
12966,125,375,5375,1625,1625,9125
12967,125,375,5375,1625,1500,9000
12968,125,375,5375,1625,1500,9000
12969,125,375,5250,1750,1625,9125
12970,125,375,5375,1750,1625,9250
12971,125,375,5375,1625,1500,9000
12972,125,375,5375,1750,1625,9250
12973,125,375,5375,1750,1500,9125
12974,125,375,5500,1625,1500,9125
12975,125,375,5375,1625,1500,9000
12976,125,375,5375,1750,1625,9250
12977,125,375,5375,1625,1500,9000
12978,125,375,5375,1625,1500,9000
12979,125,375,5375,1750,1500,9125
12980,125,375,5375,1625,1500,9000
12981,125,500,5250,1750,1625,9250
12982,125,375,5375,1625,1500,9000
12983,125,500,5375,1625,1625,9250
12984,125,500,5250,1625,1500,9000
12985,125,375,5375,1625,1500,9000
12986,125,375,5500,1625,1500,9125
12987,125,375,5250,1625,1500,8875
12988,0,375,5375,1625,1500,8875
12989,125,375,5375,1750,1625,9250
12990,125,375,5250,1625,1500,8875
12991,0,375,5375,1625,1500,8875
12992,125,375,5250,1625,1500,8875
12993,125,375,5375,1750,1625,9250
12994,125,375,5250,1750,1625,9125
12995,125,375,5250,1625,1500,8875
12996,125,500,5375,1625,1500,9125
12997,125,375,5375,1625,1500,9000
12998,125,375,5250,1750,1500,9000
12999,125,375,5375,1625,1500,9000
13000,125,375,5250,1625,1500,8875
13001,125,375,5375,1625,1500,9000
13002,0,375,5500,1625,1500,9000
13003,125,500,5375,1625,1500,9125
13004,125,375,5250,1625,1500,8875
13005,125,500,5375,1750,1500,9250
13006,125,375,5375,1625,1500,9000
13007,125,375,5500,1625,1500,9125
13008,125,375,5375,1625,1500,9000
13009,125,375,5500,1625,1500,9125
13010,125,375,5250,1750,1500,9000
13011,125,375,5375,1625,1625,9125
13012,125,375,5250,1750,1625,9125
13013,125,375,5375,1750,1500,9125
13014,0,375,5125,1625,1500,8625
13015,0,375,5375,1750,1500,9000
13016,0,375,5375,1625,1500,8875
13017,125,375,5375,1750,1500,9125
13018,125,500,5375,1625,1500,9125
13019,125,375,5375,1625,1500,9000
13020,0,375,5500,1750,1625,9250
13021,0,375,5375,1625,1500,8875
13022,125,375,5375,1750,1625,9250
13023,125,375,5375,1625,1500,9000
13024,125,375,5375,1750,1500,9125
13025,0,375,5375,1625,1500,8875
13026,125,375,5250,1625,1500,8875
13027,125,375,5375,1625,1500,9000
13028,125,375,5375,1625,1500,9000
13029,125,500,5375,1750,1625,9375
13030,125,375,5250,1625,1500,8875
13031,125,375,5500,1625,1500,9125
13032,125,375,5375,1625,1500,9000
13033,125,375,5250,1625,1500,8875
13034,125,375,5250,1625,1625,9000
13035,125,375,5250,1625,1500,8875
13036,125,375,5375,1750,1500,9125
13037,125,375,5500,1750,1500,9250
13038,125,375,5375,1750,1500,9125
13039,125,375,5375,1625,1500,9000
13040,125,375,5375,1625,1500,9000
13041,125,375,5375,1625,1625,9125
13042,125,375,5500,1625,1500,9125
13043,125,375,5375,1625,1500,9000
13044,125,375,5375,1625,1500,9000
13045,125,375,5375,1625,1500,9000
13046,125,375,5250,1625,1500,8875
13047,125,375,5250,1625,1500,8875
13048,125,375,5500,1625,1500,9125
13049,0,375,5250,1750,1625,9000
13050,125,375,5375,1750,1500,9125
13051,125,375,5375,1625,1500,9000
13052,125,375,5375,1625,1500,9000
13053,125,375,5250,1625,1500,8875
13054,125,375,5375,1625,1500,9000
13055,125,375,5375,1625,1500,9000
13056,125,375,5375,1625,1500,9000
13057,125,375,5375,1625,1500,9000
13058,125,375,5250,1625,1625,9000
13059,125,375,5250,1625,1625,9000
13060,0,375,5500,1625,1625,9125
13061,125,375,5250,1625,1500,8875
13062,125,375,5250,1625,1500,8875
13063,125,375,5500,1625,1500,9125
13064,125,375,5375,1750,1500,9125
13065,125,375,5375,1625,1500,9000
13066,125,375,5500,1625,1500,9125
13067,125,500,5375,1750,1500,9250
13068,125,375,5375,1750,1500,9125
13069,125,375,5250,1750,1500,9000
13070,125,500,5375,1625,1500,9125
13071,125,375,5250,1625,1500,8875
13072,125,375,5375,1750,1625,9250
13073,125,375,5250,1625,1500,8875
13074,125,375,5875,1750,1500,9625
13075,125,500,5500,1750,1500,9375
13076,125,375,5375,1625,1500,9000
13077,125,375,5500,1750,1500,9250
13078,0,375,5500,1625,1500,9000
13079,125,375,5375,1625,1500,9000
13080,125,375,5375,1750,1500,9125
13081,125,375,5375,1625,1500,9000
13082,125,375,5250,1625,1500,8875
13083,125,375,5375,1750,1625,9250
13084,0,375,5375,1625,1500,8875
13085,0,375,5375,1625,1500,8875
13086,125,375,5250,1750,1500,9000
13087,125,375,5375,1750,1500,9125
13088,125,375,5250,1625,1625,9000
13089,125,375,5375,1750,1500,9125
13090,125,375,5250,1625,1500,8875
13091,125,375,5250,1625,1500,8875
13092,125,375,5250,1625,1500,8875
13093,125,375,5375,1750,1500,9125
13094,125,375,5375,1625,1625,9125
13095,125,500,5375,1625,1500,9125
13096,125,375,5250,1750,1500,9000
13097,125,375,5375,1625,1500,9000
13098,125,375,5500,1625,1500,9125
13099,125,375,5500,1625,1500,9125
13100,125,375,5375,1625,1500,9000
13101,125,375,5250,1625,1625,9000
13102,125,500,5375,1625,1500,9125
13103,0,375,5250,1625,1500,8750
13104,125,10375,6125,1750,1625,20000
13105,125,375,5500,1625,1500,9125
13106,125,375,5375,1625,1500,9000
13107,125,375,5250,1625,1500,8875
13108,125,500,5375,1625,1500,9125
13109,125,375,5250,1625,1500,8875
13110,125,375,5375,1750,1625,9250
13111,125,375,5250,1750,1500,9000
13112,125,375,5250,1625,1500,8875
13113,125,500,5250,1625,1500,9000
13114,125,500,5375,1750,1500,9250
13115,125,375,5250,1750,1500,9000
13116,125,375,5375,1625,1500,9000
13117,125,375,5250,1750,1500,9000
13118,0,375,5375,1625,1500,8875
13119,125,375,5375,1750,1625,9250
13120,125,375,5375,1750,1500,9125
13121,125,375,5375,1625,1500,9000
13122,125,500,5375,1750,1500,9250
13123,0,375,5375,1625,1625,9000
13124,0,375,5375,1625,1500,8875
13125,125,375,5375,1625,1500,9000
13126,125,375,5375,1625,1500,9000
13127,125,375,5250,1625,1500,8875
13128,125,375,5375,1625,1625,9125
13129,125,500,5250,1625,1500,9000
13130,125,375,5500,1750,1500,9250
13131,125,375,5375,1625,1500,9000
13132,125,375,5375,1750,1500,9125
13133,125,375,5375,1625,1500,9000
13134,125,375,5500,1625,1500,9125
13135,125,375,5375,1625,1500,9000
13136,125,375,5250,1625,1500,8875
13137,125,375,5375,1750,1625,9250
13138,125,375,5375,1625,1500,9000
13139,125,500,5375,1625,1500,9125
13140,125,375,5375,1625,1500,9000
13141,125,375,5375,1750,1500,9125
13142,125,500,5250,1750,1500,9125
13143,125,375,5375,1625,1500,9000
13144,125,375,5375,1750,1625,9250
13145,0,375,5250,1750,1500,8875
13146,0,375,5500,1750,1625,9250
13147,125,375,5250,1625,1500,8875
13148,125,375,5250,1750,1625,9125
13149,125,375,5375,1625,1625,9125
13150,125,375,5375,1625,1500,9000
13151,125,375,5375,1750,1500,9125
13152,125,375,5250,1625,1500,8875
13153,125,375,5250,1625,1625,9000
13154,125,375,5250,1625,1500,8875
13155,125,375,5375,1750,1500,9125
13156,125,375,5375,1625,1500,9000
13157,125,375,5375,1750,1500,9125
13158,125,375,5375,1750,1625,9250
13159,125,375,5250,1750,1500,9000
13160,125,375,5375,1625,1500,9000
13161,125,500,5250,1625,1500,9000
13162,125,375,5250,1625,1500,8875
13163,0,375,5375,1750,1500,9000
13164,125,375,5500,1750,1500,9250
13165,125,375,5375,1750,1625,9250
13166,0,375,5500,1625,1500,9000
13167,125,375,5375,1625,1500,9000
13168,125,375,5250,1625,1500,8875
13169,125,375,5375,1750,1500,9125
13170,125,375,5250,1625,1500,8875
13171,125,375,5250,1750,1500,9000
13172,125,375,5375,1625,1500,9000
13173,0,375,5375,1625,1500,8875
13174,125,375,5250,1625,1625,9000
13175,125,375,5250,1750,1500,9000
13176,125,375,5250,1625,1500,8875
13177,125,375,5375,1750,1500,9125
13178,125,375,5500,1625,1500,9125
13179,125,375,5250,1750,1500,9000
13180,125,375,5500,1750,1500,9250
13181,125,375,5250,1625,1500,8875
13182,125,375,5375,1625,1500,9000
13183,0,375,5375,1625,1500,8875
13184,0,375,5500,1625,1500,9000
13185,125,375,5375,1625,1500,9000
13186,125,375,5375,1750,1500,9125
13187,125,375,5375,1625,1500,9000
13188,125,375,5375,1625,1625,9125
13189,125,375,5375,1750,1500,9125
13190,0,375,5250,1625,1500,8750
13191,125,375,5250,1625,1500,8875
13192,125,500,5375,1750,1625,9375
13193,125,500,5250,1750,1500,9125
13194,125,375,5375,1625,1625,9125
13195,125,375,6125,1750,1625,10000
13196,125,375,5625,1625,1500,9250
13197,125,375,5500,1625,1500,9125
13198,125,375,5375,1625,1500,9000
13199,125,500,5375,1625,1500,9125
13200,125,375,5375,1750,1625,9250
13201,125,375,5375,1750,1625,9250
13202,0,375,5500,1750,1500,9125
13203,125,375,5375,1625,1375,8875
13204,125,375,5375,1625,1500,9000
13205,125,375,5375,1750,1625,9250
13206,125,375,5375,1625,1625,9125
13207,125,375,5375,1750,1500,9125
13208,0,375,5250,1625,1500,8750
13209,125,375,5250,1750,1625,9125
13210,125,500,5250,1625,1500,9000
13211,125,500,5250,1750,1625,9250
13212,125,375,5375,1625,1500,9000
13213,125,375,5250,1625,1625,9000
13214,125,375,5250,1625,1500,8875
13215,0,375,5375,1750,1500,9000
13216,125,375,5375,1750,1500,9125
13217,125,375,5250,1750,1500,9000
13218,0,375,5375,1625,1500,8875
13219,125,500,5375,1750,1500,9250
13220,125,375,5250,1625,1500,8875
13221,125,375,5375,1625,1500,9000
13222,125,375,5375,1625,1500,9000
13223,125,375,5250,1625,1500,8875
13224,0,375,5375,1625,1500,8875
13225,125,375,5250,1750,1500,9000
13226,0,375,5375,1625,1500,8875
13227,125,375,5375,1625,1500,9000
13228,125,375,5375,1625,1500,9000
13229,125,375,5375,1625,1500,9000
13230,125,375,5250,1625,1625,9000
13231,125,375,5250,1750,1500,9000
13232,125,500,5250,1625,1500,9000
13233,125,375,5375,1625,1500,9000
13234,125,375,5250,1625,1500,8875
13235,125,375,5375,1625,1625,9125
13236,125,375,5500,1625,1500,9125
13237,125,375,5375,1625,1500,9000
13238,125,500,5375,1625,1500,9125
13239,125,375,5250,1625,1500,8875
13240,125,375,5375,1750,1500,9125
13241,125,375,5125,1625,1500,8750
13242,125,375,5375,1625,1500,9000
13243,125,375,5375,1625,1500,9000
13244,125,500,5250,1625,1500,9000
13245,125,375,5375,1750,1500,9125
13246,125,375,5375,1625,1500,9000
13247,125,375,5375,1750,1500,9125
13248,125,375,5250,1750,1625,9125
13249,125,375,5250,1625,1500,8875
13250,0,375,5250,1625,1500,8750
13251,125,375,5250,1625,1625,9000
13252,125,375,5375,1750,1625,9250
13253,125,375,5250,1625,1500,8875
13254,125,500,5250,1625,1500,9000
13255,125,375,5250,1625,1500,8875
13256,125,375,5375,1625,1625,9125
13257,125,500,5375,1625,1500,9125
13258,125,375,5250,1625,1500,8875
13259,125,375,5375,1625,1500,9000
13260,125,375,5375,1625,1500,9000
13261,125,500,5375,1750,1500,9250
13262,0,375,5375,1625,1500,8875
13263,0,375,5500,1625,1500,9000
13264,125,375,5375,1625,1500,9000
13265,125,375,5375,1625,1500,9000
13266,125,375,5375,1625,1500,9000
13267,125,375,5500,1625,1500,9125
13268,125,375,5375,1625,1500,9000
13269,0,375,5500,1625,1500,9000
13270,125,375,5375,1625,1500,9000
13271,0,375,5375,1625,1500,8875
13272,125,375,5375,1625,1625,9125
13273,125,375,5375,1750,1500,9125
13274,125,375,5375,1750,1500,9125
13275,125,375,5375,1750,1500,9125
13276,125,375,5500,1625,1500,9125
13277,125,375,5375,1750,1500,9125
13278,125,375,5375,1750,1500,9125
13279,125,375,5375,1750,1500,9125
13280,125,375,5375,1625,1500,9000
13281,125,375,5375,1625,1500,9000
13282,125,375,5250,1750,1500,9000
13283,0,375,5125,1625,1500,8625
13284,125,375,5375,1750,1500,9125
13285,125,375,5375,1625,1500,9000
13286,125,375,5250,1625,1625,9000
13287,125,375,5375,1750,1625,9250
13288,125,375,5250,1625,1500,8875
13289,125,375,5250,1750,1500,9000
13290,125,375,5250,1625,1500,8875
13291,125,375,5375,1750,1500,9125
13292,125,375,5250,1625,1500,8875
13293,125,375,5250,1625,1375,8750
13294,125,375,5375,1750,1625,9250
13295,125,375,5250,1625,1500,8875
13296,125,375,5500,1750,1500,9250
13297,125,375,5375,1625,1500,9000
13298,125,375,5375,1625,1500,9000
13299,125,375,5500,1625,1500,9125
13300,125,375,5500,1750,1500,9250
13301,125,375,5375,1625,1500,9000
13302,125,375,5250,1625,1500,8875
13303,125,375,5375,1625,1500,9000
13304,0,375,5250,1625,1500,8750
13305,125,375,5250,1625,1500,8875
13306,0,375,5375,1625,1500,8875
13307,125,375,5375,1750,1500,9125
13308,0,375,5375,1625,1500,8875
13309,0,375,5375,1625,1500,8875
13310,125,375,5250,1625,1500,8875
13311,125,500,5250,1625,1500,9000
13312,125,500,5250,1625,1500,9000
13313,125,375,5250,1625,1500,8875
13314,125,375,5375,1625,1500,9000
13315,125,375,5250,1750,1625,9125
13316,125,500,5875,1875,1500,9875
13317,0,375,5500,1625,1500,9000
13318,125,375,5250,1625,1500,8875
13319,0,375,5125,1625,1500,8625
13320,125,375,5375,1625,1500,9000
13321,125,375,5375,1750,1500,9125
13322,125,375,5375,1750,1500,9125
13323,0,375,5375,1625,1500,8875
13324,125,375,5250,1625,1625,9000
13325,125,375,5375,1625,1500,9000
13326,125,375,5250,1625,1500,8875
13327,125,375,5250,1625,1500,8875
13328,125,375,5375,1750,1625,9250
13329,125,375,5375,1750,1500,9125
13330,125,500,5250,1625,1500,9000
13331,125,375,5375,1625,1500,9000
13332,125,375,5375,1750,1500,9125
13333,0,375,5375,1625,1500,8875
13334,125,375,5250,1750,1625,9125
13335,125,375,5250,1625,1500,8875
13336,125,375,5375,1625,1625,9125
13337,125,375,5375,1750,1625,9250
13338,125,375,5375,1750,1500,9125
13339,125,375,5375,1750,1625,9250
13340,125,375,5250,1625,1500,8875
13341,125,500,5375,1750,1500,9250
13342,0,375,5375,1625,1625,9000
13343,125,375,5375,1625,1500,9000
13344,125,375,5375,1750,1500,9125
13345,0,375,5250,1625,1500,8750
13346,125,375,5250,1625,1500,8875
13347,125,375,5375,1750,1625,9250
13348,125,375,5375,1625,1500,9000
13349,125,375,5375,1750,1500,9125
13350,125,375,5250,1750,1500,9000
13351,125,375,5500,1750,1500,9250
13352,0,375,5375,1750,1500,9000
13353,125,375,5250,1625,1500,8875
13354,0,375,5375,1625,1500,8875
13355,125,500,5250,1625,1625,9125
13356,125,375,5375,1750,1500,9125
13357,0,375,5375,1750,1625,9125
13358,125,375,5250,1625,1500,8875
13359,0,375,5250,1625,1500,8750
13360,125,375,5375,1750,1500,9125
13361,125,500,5375,1750,1500,9250
13362,0,375,5250,1750,1500,8875
13363,125,375,5375,1750,1625,9250
13364,125,375,5375,1625,1500,9000
13365,125,500,5375,1625,1500,9125
13366,125,375,5250,1625,1500,8875
13367,125,375,5375,1750,1500,9125
13368,0,375,5375,1625,1500,8875
13369,0,375,5375,1750,1500,9000
13370,0,375,5375,1625,1500,8875
13371,0,375,5375,1625,1500,8875
13372,125,375,5375,1750,1500,9125
13373,125,375,5375,1625,1500,9000
13374,125,500,5375,1750,1500,9250
13375,0,375,5500,1625,1500,9000
13376,125,375,5375,1625,1500,9000
13377,125,375,5375,1625,1500,9000
13378,0,375,5375,1625,1500,8875
13379,125,375,5375,1750,1500,9125
13380,125,375,5250,1625,1500,8875
13381,125,500,5375,1750,1500,9250
13382,125,375,5375,1750,1625,9250
13383,125,375,5375,1750,1500,9125
13384,125,375,5375,1625,1500,9000
13385,125,375,5250,1625,1500,8875
13386,125,375,5250,1625,1500,8875
13387,125,500,5375,1625,1625,9250
13388,125,375,5375,1625,1500,9000
13389,125,375,5375,1625,1500,9000
13390,125,375,5125,1625,1500,8750
13391,125,375,5250,1625,1625,9000
13392,125,375,5250,1625,1500,8875
13393,125,375,5500,1750,1625,9375
13394,0,375,5500,1750,1500,9125
13395,0,375,5250,1625,1500,8750
13396,125,375,5375,1625,1500,9000
13397,125,375,5250,1625,1375,8750
13398,125,375,5250,1625,1500,8875
13399,125,375,5250,1625,1500,8875
13400,125,375,5375,1750,1500,9125
13401,0,375,5500,1750,1375,9000
13402,0,375,5375,1750,1500,9000
13403,125,375,5375,1625,1500,9000
13404,125,375,5250,1625,1500,8875
13405,125,375,5250,1625,1625,9000
13406,125,375,5375,1625,1500,9000
13407,125,375,5250,1750,1500,9000
13408,125,375,5250,1750,1500,9000
13409,125,375,5375,1750,1625,9250
13410,125,375,5375,1750,1500,9125
13411,0,375,5375,1750,1500,9000
13412,125,375,5375,1750,1500,9125
13413,125,375,5375,1750,1625,9250
13414,125,375,5375,1750,1500,9125
13415,125,375,5250,1625,1500,8875
13416,125,375,5250,1625,1625,9000
13417,125,500,5375,1750,1500,9250
13418,125,375,5250,1625,1500,8875
13419,125,375,5250,1625,1500,8875
13420,125,500,5375,1750,1500,9250
13421,125,375,5250,1625,1500,8875
13422,125,375,5375,1625,1500,9000
13423,125,375,5375,1625,1500,9000
13424,125,375,5375,1625,1500,9000
13425,125,375,5375,1625,1500,9000
13426,125,500,5375,1750,1500,9250
13427,125,375,5250,1625,1500,8875
13428,125,375,5375,1625,1625,9125
13429,125,375,5250,1625,1500,8875
13430,125,375,5375,1750,1500,9125
13431,125,375,5375,1625,1500,9000
13432,125,375,5375,1750,1625,9250
13433,125,375,5375,1625,1500,9000
13434,125,375,5375,1625,1500,9000
13435,0,375,5375,1500,1500,8750
13436,125,375,5500,1625,1500,9125
13437,125,500,5375,1625,1500,9125
13438,125,375,6125,1875,1625,10125
13439,125,375,5500,1750,1500,9250
13440,0,375,5375,1750,1500,9000
13441,0,375,5375,1625,1625,9000
13442,0,375,5500,1625,1500,9000
13443,125,375,5375,1625,1500,9000
13444,0,375,5375,1625,1500,8875
13445,125,375,5375,1500,1500,8875
13446,125,375,5250,1625,1500,8875
13447,125,500,5375,11500,1750,19250
13448,125,375,6000,1875,1625,10000
13449,125,375,5500,1625,1625,9250
13450,125,375,5250,1625,1500,8875
13451,125,500,5250,1625,1500,9000
13452,125,375,5500,1750,1500,9250
13453,125,375,5375,1625,1500,9000
13454,125,375,5500,1750,1625,9375
13455,125,375,5375,1625,1500,9000
13456,0,375,5375,1625,1500,8875
13457,125,375,5250,1750,1500,9000
13458,0,375,5375,1625,1500,8875
13459,125,375,5375,1625,1500,9000
13460,125,500,5375,1750,1500,9250
13461,125,500,5375,1625,1500,9125
13462,125,375,5375,1625,1500,9000
13463,125,500,5375,1625,1500,9125
13464,0,375,5375,1625,1500,8875
13465,125,375,5375,1625,1500,9000
13466,125,500,5375,1625,1500,9125
13467,125,375,5375,1750,1500,9125
13468,0,375,5375,1625,1500,8875
13469,125,375,5375,1750,1500,9125
13470,125,375,5375,1625,1500,9000
13471,0,375,5375,1625,1500,8875
13472,125,375,5375,1750,1625,9250
13473,125,375,5375,1625,1500,9000
13474,125,375,5500,1625,1500,9125
13475,125,375,5375,1750,1500,9125
13476,125,375,5250,1625,1500,8875
13477,125,500,5375,1625,1500,9125
13478,125,375,5250,1625,1500,8875
13479,125,375,5375,1750,1500,9125
13480,0,375,5375,1625,1500,8875
13481,125,375,5375,1625,1500,9000
13482,125,375,5375,1625,1500,9000
13483,125,500,5375,1750,1500,9250
13484,0,375,5375,1625,1500,8875
13485,125,375,5250,1625,1500,8875
13486,125,500,5375,1625,1625,9250
13487,125,375,5375,1625,1500,9000
13488,125,375,5375,1750,1500,9125
13489,125,375,5375,1625,1500,9000
13490,125,500,5375,1625,1500,9125
13491,125,375,5375,1750,1500,9125
13492,125,375,5250,1750,1625,9125
13493,125,375,5375,1750,1500,9125
13494,125,500,5375,1625,1500,9125
13495,125,375,5375,1625,1500,9000
13496,125,375,5375,1625,1500,9000
13497,125,500,5500,1625,1500,9250
13498,125,375,5250,1625,1500,8875
13499,125,375,5375,1625,1500,9000
13500,125,500,5375,1625,1500,9125
13501,0,375,5500,1625,1625,9125
13502,125,375,5250,1750,1500,9000
13503,0,375,5375,1625,1625,9000
13504,125,500,5375,1750,1625,9375
13505,125,375,5125,1625,1500,8750
13506,125,375,5375,1625,1625,9125
13507,125,375,5375,1750,1625,9250
13508,125,375,5250,1625,1500,8875
13509,125,375,5250,1625,1500,8875
13510,125,375,5375,1625,1500,9000
13511,125,375,5250,1625,1500,8875
13512,125,500,5375,1625,1500,9125
13513,125,375,5375,1750,1625,9250
13514,125,375,5250,1750,1500,9000
13515,125,375,5375,1750,1625,9250
13516,125,375,5375,1750,1500,9125
13517,0,375,5375,1625,1500,8875
13518,125,375,5250,1625,1500,8875
13519,125,500,5250,1750,1625,9250
13520,125,375,5250,1750,1500,9000
13521,125,500,5250,1750,1500,9125
13522,125,375,5375,1625,1500,9000
13523,125,375,5500,1625,1500,9125
13524,125,375,5375,1625,1625,9125
13525,125,500,5250,1750,1625,9250
13526,125,375,5250,1625,1500,8875
13527,0,375,5375,1750,1625,9125
13528,125,375,5250,1625,1500,8875
13529,125,500,5250,1625,1500,9000
13530,0,375,5500,1750,1500,9125
13531,125,375,5250,1625,1500,8875
13532,125,500,5375,1625,1500,9125
13533,125,375,5375,1625,1500,9000
13534,125,375,5250,1625,1500,8875
13535,125,500,5375,1625,1500,9125
13536,125,375,5375,1750,1500,9125
13537,125,375,5375,1625,1500,9000
13538,0,375,5500,1625,1500,9000
13539,125,375,5250,1750,1500,9000
13540,125,375,5250,1625,1500,8875
13541,125,375,5375,1625,1500,9000
13542,125,375,5500,1625,1500,9125
13543,125,500,5375,1625,1500,9125
13544,125,375,5500,1750,1500,9250
13545,125,375,5375,1625,1500,9000
13546,125,375,5375,1625,1500,9000
13547,125,375,5375,1625,1500,9000
13548,125,375,5375,1750,1625,9250
13549,125,500,5250,1625,1500,9000
13550,125,375,5500,1750,1625,9375
13551,125,375,5250,1625,1500,8875
13552,125,375,5375,1625,1500,9000
13553,125,375,5375,1750,1500,9125
13554,125,375,5375,1750,1500,9125
13555,125,375,5250,1625,1500,8875
13556,125,375,5375,1625,1500,9000
13557,125,375,5250,1625,1500,8875
13558,125,375,5375,1750,1625,9250
13559,125,500,6000,1875,1500,10000
13560,125,375,5500,1750,1625,9375
13561,125,500,5250,1625,1500,9000
13562,125,500,5375,1625,1500,9125
13563,125,375,5250,1750,1625,9125
13564,125,500,5250,1625,1500,9000
13565,125,375,5375,1750,1625,9250
13566,125,375,5250,1625,1500,8875
13567,125,375,5500,1750,1500,9250
13568,125,375,5500,1625,1500,9125
13569,125,375,5250,1750,1500,9000
13570,0,375,5500,1625,1500,9000
13571,125,500,5375,1750,1500,9250
13572,125,375,5250,1625,1500,8875
13573,0,375,5375,1625,1500,8875
13574,125,375,5250,1625,1375,8750
13575,125,375,5250,1750,1625,9125
13576,125,375,5375,1625,1500,9000
13577,125,500,5375,1625,1500,9125
13578,125,375,5375,1625,1500,9000
13579,0,375,5375,1625,1625,9000
13580,125,375,5375,1625,1500,9000
13581,125,375,5375,1750,1500,9125
13582,125,500,5375,1625,1500,9125
13583,125,375,5375,1625,1500,9000
13584,125,375,5250,1625,1500,8875
13585,125,500,5375,1625,1500,9125
13586,125,375,5375,1750,1625,9250
13587,125,375,5250,1625,1500,8875
13588,125,375,5250,1625,1500,8875
13589,125,375,5375,1750,1625,9250
13590,125,375,5375,1750,1625,9250
13591,0,375,5500,1625,1500,9000
13592,125,375,5250,1625,1500,8875
13593,125,375,5375,1750,1500,9125
13594,125,375,5375,1750,1625,9250
13595,125,375,5250,1750,1500,9000
13596,125,375,5250,1750,1500,9000
13597,125,375,5375,1625,1500,9000
13598,125,375,5375,1625,1625,9125
13599,125,375,5250,1625,1500,8875
13600,125,375,5250,1625,1625,9000
13601,125,375,5250,1750,1625,9125
13602,125,375,5375,1625,1500,9000
13603,125,375,5375,1625,1500,9000
13604,125,375,5375,1750,1625,9250
13605,125,375,5375,1750,1500,9125
13606,125,375,5375,1750,1500,9125
13607,0,375,5375,1625,1500,8875
13608,125,375,5250,1750,1625,9125
13609,125,375,5250,1625,1500,8875
13610,125,375,5375,1625,1500,9000
13611,125,375,5375,1750,1500,9125
13612,125,375,5250,1750,1500,9000
13613,125,500,5375,1625,1500,9125
13614,125,375,5375,1750,1625,9250
13615,125,375,5375,1625,1500,9000
13616,125,375,5375,1625,1500,9000
13617,125,375,5250,1625,1500,8875
13618,125,500,5375,1750,1500,9250
13619,125,375,5375,1750,1500,9125
13620,125,375,5375,1625,1500,9000
13621,125,375,5375,1750,1500,9125
13622,125,375,5375,1750,1500,9125
13623,125,375,5375,1750,1500,9125
13624,125,375,5375,1625,1500,9000
13625,125,375,5375,1750,1500,9125
13626,125,375,5375,1750,1625,9250
13627,125,375,5250,1625,1500,8875
13628,125,500,5375,1625,1500,9125
13629,125,500,5375,1625,1500,9125
13630,125,375,5375,1625,1500,9000
13631,125,375,5375,1625,1625,9125
13632,125,375,5375,1750,1500,9125
13633,125,375,5375,1625,1625,9125
13634,0,375,5375,1750,1625,9125
13635,125,375,5375,1625,1500,9000
13636,125,375,5250,1625,1500,8875
13637,125,375,5250,1750,1500,9000
13638,0,375,5500,1625,1500,9000
13639,125,500,5250,1625,1500,9000
13640,125,500,5250,1625,1500,9000
13641,125,375,5250,1625,1625,9000
13642,125,500,5375,1750,1500,9250
13643,125,375,5375,1625,1500,9000
13644,125,375,5250,1625,1500,8875
13645,0,375,5375,1625,1375,8750
13646,125,375,5375,1625,1625,9125
13647,125,375,5250,1625,1500,8875
13648,0,375,5500,1625,1500,9000
13649,125,500,5500,1750,1500,9375
13650,125,375,5375,1750,1500,9125
13651,125,375,5375,1750,1500,9125
13652,125,500,5500,1750,1500,9375
13653,125,375,5375,1750,1625,9250
13654,125,375,5250,1750,1500,9000
13655,125,375,5375,1750,1625,9250
13656,125,500,5375,1625,1500,9125
13657,125,375,5375,1625,1500,9000
13658,0,375,5375,1625,1500,8875
13659,125,375,5500,1750,1500,9250
13660,125,375,5375,1625,1500,9000
13661,125,375,5250,1625,1500,8875
13662,125,375,5250,1625,1500,8875
13663,125,500,5375,1625,1500,9125
13664,0,375,5375,1750,1500,9000
13665,125,375,5500,1750,1625,9375
13666,125,375,5375,1750,1625,9250
13667,125,375,5250,1625,1500,8875
13668,125,375,5375,1750,1500,9125
13669,125,375,5250,1750,1500,9000
13670,125,375,5375,1750,1625,9250
13671,0,375,5375,1750,1500,9000
13672,125,375,5250,1625,1500,8875
13673,125,375,5375,1750,1500,9125
13674,125,375,5375,1625,1625,9125
13675,125,375,5375,1750,1500,9125
13676,125,375,5250,1625,1500,8875
13677,125,375,5250,1625,1500,8875
13678,125,375,5375,1625,1625,9125
13679,125,375,5250,1625,1500,8875
13680,125,375,5375,1625,1500,9000
13681,125,500,5875,1875,1625,10000
13682,125,375,5500,1750,1500,9250
13683,125,500,5250,1625,1500,9000
13684,125,375,5250,1750,1500,9000
13685,0,375,5375,1750,1625,9125
13686,125,375,5375,1625,1625,9125
13687,125,375,5375,1625,1500,9000
13688,125,375,5250,1750,1500,9000
13689,125,375,5375,1750,1500,9125
13690,125,375,5375,1750,1500,9125
13691,125,375,5250,1750,1625,9125
13692,125,375,5375,1750,1625,9250
13693,125,500,5375,1750,1500,9250
13694,0,375,5375,1625,1500,8875
13695,0,375,5375,1625,1500,8875
13696,125,375,5250,1625,1625,9000
13697,125,375,5250,1625,1500,8875
13698,125,375,5375,1625,1500,9000
13699,0,375,5375,1750,1625,9125
13700,125,375,5375,1750,1625,9250
13701,0,375,5375,1625,1500,8875
13702,125,375,5250,1625,1500,8875
13703,125,375,5375,1750,1500,9125
13704,125,375,5250,1625,1625,9000
13705,125,375,5250,1625,1500,8875
13706,125,500,5375,1750,1625,9375
13707,125,375,5375,1750,1500,9125
13708,125,375,5250,1625,1500,8875
13709,125,375,5375,1750,1500,9125
13710,125,375,5500,1750,1625,9375
13711,125,375,5250,1625,1500,8875
13712,125,375,5250,1625,1500,8875
13713,125,375,5375,1750,1625,9250
13714,125,375,5125,1625,1500,8750
13715,125,375,5250,1750,1500,9000
13716,125,375,5375,1750,1500,9125
13717,125,375,5375,1625,1500,9000
13718,0,375,5375,1625,1625,9000
13719,125,500,5250,1750,1500,9125
13720,0,375,5375,1625,1625,9000
13721,125,375,5375,1750,1500,9125
13722,125,375,5250,1625,1625,9000
13723,125,375,5250,1625,1500,8875
13724,0,375,5375,1625,1500,8875
13725,125,375,5375,1750,1500,9125
13726,125,375,5375,1750,1625,9250
13727,125,375,5250,1625,1500,8875
13728,125,375,5250,1625,1500,8875
13729,125,375,5375,1625,1500,9000
13730,0,375,5500,1625,1500,9000
13731,125,375,5500,1625,1500,9125
13732,125,375,5250,1750,1500,9000
13733,0,375,5375,1750,1500,9000
13734,125,375,5375,1750,1625,9250
13735,125,375,5375,1625,1625,9125
13736,125,375,5375,1625,1500,9000
13737,125,375,5250,1750,1625,9125
13738,125,375,5375,1750,1500,9125
13739,125,375,5375,1750,1500,9125
13740,0,375,5375,1625,1625,9000
13741,125,375,5250,1625,1500,8875
13742,0,375,5500,1625,1500,9000
13743,125,375,5250,1625,1625,9000
13744,125,375,5375,1750,1500,9125
13745,0,375,5250,1625,1500,8750
13746,125,375,5375,1750,1500,9125
13747,125,375,5500,1625,1500,9125
13748,0,375,5375,1750,1625,9125
13749,125,375,5375,1750,1500,9125
13750,125,375,5250,1625,1500,8875
13751,125,500,5375,1750,1500,9250
13752,0,375,5375,1625,1500,8875
13753,125,375,5375,1625,1500,9000
13754,125,375,5375,1750,1500,9125
13755,125,375,5375,1625,1500,9000
13756,125,375,5375,1750,1500,9125
13757,125,500,5375,1750,1500,9250
13758,125,375,5375,1750,1500,9125
13759,125,375,5375,1625,1500,9000
13760,125,375,5375,1625,1500,9000
13761,125,375,5375,1750,1500,9125
13762,125,375,5250,1625,1500,8875
13763,125,375,5250,1625,1500,8875
13764,125,375,5375,1750,1625,9250
13765,125,375,5375,1625,1500,9000
13766,125,375,5375,1750,1500,9125
13767,125,375,5250,1625,1500,8875
13768,0,375,5500,1625,1500,9000
13769,0,375,5250,1625,1500,8750
13770,125,375,5250,1625,1500,8875
13771,125,375,5250,1625,1375,8750
13772,0,375,5375,1625,1625,9000
13773,125,375,5250,1625,1500,8875
13774,0,375,5375,1750,1500,9000
13775,125,375,5375,1750,1625,9250
13776,125,375,5375,1625,1625,9125
13777,125,375,5250,1625,1500,8875
13778,125,375,5250,1625,1500,8875
13779,125,375,5375,1750,1500,9125
13780,125,375,5250,1625,1500,8875
13781,0,375,5500,1750,1625,9250
13782,125,375,5250,1625,1500,8875
13783,0,375,5375,1750,1625,9125
13784,125,375,5375,1750,1500,9125
13785,125,375,5250,1625,1500,8875
13786,125,375,5375,1625,1500,9000
13787,125,375,5375,1750,1500,9125
13788,125,375,5250,1625,1500,8875
13789,125,375,5375,1750,1500,9125
13790,125,375,5375,1625,1500,9000
13791,125,375,5375,1625,1500,9000
13792,0,375,6250,1875,1625,10125
13793,125,375,5500,1750,1625,9375
13794,125,375,5375,1625,1500,9000
13795,0,375,5500,1625,1500,9000
13796,125,375,5375,1625,1500,9000
13797,0,375,5375,1625,1500,8875
13798,125,375,5375,1625,1625,9125
13799,125,375,5250,1625,1375,8750
13800,125,375,5250,1625,1500,8875
13801,125,375,5250,1625,1500,8875
13802,125,375,6000,1875,1500,9875
13803,125,375,5625,1625,1500,9250
13804,125,500,5500,1625,1500,9250
13805,0,375,5500,1625,1500,9000
13806,125,375,5375,1750,1500,9125
13807,125,375,5250,1625,1500,8875
13808,125,375,5375,1625,1625,9125
13809,125,375,5500,1625,1500,9125
13810,0,375,5375,1625,1500,8875
13811,125,375,5250,1625,1500,8875
13812,125,375,5375,1750,1500,9125
13813,125,375,5250,1625,1500,8875
13814,125,375,5500,1625,1500,9125
13815,125,375,5375,1750,1500,9125
13816,0,375,5375,1625,1500,8875
13817,125,375,5375,1750,1625,9250
13818,125,375,5250,1625,1625,9000
13819,125,500,5500,1625,1500,9250
13820,125,375,5375,1750,1500,9125
13821,0,375,5500,1625,1500,9000
13822,125,375,5375,1625,1500,9000
13823,125,375,5375,1750,1500,9125
13824,125,500,5500,1625,1500,9250
13825,125,375,5375,1750,1500,9125
13826,125,375,5250,1625,1500,8875
13827,125,375,5375,1625,1500,9000
13828,125,375,5500,1625,1500,9125
13829,125,375,5250,1625,1500,8875
13830,125,375,5250,1750,1625,9125
13831,125,375,5250,1625,1500,8875
13832,0,375,5375,1625,1500,8875
13833,125,375,5250,1625,1500,8875
13834,125,375,5375,1625,1500,9000
13835,125,375,5250,1625,1500,8875
13836,125,375,5500,1625,1500,9125
13837,125,375,5375,1625,1625,9125
13838,125,375,5375,1625,1500,9000
13839,125,375,5375,1625,1625,9125
13840,0,375,5375,1625,1625,9000
13841,125,500,5375,1625,1500,9125
13842,0,375,5250,1750,1625,9000
13843,125,375,5375,1625,1500,9000
13844,125,500,5375,1625,1500,9125
13845,125,375,5375,1750,1625,9250
13846,125,375,5375,1625,1500,9000
13847,125,375,5250,1625,1500,8875
13848,125,375,5500,1750,1500,9250
13849,125,375,5500,1625,1625,9250
13850,125,375,5375,1625,1500,9000
13851,125,500,5375,1750,1625,9375
13852,125,500,5375,1625,1500,9125
13853,125,375,5375,1625,1500,9000
13854,125,375,5375,1625,1500,9000
13855,125,500,5250,1625,1625,9125
13856,125,500,5375,1625,1500,9125
13857,125,375,5250,1750,1625,9125
13858,0,375,5250,1625,1500,8750
13859,125,375,5375,1750,1500,9125
13860,125,375,5375,1625,1500,9000
13861,125,375,5375,1625,1500,9000
13862,125,375,5250,1625,1500,8875
13863,125,375,5375,1625,1500,9000
13864,125,375,5500,1625,1500,9125
13865,0,375,5375,1625,1500,8875
13866,125,375,5250,1625,1500,8875
13867,125,375,5375,1625,1500,9000
13868,0,375,5500,1750,1500,9125
13869,125,500,5375,1750,1500,9250
13870,125,375,5375,1750,1500,9125
13871,125,375,5250,1625,1500,8875
13872,125,375,5375,1750,1625,9250
13873,125,375,5375,1625,1500,9000
13874,125,375,5500,1625,1500,9125
13875,125,375,5500,1625,1500,9125
13876,125,375,5375,1625,1500,9000
13877,125,375,5375,1625,1500,9000
13878,125,375,5375,1625,1625,9125
13879,125,375,5375,1750,1625,9250
13880,125,375,5375,1750,1625,9250
13881,125,375,5250,1625,1500,8875
13882,125,375,5375,1750,1500,9125
13883,125,375,5375,1750,1500,9125
13884,0,375,5500,1750,1500,9125
13885,0,375,5375,1625,1500,8875
13886,125,375,5375,1625,1500,9000
13887,125,375,5375,1750,1500,9125
13888,125,375,5375,1625,1500,9000
13889,125,375,5375,1625,1500,9000
13890,125,375,5500,1625,1500,9125
13891,125,375,5375,1625,1625,9125
13892,125,375,5375,1500,1500,8875
13893,125,375,5250,1625,1625,9000
13894,125,375,5375,1625,1500,9000
13895,125,375,5375,1625,1500,9000
13896,125,500,5375,1750,1625,9375
13897,125,375,5375,1750,1500,9125
13898,125,375,5375,1625,1500,9000
13899,125,375,5375,1750,1625,9250
13900,125,375,5375,1750,1500,9125
13901,125,500,5375,1625,1500,9125
13902,125,375,5375,1625,1500,9000
13903,125,500,5250,1625,1500,9000
13904,0,375,5375,1750,1500,9000
13905,125,375,5250,1625,1375,8750
13906,125,375,5250,1625,1500,8875
13907,125,375,5375,1750,1625,9250
13908,125,375,5375,1750,1625,9250
13909,125,375,5375,1625,1500,9000
13910,125,375,5375,1625,1500,9000
13911,125,375,5375,1625,1500,9000
13912,125,375,5375,1750,1500,9125
13913,125,375,5375,1625,1500,9000
13914,125,375,5375,1625,1500,9000
13915,125,500,5375,1750,1500,9250
13916,125,375,5375,1750,1500,9125
13917,125,500,5375,1750,1500,9250
13918,125,375,5250,1625,1500,8875
13919,125,375,5375,1625,1500,9000
13920,125,500,5375,1625,1500,9125
13921,125,375,5375,1625,1500,9000
13922,125,375,5250,1625,1500,8875
13923,0,375,5375,1750,1500,9000
13924,0,375,5875,1750,1625,9625
13925,125,375,5625,1750,1500,9375
13926,125,375,5375,1625,1500,9000
13927,125,375,5375,1625,1500,9000
13928,125,375,5375,1625,1500,9000
13929,125,375,5500,1625,1500,9125
13930,125,375,5375,1625,1625,9125
13931,125,375,5250,1625,1500,8875
13932,0,375,5375,1625,1500,8875
13933,125,375,5375,1625,1500,9000
13934,125,375,5375,1625,1500,9000
13935,125,375,5500,1625,1500,9125
13936,125,500,5375,1625,1500,9125
13937,125,375,5250,1625,1500,8875
13938,125,375,5375,1625,1625,9125
13939,125,375,5375,1750,1500,9125
13940,125,375,5375,1625,1500,9000
13941,125,375,5375,1625,1500,9000
13942,125,375,5375,1750,1500,9125
13943,0,375,5500,1625,1500,9000
13944,125,375,5375,1625,1500,9000
13945,125,375,5375,1625,1500,9000
13946,125,375,5375,1750,1500,9125
13947,0,375,5375,1625,1500,8875
13948,0,375,5500,1750,1625,9250
13949,125,375,5375,1750,1500,9125
13950,125,375,5250,1625,1500,8875
13951,125,375,5375,1625,1500,9000
13952,125,375,5250,1625,1500,8875
13953,125,375,5375,1625,1375,8875
13954,125,375,5250,1625,1500,8875
13955,0,375,5500,1625,1500,9000
13956,125,375,5375,1750,1500,9125
13957,0,375,5250,1625,1500,8750
13958,125,375,5500,1750,1500,9250
13959,125,375,5375,1750,1625,9250
13960,125,375,5375,1625,1500,9000
13961,125,375,5375,1750,1500,9125
13962,0,375,5500,1625,1500,9000
13963,0,375,5375,1625,1500,8875
13964,125,375,5375,1750,1500,9125
13965,0,375,5375,1750,1500,9000
13966,125,375,5375,1625,1500,9000
13967,125,375,5375,1625,1625,9125
13968,125,375,5375,1625,1500,9000
13969,125,375,5375,1625,1500,9000
13970,125,375,5375,1625,1500,9000
13971,125,375,5375,1625,1500,9000
13972,125,375,5500,1750,1500,9250
13973,125,375,5250,1625,1500,8875
13974,125,375,5375,1625,1500,9000
13975,125,500,5375,1750,1625,9375
13976,0,375,5250,1625,1500,8750
13977,125,500,5625,1625,1500,9375
13978,125,375,5375,1625,1500,9000
13979,125,375,5375,1750,1500,9125
13980,125,500,5375,1750,1625,9375
13981,125,375,5375,1625,1500,9000
13982,125,375,5250,1750,1500,9000
13983,125,375,5375,1625,1500,9000
13984,125,375,5375,1625,1625,9125
13985,125,375,5375,1625,1500,9000
13986,125,375,5250,1750,1625,9125
13987,125,375,5375,1625,1500,9000
13988,125,375,5375,1625,1500,9000
13989,125,375,5375,1625,1625,9125
13990,125,375,5375,1750,1500,9125
13991,0,375,5375,1750,1625,9125
13992,0,375,5250,1625,1500,8750
13993,125,375,5375,1750,1500,9125
13994,125,500,5375,1625,1625,9250
13995,125,500,5375,1750,1500,9250
13996,125,375,5250,1750,1625,9125
13997,125,500,5375,1625,1500,9125
13998,125,375,5375,1625,1500,9000
13999,125,375,5375,1750,1500,9125
14000,125,375,5375,1625,1500,9000
14001,125,500,5250,1625,1500,9000
14002,125,500,5375,1625,1500,9125
14003,125,375,5250,1625,1500,8875
14004,125,375,5375,1750,1500,9125
14005,125,375,5500,1750,1500,9250
14006,125,375,5250,1750,1625,9125
14007,125,375,5375,1625,1500,9000
14008,125,375,5375,1625,1500,9000
14009,0,375,5375,1625,1500,8875
14010,125,375,5375,1625,1500,9000
14011,125,375,5375,1625,1500,9000
14012,125,375,5375,1750,1500,9125
14013,125,375,5375,1750,1625,9250
14014,125,375,5250,1625,1500,8875
14015,125,375,5500,1625,1625,9250
14016,125,500,5250,1750,1625,9250
14017,125,500,5250,1750,1625,9250
14018,125,375,5250,1625,1500,8875
14019,125,375,5375,1750,1500,9125
14020,125,375,5500,1625,1500,9125
14021,125,375,5375,1625,1500,9000
14022,125,500,5250,1625,1625,9125
14023,125,375,5375,1750,1500,9125
14024,125,500,5250,1625,1500,9000
14025,125,375,5375,1750,1500,9125
14026,0,375,5500,1750,1500,9125
14027,125,375,5375,1750,1500,9125
14028,0,375,5375,1625,1625,9000
14029,125,375,5375,1625,1500,9000
14030,125,375,5250,1750,1500,9000
14031,0,375,5375,1625,1500,8875
14032,125,500,5375,1750,1500,9250
14033,125,375,5375,1625,1500,9000
14034,125,375,5250,1625,1500,8875
14035,125,375,5375,1625,1500,9000
14036,0,375,5375,1625,1500,8875
14037,125,375,5375,1625,1500,9000
14038,125,375,5375,1625,1500,9000
14039,125,375,5375,1625,1500,9000
14040,0,375,5375,1625,1375,8750
14041,0,375,5375,1625,1500,8875
14042,125,375,5250,1625,1500,8875
14043,125,375,5375,1625,1500,9000
14044,125,375,5375,1625,1625,9125
14045,125,500,5875,1750,1625,9875
14046,125,375,5625,1750,1500,9375
14047,125,500,5375,1625,1625,9250
14048,125,500,5375,1625,1500,9125
14049,125,500,5375,1625,1500,9125
14050,125,375,5375,1625,1500,9000
14051,125,500,5375,1750,1500,9250
14052,0,375,5375,1625,1625,9000
14053,125,375,5375,1625,1500,9000
14054,125,375,5375,1625,1500,9000
14055,125,375,5375,1625,1500,9000
14056,0,375,5250,1625,1500,8750
14057,125,375,5375,1625,1500,9000
14058,125,375,5375,1750,1500,9125
14059,125,375,5250,1625,1500,8875
14060,125,500,5375,1625,1500,9125
14061,125,375,5375,1625,1625,9125
14062,125,375,5250,1625,1500,8875
14063,125,375,5375,1750,1500,9125
14064,125,375,5250,1625,1500,8875
14065,125,375,5250,1625,1500,8875
14066,125,500,5375,1625,1500,9125
14067,125,375,5375,1625,1500,9000
14068,125,375,5375,1625,1500,9000
14069,125,375,5250,1750,1375,8875
14070,125,375,5375,1625,1500,9000
14071,125,375,5375,1625,1500,9000
14072,125,375,5375,1625,1500,9000
14073,125,375,5250,1625,1500,8875
14074,125,375,5375,1625,1500,9000
14075,125,375,5250,1625,1500,8875
14076,125,375,5250,1625,1625,9000
14077,125,500,5375,1625,1500,9125
14078,125,375,5250,1625,1500,8875
14079,125,500,5500,1625,1500,9250
14080,125,375,5250,1625,1500,8875
14081,125,375,5375,1750,1625,9250
14082,125,375,5250,1625,1500,8875
14083,125,375,5250,1625,1500,8875
14084,125,375,5250,1625,1500,8875
14085,125,375,5375,1750,1500,9125
14086,125,375,5375,1750,1500,9125
14087,125,500,5375,1625,1500,9125
14088,125,500,5250,1625,1625,9125
14089,125,375,5375,1625,1500,9000
14090,125,500,5250,1625,1500,9000
14091,0,375,5375,1750,1500,9000
14092,0,375,5250,1625,1500,8750
14093,125,375,5250,1750,1625,9125
14094,125,375,5250,1625,1500,8875
14095,125,375,5375,1625,1500,9000
14096,125,500,5375,1625,1500,9125
14097,125,375,5500,1750,1625,9375
14098,0,375,5375,1750,1625,9125
14099,125,375,5250,1625,1500,8875
14100,125,500,5250,1625,1500,9000
14101,125,375,5375,1750,1625,9250
14102,0,375,5375,1625,1500,8875
14103,125,375,5375,1625,1500,9000
14104,125,375,5250,1625,1500,8875
14105,125,375,5375,1625,1500,9000
14106,125,500,5375,1750,1500,9250
14107,125,375,5250,1750,1625,9125
14108,125,375,5375,1750,1500,9125
14109,125,375,5375,1750,1500,9125
14110,125,375,5250,1625,1500,8875
14111,0,375,5375,1625,1500,8875
14112,0,375,5375,1750,1625,9125
14113,125,375,5375,1625,1500,9000
14114,0,375,5375,1625,1500,8875
14115,125,500,5375,1625,1500,9125
14116,125,500,5500,1750,1625,9500
14117,125,500,5250,1625,1500,9000
14118,125,375,5375,1625,1500,9000
14119,125,375,5375,1625,1500,9000
14120,125,375,5250,1750,1500,9000
14121,125,500,5375,1750,1500,9250
14122,125,375,5375,1750,1625,9250
14123,125,375,5375,1625,1500,9000
14124,125,375,5375,1625,1625,9125
14125,125,500,5250,1750,1500,9125
14126,0,375,5375,1625,1500,8875
14127,125,500,5500,1625,1500,9250
14128,125,375,5375,1625,1500,9000
14129,125,375,5375,1750,1625,9250
14130,125,375,5250,1625,1500,8875
14131,125,375,5250,1625,1500,8875
14132,125,375,5375,1625,1500,9000
14133,125,375,5375,1750,1500,9125
14134,125,375,5250,1625,1500,8875
14135,125,375,15750,1875,1625,19750
14136,125,500,5625,1625,1500,9375
14137,125,375,5500,1750,1500,9250
14138,125,375,5375,1750,1625,9250
14139,125,375,5250,1625,1500,8875
14140,125,375,5250,1625,1500,8875
14141,125,375,5250,1750,1500,9000
14142,125,375,5250,1625,1625,9000
14143,125,375,5375,1750,1500,9125
14144,125,500,5375,1750,1500,9250
14145,125,375,5375,1625,1500,9000
14146,0,375,5375,1625,1500,8875
14147,125,375,5375,1625,1500,9000
14148,125,375,5375,1625,1500,9000
14149,125,375,5375,1750,1625,9250
14150,125,375,5250,1625,1500,8875
14151,125,375,5375,1625,1500,9000
14152,125,500,5375,1625,1500,9125
14153,125,375,5375,1625,1500,9000
14154,0,375,5250,1625,1500,8750
14155,125,375,5250,1625,1500,8875
14156,125,500,5250,1625,1500,9000
14157,125,375,5375,1625,1500,9000
14158,125,375,5250,1625,1625,9000
14159,125,375,5375,1625,1500,9000
14160,125,500,5250,1625,1500,9000
14161,125,375,5250,1625,1625,9000
14162,125,375,5500,1750,1500,9250
14163,125,375,5250,1625,1500,8875
14164,125,500,5375,1625,1500,9125
14165,125,375,5375,1625,1625,9125
14166,125,375,5375,1625,1500,9000
14167,125,375,5875,1875,1500,9750
14168,125,375,5500,1750,1625,9375
14169,125,375,5375,1750,1500,9125
14170,125,375,5500,1625,1500,9125
14171,125,375,5250,1625,1500,8875
14172,125,375,5375,1625,1500,9000
14173,0,375,5375,1750,1625,9125
14174,125,375,5250,1625,1500,8875
14175,125,375,5375,1625,1500,9000
14176,125,500,5375,1750,1625,9375
14177,125,375,5250,1625,1500,8875
14178,0,375,5500,1625,1500,9000
14179,125,375,5250,1625,1500,8875
14180,125,375,5250,1750,1500,9000
14181,125,375,5250,1625,1500,8875
14182,125,375,5375,1750,1625,9250
14183,125,375,5375,1750,1500,9125
14184,125,375,5250,1625,1500,8875
14185,125,375,5375,1750,1500,9125
14186,125,375,5250,1625,1500,8875
14187,125,375,5375,1625,1500,9000
14188,125,500,5250,1625,1500,9000
14189,125,375,5250,1625,1500,8875
14190,125,375,5250,1625,1500,8875
14191,125,375,5375,1750,1625,9250
14192,125,375,5375,1625,1500,9000
14193,0,375,5375,1750,1500,9000
14194,125,375,5250,1625,1500,8875
14195,0,375,5375,1750,1625,9125
14196,125,375,5375,1750,1500,9125
14197,0,375,5375,1625,1500,8875
14198,125,375,5375,1625,1500,9000
14199,125,375,5250,1750,1625,9125
14200,125,375,5250,1750,1625,9125
14201,125,375,5375,1625,1500,9000
14202,125,375,5375,1625,1625,9125
14203,125,375,5250,1625,1500,8875
14204,125,500,5250,1625,1625,9125
14205,125,500,5250,1625,1500,9000
14206,0,375,5500,1750,1500,9125
14207,0,375,5125,1625,1500,8625
14208,125,375,5375,1625,1500,9000
14209,125,375,5375,1625,1500,9000
14210,125,375,5375,1625,1500,9000
14211,125,375,5500,1625,1500,9125
14212,0,375,5375,1625,1500,8875
14213,125,500,5375,1750,1500,9250
14214,125,375,5250,1750,1500,9000
14215,125,375,5375,1625,1500,9000
14216,0,375,5375,1625,1500,8875
14217,125,375,5375,1750,1500,9125
14218,125,500,5375,1625,1500,9125
14219,125,375,5375,1750,1625,9250
14220,125,375,5250,1750,1500,9000
14221,125,375,5375,1625,1500,9000
14222,125,500,5375,1625,1500,9125
14223,125,375,5250,1625,1500,8875
14224,125,375,5500,1625,1375,9000
14225,125,375,5375,1750,1500,9125
14226,0,375,5500,1625,1500,9000
14227,125,375,5375,1625,1625,9125
14228,125,375,5375,1750,1500,9125
14229,125,375,5375,1750,1375,9000
14230,125,375,5250,1625,1500,8875
14231,0,375,5250,1625,1625,8875
14232,125,375,5250,1625,1500,8875
14233,125,375,5375,1750,1500,9125
14234,125,375,5125,1625,1500,8750
14235,125,500,5375,1625,1500,9125
14236,125,375,5375,1625,1500,9000
14237,125,375,5250,1625,1500,8875
14238,125,375,5250,1625,1625,9000
14239,125,375,5375,1625,1625,9125
14240,125,375,5375,1625,1500,9000
14241,125,375,5250,1625,1500,8875
14242,125,375,5375,1750,1500,9125
14243,125,375,5375,1625,1625,9125
14244,125,375,5375,1625,1500,9000
14245,125,375,5375,1625,1500,9000
14246,0,375,5250,1625,1500,8750
14247,125,375,5375,1750,1625,9250
14248,125,375,5375,1625,1500,9000
14249,125,375,5375,1750,1500,9125
14250,0,375,5375,1750,1500,9000
14251,125,375,5375,1625,1500,9000
14252,125,375,5375,1625,1500,9000
14253,125,375,5250,1625,1500,8875
14254,125,375,5375,1625,1500,9000
14255,125,375,5375,1625,1500,9000
14256,125,500,5375,1750,1625,9375
14257,125,375,5500,1750,1500,9250
14258,125,375,5500,1625,1500,9125
14259,125,375,5250,1625,1625,9000
14260,0,375,5250,1750,1500,8875
14261,125,375,5250,1625,1500,8875
14262,125,375,5375,1625,1625,9125
14263,125,375,5375,1750,1500,9125
14264,125,500,5375,1750,1500,9250
14265,125,500,5375,1625,1500,9125
14266,125,375,5375,1750,1375,9000
14267,125,375,5375,1625,1500,9000
14268,125,375,5250,1625,1500,8875
14269,125,500,5250,1750,1500,9125
14270,0,375,5375,1750,1625,9125
14271,125,375,5250,1625,1500,8875
14272,125,375,5375,1625,1625,9125
14273,125,375,5375,1750,1500,9125
14274,125,375,5375,1750,1625,9250
14275,125,375,5375,1625,1500,9000
14276,125,375,5375,1750,1625,9250
14277,125,375,5250,1625,1500,8875
14278,125,375,5500,1625,1500,9125
14279,125,375,5375,1750,1625,9250
14280,125,375,5375,1625,1500,9000
14281,125,500,5375,1625,1500,9125
14282,125,375,5375,1625,1500,9000
14283,125,500,5250,1625,1500,9000
14284,125,375,5250,1750,1500,9000
14285,125,500,5375,1750,1500,9250
14286,0,375,5375,1750,1625,9125
14287,125,375,5250,1750,1500,9000
14288,125,500,6000,1750,1500,9875
14289,125,375,5375,1625,1500,9000
14290,125,500,5375,1625,1500,9125
14291,125,375,5375,1625,1500,9000
14292,125,500,5250,1750,1625,9250
14293,125,375,5125,1625,1500,8750
14294,125,500,5375,1750,1500,9250
14295,125,500,5375,1625,1625,9250
14296,125,500,5250,1750,1625,9250
14297,125,375,5250,1625,1500,8875
14298,125,500,5250,1750,1625,9250
14299,125,375,5250,1625,1500,8875
14300,125,500,5250,1625,1500,9000
14301,125,375,5250,1625,1625,9000
14302,125,375,5375,1625,1500,9000
14303,125,375,5375,1625,1500,9000
14304,125,375,5250,1625,1500,8875
14305,125,375,5250,1625,1500,8875
14306,125,375,5250,1625,1625,9000
14307,0,375,5250,1625,1625,8875
14308,125,375,5375,1750,1500,9125
14309,0,375,5375,1750,1500,9000
14310,125,375,5375,1750,1500,9125
14311,125,375,5250,1750,1625,9125
14312,125,375,5375,1625,1500,9000
14313,125,375,5375,1750,1625,9250
14314,125,500,5250,1625,1500,9000
14315,125,500,5375,1750,1625,9375
14316,125,375,5250,1625,1500,8875
14317,125,375,5250,1625,1375,8750
14318,125,375,5250,1625,1625,9000
14319,125,375,5250,1750,1500,9000
14320,0,375,5375,1750,1500,9000
14321,125,375,5250,1625,1625,9000
14322,125,375,5250,1625,1500,8875
14323,125,375,5375,1750,1625,9250
14324,125,375,5375,1625,1500,9000
14325,125,375,5250,1625,1500,8875
14326,125,500,5375,1625,1500,9125
14327,0,375,5250,1500,1500,8625
14328,125,375,5375,1750,1500,9125
14329,125,375,5250,1625,1625,9000
14330,125,375,5250,1750,1500,9000
14331,125,375,5375,1625,1500,9000
14332,0,375,5375,1625,1500,8875
14333,0,375,5375,1750,1625,9125
14334,125,375,5375,1625,1500,9000
14335,125,375,5250,1625,1500,8875
14336,125,375,5375,1750,1625,9250
14337,125,375,5375,1750,1625,9250
14338,125,375,5375,1625,1500,9000
14339,125,375,5250,1625,1625,9000
14340,125,375,5250,1625,1500,8875
14341,125,375,5375,1750,1500,9125
14342,125,500,5375,1750,1500,9250
14343,125,375,5375,1750,1500,9125
14344,125,375,5375,1625,1500,9000
14345,125,375,5375,1625,1500,9000
14346,125,375,5375,1625,1500,9000
14347,125,500,5375,1625,1500,9125
14348,125,375,5250,1625,1500,8875
14349,125,375,5250,1625,1500,8875
14350,125,375,5375,1625,1625,9125
14351,125,375,5250,1750,1625,9125
14352,125,375,5250,1750,1625,9125
14353,125,375,5375,1625,1500,9000
14354,125,375,5375,1625,1375,8875
14355,125,375,5250,1750,1500,9000
14356,125,375,5375,1625,1500,9000
14357,125,375,5375,1750,1500,9125
14358,125,375,5250,1625,1500,8875
14359,125,375,5500,1625,1500,9125
14360,0,375,5375,1625,1500,8875
14361,125,375,5375,1625,1500,9000
14362,125,375,5250,1625,1500,8875
14363,125,375,5500,1625,1500,9125
14364,125,375,5375,1750,1625,9250
14365,0,375,5375,1750,1500,9000
14366,0,375,5375,1625,1500,8875
14367,125,375,5375,1625,1500,9000
14368,125,375,5250,1750,1625,9125
14369,125,375,5375,1625,1500,9000
14370,125,375,5250,1625,1625,9000
14371,125,500,5375,1625,1500,9125
14372,125,375,5375,1625,1500,9000
14373,0,375,5375,1625,1500,8875
14374,125,375,5250,1625,1500,8875
14375,125,375,5500,1750,1500,9250
14376,125,375,5250,1750,1500,9000
14377,125,375,5500,1625,1625,9250
14378,125,375,5250,1750,1625,9125
14379,125,375,5375,1750,1500,9125
14380,0,375,5375,1625,1625,9000
14381,125,375,5375,1625,1500,9000
14382,125,375,5250,1625,1500,8875
14383,125,375,5375,1625,1500,9000
14384,125,375,5375,1750,1625,9250
14385,125,375,5375,1750,1625,9250
14386,125,375,5250,1625,1500,8875
14387,125,375,5375,1750,1500,9125
14388,125,375,5375,1625,1500,9000
14389,0,375,5375,1625,1625,9000
14390,125,375,5250,1625,1500,8875
14391,125,375,5500,1750,1500,9250
14392,125,375,5250,1750,1500,9000
14393,125,375,5375,1625,1500,9000
14394,125,375,5250,1750,1500,9000
14395,125,375,5250,1625,1500,8875
14396,125,375,5375,1625,1500,9000
14397,125,500,5500,1750,1625,9500
14398,125,375,5375,1750,1625,9250
14399,125,375,5250,1625,1500,8875
14400,125,375,5375,1750,1500,9125
14401,125,375,5375,1625,1500,9000
14402,125,375,5375,1750,1500,9125
14403,125,375,5375,1625,1500,9000
14404,125,375,5125,1625,1500,8750
14405,0,375,5250,1625,1625,8875
14406,125,375,5375,1750,1625,9250
14407,0,375,5375,1750,1625,9125
14408,125,375,5375,1625,1625,9125
14409,125,375,5875,1875,1500,9750
14410,125,375,5500,1750,1625,9375
14411,125,375,5375,1750,1500,9125
14412,0,375,5500,1750,1500,9125
14413,125,375,5375,1750,1500,9125
14414,0,375,5375,1625,1500,8875
14415,125,500,5250,1625,1500,9000
14416,125,375,5375,1625,1500,9000
14417,0,375,5500,1625,1500,9000
14418,0,375,5375,1750,1500,9000
14419,0,375,5375,1625,1500,8875
14420,125,375,5375,1750,1500,9125
14421,125,375,5250,1625,1625,9000
14422,125,375,5250,1625,1500,8875
14423,125,375,5250,1625,1500,8875
14424,125,375,5375,1750,1625,9250
14425,125,375,5250,1750,1500,9000
14426,125,375,5250,1625,1625,9000
14427,125,500,5250,1750,1625,9250
14428,125,375,5375,1625,1500,9000
14429,125,375,5375,1625,1625,9125
14430,125,375,5375,1625,1625,9125
14431,125,375,5250,1625,1500,8875
14432,125,375,5250,1625,1500,8875
14433,125,375,5375,1750,1500,9125
14434,125,375,5500,1750,1500,9250
14435,0,375,5375,1750,1500,9000
14436,125,375,5375,1625,1500,9000
14437,125,375,5250,1625,1500,8875
14438,0,375,5375,1625,1500,8875
14439,125,375,5375,1750,1500,9125
14440,125,375,5250,1625,1500,8875
14441,125,375,5250,1625,1500,8875
14442,125,375,5375,1625,1500,9000
14443,125,500,5375,1750,1500,9250
14444,125,500,5375,1625,1500,9125
14445,125,500,5250,1625,1500,9000
14446,125,500,5375,1625,1625,9250
14447,125,375,5375,1625,1625,9125
14448,125,375,5375,1750,1500,9125
14449,125,375,5375,1750,1500,9125
14450,125,375,5500,1625,1500,9125
14451,125,375,5375,1625,1500,9000
14452,125,375,5375,1750,1500,9125
14453,0,375,5375,1625,1500,8875
14454,125,375,5250,1625,1500,8875
14455,125,375,5375,1625,1500,9000
14456,125,375,5375,1625,1500,9000
14457,125,375,5375,1625,1625,9125
14458,125,375,5375,1750,1625,9250
14459,125,375,5375,1625,1500,9000
14460,125,375,5375,1625,1500,9000
14461,125,375,5125,1625,1500,8750
14462,125,375,5375,1625,1500,9000
14463,125,375,5375,1750,1500,9125
14464,125,375,5375,1750,1625,9250
14465,0,375,5500,1625,1500,9000
14466,125,375,5375,1625,1500,9000
14467,125,500,5375,1625,1500,9125
14468,125,375,5375,1750,1500,9125
14469,0,375,5500,1750,1625,9250
14470,0,375,5375,1625,1500,8875
14471,125,375,5250,1625,1500,8875
14472,125,375,5250,1625,1500,8875
14473,125,375,5375,1750,1625,9250
14474,125,375,5250,1750,1500,9000
14475,125,375,5250,1750,1500,9000
14476,125,375,5250,1625,1500,8875
14477,125,375,5375,1750,1500,9125
14478,125,375,5375,1750,1500,9125
14479,125,375,6000,1750,1625,9875
14480,125,375,5500,1625,1500,9125
14481,125,375,5375,1750,1500,9125
14482,0,375,5500,1750,1500,9125
14483,0,375,5375,1750,1625,9125
14484,125,375,5375,1625,1625,9125
14485,125,375,5250,1625,1500,8875
14486,0,375,5375,1625,1500,8875
14487,125,375,5375,1750,1500,9125
14488,125,375,5375,1625,1500,9000
14489,125,375,5250,1625,1500,8875
14490,125,375,5375,1750,1500,9125
14491,125,375,5375,1750,1625,9250
14492,125,375,5250,1625,1625,9000
14493,125,375,5250,1625,1500,8875
14494,125,375,5250,1625,1625,9000
14495,125,375,5250,1625,1500,8875
14496,0,375,5375,1750,1625,9125
14497,125,375,5375,1625,1500,9000
14498,125,375,5375,1625,1500,9000
14499,125,375,5250,1625,1500,8875
14500,125,375,5250,1625,1625,9000
14501,125,375,5375,1625,1500,9000
14502,125,375,5375,1625,1500,9000
14503,125,375,5375,1625,1500,9000
14504,125,375,5250,1625,1500,8875
14505,125,375,5250,1625,1500,8875
14506,125,375,5375,1625,1500,9000
14507,125,375,5375,1625,1500,9000
14508,125,375,5250,1625,1500,8875
14509,0,375,5375,1625,1625,9000
14510,0,375,5375,1625,1500,8875
14511,125,375,5375,1625,1500,9000
14512,125,375,5375,1625,1500,9000
14513,125,375,5375,1625,1500,9000
14514,125,375,5250,1625,1500,8875
14515,125,375,5500,1625,1500,9125
14516,125,375,5375,1625,1500,9000
14517,125,375,5375,1625,1500,9000
14518,125,375,5375,1625,1500,9000
14519,125,375,5375,1625,1500,9000
14520,125,500,5250,1625,1500,9000
14521,125,500,5375,1750,1625,9375
14522,125,375,5250,1625,1500,8875
14523,125,375,5250,1625,1625,9000
14524,125,375,5500,1625,1500,9125
14525,125,375,5375,1625,1500,9000
14526,125,375,5375,1625,1500,9000
14527,125,375,5250,1625,1625,9000
14528,125,375,5375,1750,1375,9000
14529,125,375,5250,1750,1500,9000
14530,0,375,5375,1625,1500,8875
14531,125,500,6000,1875,1500,10000
14532,125,500,5500,1625,1500,9250
14533,125,375,5375,1750,1625,9250
14534,125,375,5375,1625,1625,9125
14535,125,500,5500,1625,1500,9250
14536,125,500,5375,1625,1500,9125
14537,125,375,5375,1625,1500,9000
14538,125,375,5375,1750,1625,9250
14539,125,375,5250,1625,1500,8875
14540,125,375,5500,1750,1500,9250
14541,125,375,5375,1750,1500,9125
14542,0,375,5375,1625,1500,8875
14543,125,375,5250,1750,1500,9000
14544,0,375,5375,1750,1500,9000
14545,0,375,5500,1625,1500,9000
14546,125,375,5500,1750,1500,9250
14547,125,375,5250,1625,1625,9000
14548,0,375,5250,1625,1500,8750
14549,125,375,5250,1625,1625,9000
14550,125,375,5250,1625,1500,8875
14551,125,375,5375,1625,1500,9000
14552,125,500,5375,1750,1500,9250
14553,0,375,5375,1625,1500,8875
14554,125,375,5250,1625,1500,8875
14555,125,375,5500,1750,1500,9250
14556,125,375,5375,1625,1500,9000
14557,125,375,5250,1625,1500,8875
14558,125,375,5375,1625,1500,9000
14559,125,500,5250,1625,1500,9000
14560,125,375,5375,1750,1625,9250
14561,125,375,5375,1625,1500,9000
14562,125,375,5500,1625,1500,9125
14563,0,375,5250,1625,1500,8750
14564,125,500,5375,1625,1375,9000
14565,125,375,5375,1750,1500,9125
14566,125,375,5250,1750,1500,9000
14567,125,500,5375,1750,1625,9375
14568,125,375,5250,1750,1500,9000
14569,125,375,5250,1750,1500,9000
14570,125,375,5250,1750,1500,9000
14571,125,375,5375,1750,1625,9250
14572,0,375,5375,1625,1500,8875
14573,125,375,5250,1625,1500,8875
14574,125,375,5375,1625,1500,9000
14575,0,375,5500,1750,1500,9125
14576,125,375,5375,1625,1500,9000
14577,125,375,5375,1750,1625,9250
14578,125,375,5250,1625,1625,9000
14579,125,375,5250,1625,1500,8875
14580,125,375,5375,1625,1500,9000
14581,125,375,5250,1625,1500,8875
14582,125,375,5375,1625,1500,9000
14583,125,500,5375,1625,1500,9125
14584,125,375,5375,1625,1500,9000
14585,125,375,5250,1750,1500,9000
14586,125,375,5375,1625,1625,9125
14587,125,375,5250,1750,1625,9125
14588,125,375,5500,1625,1500,9125
14589,125,500,5375,1625,1500,9125
14590,125,375,5375,1625,1500,9000
14591,125,500,5375,1750,1500,9250
14592,125,375,5375,1750,1625,9250
14593,125,375,5250,1625,1500,8875
14594,125,375,5250,1625,1500,8875
14595,125,375,5250,1625,1500,8875
14596,125,375,5250,1750,1500,9000
14597,125,375,5375,1625,1500,9000
14598,125,500,5375,1750,1500,9250
14599,125,375,5250,1625,1500,8875
14600,125,375,5375,1750,1500,9125
14601,125,375,5375,1625,1500,9000
14602,125,500,5250,1625,1500,9000
14603,125,375,5250,1625,1500,8875
14604,125,500,5375,1750,1500,9250
14605,125,375,5250,1625,1625,9000
14606,125,375,5375,1625,1500,9000
14607,125,375,5250,1750,1625,9125
14608,125,375,5250,1625,1500,8875
14609,125,375,5375,1750,1500,9125
14610,125,375,5375,1625,1500,9000
14611,125,375,5250,1750,1500,9000
14612,125,375,5375,1625,1500,9000
14613,125,500,5250,1625,1500,9000
14614,125,375,5375,1750,1500,9125
14615,125,375,5375,1750,1500,9125
14616,0,375,5250,1625,1500,8750
14617,0,375,5375,1750,1500,9000
14618,125,375,5375,1625,1500,9000
14619,125,375,5375,1750,1500,9125
14620,0,375,5375,1625,1500,8875
14621,125,375,5375,1625,1625,9125
14622,125,375,5500,1750,1625,9375
14623,125,375,5375,1625,1500,9000
14624,0,375,5375,1750,1500,9000
14625,125,500,5375,1625,1500,9125
14626,125,375,5250,1625,1625,9000
14627,125,375,5250,1625,1500,8875
14628,125,375,5250,1625,1500,8875
14629,125,375,5375,1750,1500,9125
14630,125,375,5375,1750,1625,9250
14631,125,375,5250,1625,1500,8875
14632,125,375,5375,1625,1500,9000
14633,0,375,5500,1625,1500,9000
14634,125,375,5500,1625,1500,9125
14635,125,375,5375,1750,1625,9250
14636,125,375,5250,1625,1500,8875
14637,125,375,5250,1625,1500,8875
14638,0,375,5375,1625,1500,8875
14639,125,375,5375,1750,1625,9250
14640,125,375,5250,1625,1625,9000
14641,125,375,5250,1625,1500,8875
14642,125,500,5375,1625,1500,9125
14643,125,375,5375,1750,1500,9125
14644,125,375,5250,1625,1500,8875
14645,125,375,5250,1625,1500,8875
14646,125,375,5375,1625,1500,9000
14647,125,375,5375,1625,1500,9000
14648,0,375,5250,1750,1625,9000
14649,125,375,5250,1625,1500,8875
14650,125,500,5375,1625,1500,9125
14651,125,375,5250,1750,1625,9125
14652,0,375,5750,1750,1500,9375
14653,125,375,5500,1750,1625,9375
14654,125,375,5375,1625,1500,9000
14655,125,375,5250,1625,1500,8875
14656,125,500,5375,1750,1625,9375
14657,125,375,5375,1625,1500,9000
14658,125,500,5375,1750,1500,9250
14659,125,375,5375,1625,1500,9000
14660,0,375,5375,1750,1625,9125
14661,125,375,5375,1625,1500,9000
14662,125,375,5375,1625,1500,9000
14663,125,375,5250,1750,1500,9000
14664,125,500,5375,1750,1625,9375
14665,0,375,5375,1625,1500,8875
14666,125,375,5375,1625,1500,9000
14667,125,375,5375,1750,1625,9250
14668,125,500,5375,1750,1500,9250
14669,125,375,5375,1625,1500,9000
14670,125,375,5250,1625,1500,8875
14671,125,375,5375,1625,1625,9125
14672,125,375,5250,1625,1375,8750
14673,0,375,5375,1625,1625,9000
14674,125,375,5250,1625,1500,8875
14675,125,375,5250,1625,1500,8875
14676,125,375,5375,1625,1500,9000
14677,125,375,5250,1625,1625,9000
14678,125,375,5375,1625,1500,9000
14679,125,375,5250,1625,1500,8875
14680,125,375,5375,1625,1500,9000
14681,125,375,5375,1625,1500,9000
14682,125,375,5250,1625,1500,8875
14683,125,375,5375,1625,1500,9000
14684,0,375,5375,1625,1500,8875
14685,125,375,5500,1625,1500,9125
14686,125,375,5375,1625,1500,9000
14687,125,375,5375,1625,1500,9000
14688,125,375,5375,1750,1625,9250
14689,125,375,5375,1625,1500,9000
14690,125,375,5250,1625,1500,8875
14691,0,375,5375,1750,1500,9000
14692,125,375,5375,1750,1500,9125
14693,125,375,5375,1750,1625,9250
14694,125,375,5500,1750,1500,9250
14695,0,375,5375,1625,1500,8875
14696,125,375,5375,1750,1500,9125
14697,125,500,5500,1625,1625,9375
14698,125,375,5250,1625,1500,8875
14699,125,375,5250,1625,1500,8875
14700,0,375,5500,1750,1625,9250
14701,125,375,5250,1750,1500,9000
14702,125,375,5375,1625,1500,9000
14703,0,375,5375,1750,1500,9000
14704,125,375,5375,1625,1500,9000
14705,125,500,5375,1625,1500,9125
14706,125,375,5375,1625,1500,9000
14707,125,375,5375,1625,1500,9000
14708,125,500,5375,1750,1625,9375
14709,125,375,5500,1750,1625,9375
14710,125,375,5250,1625,1500,8875
14711,0,375,5375,1625,1500,8875
14712,125,375,5375,1625,1500,9000
14713,0,375,5375,1750,1500,9000
14714,0,375,5375,1625,1500,8875
14715,125,375,5250,1750,1500,9000
14716,125,375,5250,1625,1500,8875
14717,125,375,5250,1750,1625,9125
14718,125,375,5250,1625,1500,8875
14719,0,375,5375,1750,1625,9125
14720,125,375,5375,1625,1375,8875
14721,0,375,5375,1625,1500,8875
14722,125,375,5375,1750,1625,9250
14723,125,500,5500,1625,1500,9250
14724,125,375,5375,1625,1500,9000
14725,125,375,5375,1750,1500,9125
14726,125,375,5375,1625,1500,9000
14727,125,375,5375,1625,1500,9000
14728,125,375,5375,1750,1500,9125
14729,125,375,5375,1625,1500,9000
14730,125,375,5375,1750,1625,9250
14731,125,375,5250,1750,1625,9125
14732,125,375,5250,1750,1500,9000
14733,125,375,5500,1625,1500,9125
14734,125,375,5500,1750,1500,9250
14735,125,375,5250,1750,1500,9000
14736,125,375,5375,1750,1500,9125
14737,125,375,5375,1625,1500,9000
14738,125,375,5375,1625,1625,9125
14739,125,375,5375,1625,1500,9000
14740,125,375,5250,1625,1500,8875
14741,125,375,5250,1625,1500,8875
14742,125,500,5250,1625,1625,9125
14743,125,375,5375,1625,1500,9000
14744,125,375,5375,1625,1500,9000
14745,125,375,5250,1625,1500,8875
14746,125,375,5375,1750,1625,9250
14747,125,375,5250,1625,1500,8875
14748,125,375,5375,1625,1500,9000
14749,0,375,5375,1750,1500,9000
14750,125,375,5500,1625,1500,9125
14751,0,375,5375,1750,1625,9125
14752,125,375,5375,1625,1500,9000
14753,125,375,5250,1625,1500,8875
14754,125,500,5375,1750,1625,9375
14755,125,375,5250,1625,1500,8875
14756,125,375,5375,1625,1500,9000
14757,125,375,5375,1625,1500,9000
14758,125,375,5375,1750,1625,9250
14759,125,375,5375,1625,1500,9000
14760,125,375,5250,1625,1500,8875
14761,125,375,5375,1750,1625,9250
14762,125,375,5375,1625,1625,9125
14763,0,375,5375,1750,1625,9125
14764,125,375,5500,1750,1500,9250
14765,125,375,5250,1625,1500,8875
14766,0,375,5375,1750,1625,9125
14767,125,375,5375,1625,1375,8875
14768,125,375,5250,1750,1500,9000
14769,125,375,5500,1625,1500,9125
14770,125,375,5375,1625,1500,9000
14771,125,375,5375,1625,1625,9125
14772,125,375,5250,1750,1500,9000
14773,125,375,5375,1750,1500,9125
14774,125,375,6000,1750,1625,9875
14775,0,375,5750,1750,1625,9500
14776,125,375,5375,1625,1500,9000
14777,125,375,5375,1750,1625,9250
14778,125,375,5375,1750,1500,9125
14779,0,375,5625,1625,1500,9125
14780,125,500,5375,1625,1500,9125
14781,125,375,5500,1625,1500,9125
14782,125,375,5250,1625,1500,8875
14783,125,375,5500,1750,1500,9250
14784,125,375,5375,1750,1625,9250
14785,125,500,5250,1625,1500,9000
14786,125,500,5375,1750,1625,9375
14787,125,375,5250,1625,1500,8875
14788,125,375,5375,1625,1500,9000
14789,125,375,5375,1625,1500,9000
14790,125,500,5250,1625,1500,9000
14791,125,375,5250,1750,1500,9000
14792,0,375,5500,1625,1500,9000
14793,125,375,5375,1625,1500,9000
14794,125,375,5375,1625,1500,9000
14795,125,375,5375,1750,1625,9250
14796,125,375,5375,1750,1500,9125
14797,125,375,5375,1750,1500,9125
14798,125,375,5500,1625,1500,9125
14799,125,375,5250,1625,1500,8875
14800,125,375,5375,1625,1500,9000
14801,0,375,5375,1625,1500,8875
14802,125,375,5250,1625,1500,8875
14803,125,375,5250,1625,1500,8875
14804,125,375,5375,1625,1500,9000
14805,125,375,5375,1625,1500,9000
14806,125,375,5375,1750,1625,9250
14807,125,375,5375,1625,1500,9000
14808,125,375,5250,1625,1500,8875
14809,0,375,5375,1625,1500,8875
14810,125,500,5375,1625,1500,9125
14811,125,375,5250,1750,1625,9125
14812,125,375,5250,1625,1500,8875
14813,125,375,5375,1625,1500,9000
14814,125,375,5250,1625,1500,8875
14815,125,375,5500,1750,1500,9250
14816,125,375,5375,1625,1500,9000
14817,125,375,5375,1750,1500,9125
14818,0,375,5250,1625,1500,8750
14819,125,375,5375,1750,1500,9125
14820,125,375,5250,1625,1500,8875
14821,125,375,5250,1625,1500,8875
14822,0,375,15500,1875,1625,19375
14823,125,375,5625,1750,1625,9500
14824,125,375,5500,1750,1500,9250
14825,125,500,5250,1625,1500,9000
14826,0,375,5375,1625,1625,9000
14827,125,375,5375,1750,1625,9250
14828,125,375,5375,1750,1500,9125
14829,125,375,5375,1625,1500,9000
14830,125,375,5375,1750,1625,9250
14831,125,375,5250,1625,1500,8875
14832,125,375,5250,1750,1500,9000
14833,125,375,5375,1625,1500,9000
14834,125,375,5250,1625,1500,8875
14835,125,375,5250,1750,1500,9000
14836,125,375,5250,1750,1500,9000
14837,125,375,5375,1625,1500,9000
14838,125,375,5250,1625,1500,8875
14839,125,500,5250,1625,1500,9000
14840,0,375,5375,1625,1625,9000
14841,0,375,5375,1750,1625,9125
14842,125,375,5250,1625,1500,8875
14843,0,375,5375,1750,1500,9000
14844,125,375,5250,1625,1500,8875
14845,125,375,5375,1750,1500,9125
14846,125,375,5375,1750,1625,9250
14847,125,500,5250,1625,1500,9000
14848,125,500,5250,1625,1500,9000
14849,125,375,5375,1750,1500,9125
14850,125,375,5625,1750,1625,9500
14851,125,375,5500,1625,1500,9125
14852,125,375,5250,1625,1625,9000
14853,125,375,5250,1625,1500,8875
14854,125,500,5375,1625,1500,9125
14855,125,375,5375,1750,1500,9125
14856,125,375,5375,1750,1500,9125
14857,125,375,5375,1625,1500,9000
14858,0,375,5250,1625,1500,8750
14859,125,375,5250,1750,1500,9000
14860,125,375,5375,1625,1500,9000
14861,125,375,5375,1625,1625,9125
14862,125,375,5250,1750,1625,9125
14863,0,375,5375,1625,1500,8875
14864,125,375,5250,1625,1500,8875
14865,125,375,5375,1750,1500,9125
14866,0,375,5375,1625,1500,8875
14867,125,375,5250,1625,1500,8875
14868,125,375,5250,1625,1500,8875
14869,125,375,5375,1625,1500,9000
14870,125,375,5375,1625,1500,9000
14871,125,375,5500,1750,1500,9250
14872,125,375,5375,1625,1500,9000
14873,125,375,5375,1750,1625,9250
14874,125,375,5250,1625,1500,8875
14875,125,375,5375,1625,1500,9000
14876,125,500,5375,1625,1500,9125
14877,125,375,5375,1750,1625,9250
14878,125,375,5250,1625,1625,9000
14879,125,375,5375,1750,1500,9125
14880,125,375,5375,1625,1500,9000
14881,125,375,5375,1625,1500,9000
14882,0,375,5250,1625,1625,8875
14883,125,500,5375,1750,1500,9250
14884,125,375,5375,1750,1625,9250
14885,125,500,5250,1625,1500,9000
14886,125,375,5375,1625,1500,9000
14887,125,500,5375,1750,1500,9250
14888,125,375,5250,1625,1500,8875
14889,125,375,5375,1625,1500,9000
14890,125,375,5500,1750,1625,9375
14891,125,375,5500,1625,1500,9125
14892,125,375,5375,1625,1500,9000
14893,125,375,5375,1750,1375,9000
14894,125,375,5375,1625,1500,9000
14895,125,500,6000,1875,1625,10125
14896,125,375,5500,1750,1500,9250
14897,125,375,5500,1625,1500,9125
14898,0,375,5500,1750,1500,9125
14899,125,375,5250,1625,1500,8875
14900,125,375,5375,1750,1500,9125
14901,125,375,5375,1625,1500,9000
14902,125,375,5375,1625,1500,9000
14903,125,375,5375,1625,1625,9125
14904,125,375,5375,1750,1500,9125
14905,125,375,5250,1750,1500,9000
14906,125,500,5375,1750,1625,9375
14907,0,375,5375,1750,1500,9000
14908,125,375,5500,1750,1625,9375
14909,125,375,5250,1625,1500,8875
14910,125,500,5375,1625,1500,9125
14911,125,375,5375,1750,1500,9125
14912,125,375,5375,1750,1500,9125
14913,125,375,5375,1750,1625,9250
14914,0,375,5250,1625,1500,8750
14915,125,375,5250,1625,1500,8875
14916,125,375,5500,1625,1500,9125
14917,125,500,5500,1750,1625,9500
14918,125,375,5250,1750,1625,9125
14919,125,500,5375,1750,1625,9375
14920,125,375,5375,1750,1625,9250
14921,125,375,5250,1625,1500,8875
14922,125,375,5375,1750,1500,9125
14923,125,375,5250,1750,1500,9000
14924,125,375,5375,1750,1625,9250
14925,125,500,5375,1625,1500,9125
14926,125,375,5250,1625,1500,8875
14927,125,375,5375,1750,1500,9125
14928,125,375,5375,1625,1500,9000
14929,125,375,5375,1625,1500,9000
14930,125,375,5250,1750,1500,9000
14931,0,375,5500,1625,1500,9000
14932,125,375,5375,1625,1500,9000
14933,125,375,5250,1625,1500,8875
14934,125,375,5500,1625,1500,9125
14935,125,375,5375,1625,1500,9000
14936,125,375,5375,1625,1500,9000
14937,125,500,5250,1750,1500,9125
14938,125,375,5375,1625,1500,9000
14939,125,375,5250,1750,1500,9000
14940,125,375,5375,1625,1500,9000
14941,125,375,5375,1750,1500,9125
14942,125,375,5375,1625,1500,9000
14943,125,375,5375,1750,1500,9125
14944,125,375,5375,1625,1500,9000
14945,125,375,5250,1750,1500,9000
14946,125,500,5500,1750,1500,9375
14947,125,375,5250,1625,1500,8875
14948,125,500,5375,1625,1500,9125
14949,125,375,5500,1750,1625,9375
14950,125,375,5375,1625,1500,9000
14951,125,375,5250,1750,1500,9000
14952,125,375,5250,1625,1500,8875
14953,125,375,5375,1625,1500,9000
14954,0,375,5375,1750,1625,9125
14955,125,375,5250,1625,1500,8875
14956,125,375,5375,1625,1500,9000
14957,125,375,5250,1625,1500,8875
14958,125,375,5250,1750,1500,9000
14959,125,375,5375,1625,1625,9125
14960,125,375,5250,1750,1500,9000
14961,125,375,5375,1625,1500,9000
14962,125,500,5375,1625,1500,9125
14963,125,500,5375,1625,1500,9125
14964,125,375,5375,1750,1500,9125
14965,125,375,5375,1625,1500,9000
14966,125,375,5375,1625,1500,9000
14967,125,375,5250,1750,1625,9125
14968,125,375,5250,1625,1500,8875
14969,125,375,5375,1625,1500,9000
14970,125,375,5375,1750,1500,9125
14971,125,375,5250,1625,1500,8875
14972,125,375,5250,1750,1500,9000
14973,125,375,5250,1625,1500,8875
14974,0,375,5500,1625,1500,9000
14975,125,375,5375,1750,1500,9125
14976,125,375,5250,1625,1500,8875
14977,125,375,5375,1750,1500,9125
14978,125,375,5375,1625,1500,9000
14979,125,375,5375,1750,1500,9125
14980,125,375,5250,1625,1625,9000
14981,125,375,5375,1625,1500,9000
14982,0,375,5375,1625,1500,8875
14983,125,500,5375,1625,1500,9125
14984,125,375,5375,1750,1500,9125
14985,125,375,5375,1750,1500,9125
14986,0,375,5375,1750,1625,9125
14987,125,375,5250,1625,1500,8875
14988,125,500,5375,1625,1500,9125
14989,125,375,5375,1750,1500,9125
14990,125,375,5375,1750,1500,9125
14991,0,375,5375,1625,1500,8875
14992,125,375,5250,1625,1500,8875
14993,125,375,5250,1750,1500,9000
14994,125,375,5250,1625,1500,8875
14995,125,500,5375,1750,1500,9250
14996,125,375,5250,1625,1500,8875
14997,125,375,5375,1750,1500,9125
14998,125,375,5375,1750,1625,9250
14999,125,375,5250,1625,1500,8875
15000,125,500,5375,1625,1500,9125
15001,125,375,5250,1625,1625,9000
15002,125,375,5250,1625,1500,8875
15003,125,375,5375,1750,1500,9125
15004,0,375,5375,1625,1625,9000
15005,125,375,5375,1625,1500,9000
15006,0,375,5375,1750,1500,9000
15007,125,500,5375,1625,1500,9125
15008,0,375,5250,1625,1625,8875
15009,125,375,5500,1625,1500,9125
15010,125,375,5375,1625,1500,9000
15011,125,375,5500,1750,1500,9250
15012,125,375,5375,1625,1500,9000
15013,0,375,5375,1750,1500,9000
15014,125,375,5375,1625,1500,9000
15015,125,375,5375,1625,1500,9000
15016,125,375,6000,1750,1500,9750
15017,125,375,5875,1750,1625,9750
15018,125,375,5375,1750,1625,9250
15019,125,375,5250,1625,1500,8875
15020,125,375,5375,1750,1500,9125
15021,125,375,5375,1750,1500,9125
15022,125,375,5375,1750,1500,9125
15023,125,375,5500,1625,1500,9125
15024,125,500,5375,1750,1500,9250
15025,125,375,5375,1625,1500,9000
15026,125,375,5250,1625,1500,8875
15027,125,375,5375,1625,1625,9125
15028,125,375,5500,1625,1500,9125
15029,125,375,5250,1625,1500,8875
15030,125,375,5375,1750,1625,9250
15031,125,375,5500,1750,1500,9250
15032,125,375,5250,1625,1500,8875
15033,0,375,5250,1625,1500,8750
15034,125,375,5250,1750,1500,9000
15035,125,375,5375,1625,1500,9000
15036,125,375,5375,1750,1500,9125
15037,125,375,5500,1750,1625,9375
15038,125,375,5375,1750,1500,9125
15039,125,375,5250,1750,1500,9000
15040,125,375,5250,1625,1500,8875
15041,125,500,5375,1750,1625,9375
15042,125,500,5375,1750,1500,9250
15043,125,375,5375,1750,1500,9125
15044,0,375,5125,1625,1500,8625
15045,125,375,5375,1625,1625,9125
15046,0,375,5500,1750,1500,9125
15047,125,375,5250,1750,1500,9000
15048,125,375,5375,1625,1500,9000
15049,0,375,5500,1750,1625,9250
15050,125,375,5375,1750,1500,9125
15051,125,375,5375,1625,1500,9000
15052,125,375,5375,1625,1500,9000
15053,125,375,5375,1625,1625,9125
15054,0,375,5500,1750,1500,9125
15055,0,375,5250,1625,1500,8750
15056,125,500,5375,1750,1500,9250
15057,125,375,5250,1625,1625,9000
15058,125,375,5500,1625,1625,9250
15059,125,375,5375,1750,1625,9250
15060,125,375,5375,1625,1500,9000
15061,125,375,5375,1625,1500,9000
15062,125,500,5250,1625,1500,9000
15063,125,375,5375,1750,1500,9125
15064,0,375,5500,1750,1625,9250
15065,125,375,5250,1750,1625,9125
15066,125,375,5375,1750,1500,9125
15067,125,500,5375,1750,1500,9250
15068,125,500,5250,1750,1625,9250
15069,125,375,5375,1625,1500,9000
15070,0,375,5500,1625,1500,9000
15071,125,500,5375,1750,1625,9375
15072,125,375,5500,1625,1500,9125
15073,0,375,5375,1750,1625,9125
15074,0,375,5375,1625,1500,8875
15075,125,500,5375,1625,1500,9125
15076,125,375,5375,1625,1500,9000
15077,125,375,5250,1625,1500,8875
15078,125,375,5500,1625,1500,9125
15079,125,375,5375,1625,1375,8875
15080,0,375,5500,1750,1500,9125
15081,0,375,5250,1625,1500,8750
15082,125,500,5375,1750,1500,9250
15083,125,375,5250,1750,1625,9125
15084,125,375,5375,1625,1500,9000
15085,125,375,5500,1750,1500,9250
15086,125,375,5500,1625,1500,9125
15087,125,375,5250,1625,1500,8875
15088,125,375,5375,1750,1500,9125
15089,125,375,5500,1750,1625,9375
15090,125,375,5250,1750,1500,9000
15091,125,375,5500,1625,1500,9125
15092,0,375,5375,1625,1500,8875
15093,0,375,5500,1625,1500,9000
15094,125,375,5500,1750,1500,9250
15095,125,375,5250,1750,1500,9000
15096,125,375,5375,1625,1500,9000
15097,125,375,5375,1750,1625,9250
15098,125,375,5500,1625,1500,9125
15099,125,375,5375,1625,1500,9000
15100,125,375,5375,1750,1500,9125
15101,0,375,5500,1625,1500,9000
15102,125,375,5375,1750,1500,9125
15103,0,375,5375,1625,1625,9000
15104,125,375,5375,1625,1500,9000
15105,125,500,5375,1625,1500,9125
15106,0,375,5500,1750,1500,9125
15107,125,375,5375,1625,1500,9000
15108,0,375,5375,1625,1500,8875
15109,125,375,5250,1750,1500,9000
15110,125,375,5375,1750,1375,9000
15111,0,375,5500,1625,1500,9000
15112,125,375,5250,1625,1500,8875
15113,125,375,5375,1750,1500,9125
15114,125,375,5500,1750,1500,9250
15115,125,375,5375,1625,1500,9000
15116,125,375,5375,1625,1500,9000
15117,125,375,5250,1625,1500,8875
15118,125,375,5375,1625,1500,9000
15119,125,375,5500,1625,1500,9125
15120,125,500,5500,1750,1500,9375
15121,0,375,5250,1625,1500,8750
15122,125,375,5375,1750,1500,9125
15123,125,375,5375,1625,1500,9000
15124,125,500,5375,1750,1500,9250
15125,0,375,5375,1625,1500,8875
15126,125,375,5375,1750,1625,9250
15127,0,375,5375,1750,1500,9000
15128,0,375,5500,1750,1625,9250
15129,125,375,5250,1625,1500,8875
15130,125,500,5375,1625,1500,9125
15131,0,375,5375,1750,1500,9000
15132,0,375,5375,1750,1500,9000
15133,125,375,5375,1625,1500,9000
15134,125,500,5500,1750,1500,9375
15135,125,500,5375,1625,1500,9125
15136,125,375,5375,1625,1500,9000
15137,125,375,5375,1750,1500,9125
15138,125,500,6000,1875,1625,10125
15139,125,375,5500,1750,1500,9250
15140,0,375,5375,1750,1625,9125
15141,0,375,5375,1750,1625,9125
15142,125,375,5375,1625,1500,9000
15143,125,375,5375,1750,1500,9125
15144,0,375,5375,1750,1625,9125
15145,125,375,5500,1750,1625,9375
15146,125,375,5250,1625,1500,8875
15147,125,375,5375,1625,1500,9000
15148,125,375,5375,1750,1625,9250
15149,125,375,5250,1625,1500,8875
15150,125,375,5250,1625,1500,8875
15151,125,375,5375,1625,1500,9000
15152,125,375,5375,1750,1500,9125
15153,125,375,5375,1625,1500,9000
15154,125,375,5500,1750,1500,9250
15155,125,375,5375,1750,1625,9250
15156,0,375,5500,1750,1500,9125
15157,125,375,5250,1625,1500,8875
15158,125,375,5375,1625,1500,9000
15159,125,375,5375,1750,1500,9125
15160,125,375,5250,1625,1500,8875
15161,125,375,5500,1750,1500,9250
15162,125,375,5375,1750,1500,9125
15163,125,375,5250,1750,1500,9000
15164,0,375,5500,1750,1500,9125
15165,125,375,15375,1750,1625,19250
15166,125,500,5750,1750,1625,9750
15167,125,375,5500,1750,1500,9250
15168,125,500,5375,1625,1375,9000
15169,0,375,5375,1625,1500,8875
15170,125,375,5375,1750,1500,9125
15171,125,375,5375,1750,1625,9250
15172,125,375,5125,1625,1500,8750
15173,0,375,5375,1625,1500,8875
15174,0,375,5375,1750,1625,9125
15175,125,375,5250,1625,1500,8875
15176,125,375,5250,1625,1500,8875
15177,125,375,5250,1750,1625,9125
15178,125,375,5375,1750,1500,9125
15179,125,375,5375,1625,1500,9000
15180,125,375,5250,1750,1500,9000
15181,0,375,5250,1625,1625,8875
15182,125,375,5375,1750,1500,9125
15183,125,375,5375,1625,1500,9000
15184,125,375,5500,1625,1500,9125
15185,125,375,5250,1750,1500,9000
15186,125,375,5250,1625,1500,8875
15187,125,375,5375,1750,1500,9125
15188,0,375,5500,1750,1500,9125
15189,125,375,5250,1625,1500,8875
15190,125,375,5375,1750,1500,9125
15191,125,375,5375,1625,1500,9000
15192,125,375,5250,1625,1500,8875
15193,125,375,5250,1625,1500,8875
15194,125,375,5375,1750,1500,9125
15195,125,375,5250,1625,1625,9000
15196,125,500,5500,1750,1500,9375
15197,0,375,5250,1625,1500,8750
15198,125,375,5375,1625,1500,9000
15199,0,375,5250,1625,1500,8750
15200,125,375,5375,1750,1500,9125
15201,125,375,5375,1750,1500,9125
15202,0,375,5500,1625,1500,9000
15203,125,375,5250,1750,1625,9125
15204,125,500,5375,1625,1500,9125
15205,125,375,5250,1750,1500,9000
15206,0,375,5375,1750,1500,9000
15207,125,375,5375,1625,1625,9125
15208,125,375,5375,1625,1500,9000
15209,125,375,5500,1625,1625,9250
15210,125,375,5500,1625,1500,9125
15211,125,375,5375,1750,1625,9250
15212,125,375,5250,1750,1625,9125
15213,125,375,5375,1750,1500,9125
15214,125,375,5250,1750,1625,9125
15215,125,375,5375,1625,1625,9125
15216,125,375,5375,1625,1500,9000
15217,125,500,5250,1625,1500,9000
15218,125,375,5250,1625,1500,8875
15219,125,375,5500,1625,1375,9000
15220,125,375,5500,1625,1500,9125
15221,125,375,5500,1625,1500,9125
15222,125,375,5375,1750,1500,9125
15223,125,375,5375,1625,1500,9000
15224,0,375,5250,1625,1500,8750
15225,125,375,5375,1625,1500,9000
15226,125,375,5375,1625,1500,9000
15227,125,375,5500,1625,1500,9125
15228,125,375,5500,1750,1500,9250
15229,125,375,5375,1625,1500,9000
15230,0,375,5500,1625,1500,9000
15231,0,375,5250,1750,1625,9000
15232,0,375,5500,1625,1500,9000
15233,125,375,5250,1625,1500,8875
15234,0,375,5500,1625,1625,9125
15235,125,375,5375,1750,1500,9125
15236,125,375,5250,1625,1500,8875
15237,125,375,5375,1750,1625,9250
15238,125,375,5375,1750,1625,9250
15239,125,375,5250,1625,1500,8875
15240,125,500,5375,1750,1500,9250
15241,125,375,5375,1625,1500,9000
15242,125,375,5375,1625,1500,9000
15243,125,375,5250,1625,1500,8875
15244,125,375,5500,1625,1500,9125
15245,125,375,5375,1625,1500,9000
15246,125,375,5375,1750,1500,9125
15247,125,375,5375,1750,1625,9250
15248,125,375,5250,1625,1500,8875
15249,0,375,5375,1625,1625,9000
15250,125,375,5250,1750,1625,9125
15251,125,375,5250,1625,1500,8875
15252,125,375,5375,1750,1500,9125
15253,125,375,5500,1750,1500,9250
15254,125,500,5375,1625,1500,9125
15255,125,375,5375,1625,1500,9000
15256,125,375,5375,1625,1500,9000
15257,125,375,5250,1625,1500,8875
15258,125,375,5375,1750,1500,9125
15259,125,375,5375,1750,1625,9250
15260,125,375,6000,1750,1500,9750
15261,125,500,5500,1625,1500,9250
15262,125,375,5250,1625,1625,9000
15263,125,375,5375,1750,1625,9250
15264,0,375,5500,1750,1500,9125
15265,125,375,5250,1625,1500,8875
15266,125,375,5375,1750,1500,9125
15267,0,375,5375,1625,1500,8875
15268,0,375,5375,1625,1500,8875
15269,125,375,5250,1625,1625,9000
15270,125,375,5375,1750,1625,9250
15271,125,375,5375,1625,1500,9000
15272,125,375,5375,1750,1625,9250
15273,125,375,5375,1625,1625,9125
15274,125,375,5375,1625,1500,9000
15275,125,375,5250,1625,1500,8875
15276,125,375,5375,1750,1500,9125
15277,125,500,5375,1750,1500,9250
15278,125,375,5250,1750,1625,9125
15279,0,375,5375,1750,1625,9125
15280,0,375,5375,1625,1500,8875
15281,125,500,5375,1500,1500,9000
15282,125,375,5375,1625,1500,9000
15283,125,375,5375,1625,1625,9125
15284,125,375,5250,1625,1625,9000
15285,125,375,5375,1625,1500,9000
15286,125,375,5375,1625,1500,9000
15287,0,375,5250,1625,1500,8750
15288,125,375,5375,1750,1500,9125
15289,125,375,5375,1625,1625,9125
15290,125,375,5250,1625,1500,8875
15291,125,375,5375,1625,1500,9000
15292,125,375,5500,1750,1625,9375
15293,125,375,5375,1750,1500,9125
15294,0,375,5250,1750,1625,9000
15295,0,375,5250,1625,1625,8875
15296,125,375,5375,1750,1500,9125
15297,125,375,5375,1750,1500,9125
15298,0,375,5250,1625,1500,8750
15299,125,375,5250,1750,1625,9125
15300,125,375,5375,1625,1625,9125
15301,125,500,5375,1750,1625,9375
15302,125,375,5500,1750,1500,9250
15303,125,375,5500,1750,1500,9250
15304,125,375,5375,1750,1500,9125
15305,0,375,5500,1750,1500,9125
15306,125,375,5375,1625,1500,9000
15307,125,375,5375,1625,1500,9000
15308,125,375,5375,1625,1500,9000
15309,125,375,5375,1625,1500,9000
15310,125,375,5500,1625,1500,9125
15311,125,375,5500,1750,1625,9375
15312,125,375,5375,1625,1500,9000
15313,125,375,5375,1625,1500,9000
15314,125,375,5375,1625,1500,9000
15315,125,500,5375,1750,1500,9250
15316,125,375,5375,1625,1625,9125
15317,125,375,5375,1750,1500,9125
15318,0,375,5500,1750,1625,9250
15319,125,375,5250,1625,1500,8875
15320,125,500,5500,1625,1500,9250
15321,125,375,5500,1750,1500,9250
15322,125,375,5375,1625,1500,9000
15323,125,375,5250,1750,1500,9000
15324,0,375,5500,1750,1500,9125
15325,0,375,5500,1625,1500,9000
15326,125,375,5250,1750,1500,9000
15327,0,375,5250,1625,1500,8750
15328,125,375,5375,1625,1500,9000
15329,125,500,5375,1750,1625,9375
15330,125,375,5375,1750,1625,9250
15331,125,375,5375,1750,1500,9125
15332,125,375,5375,1750,1500,9125
15333,125,375,5375,1750,1500,9125
15334,0,375,5250,1750,1625,9000
15335,125,375,5375,1625,1500,9000
15336,125,375,5250,1625,1500,8875
15337,125,375,5250,1750,1500,9000
15338,125,375,5250,1625,1500,8875
15339,0,375,5250,1750,1500,8875
15340,125,375,5500,1625,1500,9125
15341,125,500,5250,1750,1500,9125
15342,125,500,5375,1750,1500,9250
15343,125,375,5375,1750,1500,9125
15344,125,375,5375,1625,1500,9000
15345,125,375,5375,1625,1500,9000
15346,0,375,5500,1750,1500,9125
15347,125,375,5375,1750,1500,9125
15348,125,375,5250,1625,1500,8875
15349,125,375,5375,1750,1625,9250
15350,0,375,5375,1750,1500,9000
15351,0,375,5375,1625,1500,8875
15352,125,375,5375,1625,1375,8875
15353,125,375,5250,1625,1500,8875
15354,125,375,5375,1625,1625,9125
15355,125,375,5375,1625,1500,9000
15356,125,375,5250,1750,1500,9000
15357,0,375,5375,1750,1625,9125
15358,125,375,5250,1625,1500,8875
15359,125,375,5375,1625,1500,9000
15360,125,375,5375,1750,1500,9125
15361,125,375,5250,1750,1500,9000
15362,125,375,5375,1625,1500,9000
15363,125,375,5375,1625,1500,9000
15364,125,375,5375,1750,1500,9125
15365,125,375,5500,1750,1500,9250
15366,125,375,5250,1750,1625,9125
15367,125,375,5250,1750,1500,9000
15368,125,375,5375,1750,1625,9250
15369,125,375,5375,1750,1625,9250
15370,125,375,5250,1750,1500,9000
15371,125,375,5250,1750,1500,9000
15372,125,375,5375,1750,1500,9125
15373,125,500,5375,1625,1500,9125
15374,125,500,5375,1625,1625,9250
15375,125,375,5250,1625,1500,8875
15376,125,375,5250,1625,1500,8875
15377,125,375,5375,1750,1625,9250
15378,125,375,5375,1750,1625,9250
15379,125,500,5375,1750,1500,9250
15380,125,375,5375,1625,1500,9000
15381,125,375,5875,1875,1500,9750
15382,125,375,5375,1625,1500,9000
15383,125,375,5375,1750,1625,9250
15384,125,375,5375,1625,1500,9000
15385,125,375,5375,1625,1500,9000
15386,125,375,5375,1625,1500,9000
15387,125,375,5375,1750,1500,9125
15388,125,375,5375,1750,1500,9125
15389,125,500,5250,1625,1500,9000
15390,125,375,5250,1625,1500,8875
15391,125,375,5250,1625,1375,8750
15392,125,375,5250,1750,1500,9000
15393,125,500,5250,1750,1500,9125
15394,125,375,5375,1750,1500,9125
15395,125,375,5375,1750,1500,9125
15396,0,375,5250,1625,1625,8875
15397,125,375,5375,1625,1625,9125
15398,125,500,5250,1625,1500,9000
15399,125,375,5375,1750,1500,9125
15400,125,375,5250,1625,1500,8875
15401,125,375,5375,1625,1500,9000
15402,125,375,5250,1625,1500,8875
15403,125,375,5375,1625,1500,9000
15404,125,375,5250,1625,1500,8875
15405,125,375,5375,1750,1625,9250
15406,125,375,5250,1625,1500,8875
15407,125,375,5375,1750,1500,9125
15408,125,500,5250,1750,1625,9250
15409,125,375,5375,1625,1500,9000
15410,125,375,5375,1750,1625,9250
15411,125,375,5250,1750,1500,9000
15412,0,375,5375,1750,1500,9000
15413,125,375,5375,1625,1625,9125
15414,125,375,5250,1625,1500,8875
15415,125,375,5375,1750,1500,9125
15416,0,375,5500,1750,1625,9250
15417,0,375,5500,1750,1625,9250
15418,125,375,5250,1625,1500,8875
15419,125,375,5375,1750,1625,9250
15420,125,375,5375,1750,1625,9250
15421,125,375,5250,1625,1500,8875
15422,125,375,5375,1625,1500,9000
15423,0,375,5375,1625,1500,8875
15424,125,375,5250,1625,1500,8875
15425,125,375,5375,1750,1625,9250
15426,125,375,5375,1625,1500,9000
15427,125,375,5375,1625,1500,9000
15428,125,375,5375,1625,1500,9000
15429,125,375,5250,1625,1500,8875
15430,125,375,5250,1625,1500,8875
15431,0,375,5500,1625,1625,9125
15432,125,375,5375,1625,1500,9000
15433,125,375,5375,1750,1500,9125
15434,0,375,5375,1625,1625,9000
15435,0,375,5500,1750,1500,9125
15436,125,375,5500,1750,1500,9250
15437,125,375,5375,1625,1500,9000
15438,125,375,5250,1625,1500,8875
15439,125,375,5375,1750,1500,9125
15440,125,375,5375,1625,1500,9000
15441,125,375,5375,1750,1500,9125
15442,125,375,5375,1625,1500,9000
15443,125,375,5375,1625,1500,9000
15444,125,375,5250,1750,1625,9125
15445,125,375,5250,1625,1500,8875
15446,125,375,5375,1750,1500,9125
15447,125,375,5375,1750,1500,9125
15448,125,375,5375,1750,1625,9250
15449,125,500,5375,1750,1625,9375
15450,125,375,5375,1750,1500,9125
15451,125,500,5375,1750,1500,9250
15452,125,375,5375,1750,1625,9250
15453,0,375,5375,1750,1500,9000
15454,125,500,5375,1625,1625,9250
15455,125,375,5500,1625,1500,9125
15456,125,375,5250,1625,1500,8875
15457,125,375,5375,1750,1500,9125
15458,125,500,5250,1625,1500,9000
15459,125,375,5375,1625,1500,9000
15460,125,375,5250,1750,1500,9000
15461,125,375,5375,1625,1500,9000
15462,125,375,5375,1750,1500,9125
15463,125,375,5250,1625,1500,8875
15464,125,375,5375,1625,1500,9000
15465,0,375,5375,1625,1500,8875
15466,125,500,5250,1750,1500,9125
15467,125,375,5125,1625,1500,8750
15468,0,375,5375,1625,1500,8875
15469,125,375,5375,1625,1500,9000
15470,125,375,5375,1750,1625,9250
15471,125,375,5375,1750,1500,9125
15472,125,375,5250,1750,1500,9000
15473,125,375,5375,1625,1500,9000
15474,125,375,5375,1750,1625,9250
15475,125,375,5250,1625,1500,8875
15476,125,375,5250,1750,1500,9000
15477,125,375,5375,1750,1500,9125
15478,125,375,5375,1750,1500,9125
15479,125,500,5375,1750,1500,9250
15480,125,375,5375,1750,1500,9125
15481,125,375,5250,1750,1500,9000
15482,125,375,5250,1750,1500,9000
15483,125,375,5250,1750,1500,9000
15484,125,375,5375,1625,1500,9000
15485,125,500,5375,1625,1500,9125
15486,125,375,5500,1625,1500,9125
15487,125,375,5375,1625,1625,9125
15488,125,375,5375,1625,1500,9000
15489,125,375,5250,1625,1500,8875
15490,0,375,5375,1750,1500,9000
15491,125,375,5375,1625,1500,9000
15492,125,375,5250,1750,1500,9000
15493,125,375,5375,1625,1500,9000
15494,125,375,5375,1750,1500,9125
15495,125,375,5375,1750,1500,9125
15496,125,375,5375,1625,1500,9000
15497,125,375,5250,1750,1500,9000
15498,0,375,5250,1750,1500,8875
15499,125,375,5250,1625,1500,8875
15500,125,375,5375,1750,1500,9125
15501,125,500,5375,1625,1500,9125
15502,125,375,6000,1750,1625,9875
15503,125,375,5500,1750,1500,9250
15504,0,375,5500,1750,1500,9125
15505,125,375,5375,1750,1500,9125
15506,125,375,5375,1625,1500,9000
15507,125,375,5500,1750,1625,9375
15508,125,375,15125,1500,1625,18750
15509,125,375,6000,1750,1625,9875
15510,0,375,5500,1750,1500,9125
15511,125,375,5375,1625,1500,9000
15512,0,375,5250,1625,1500,8750
15513,125,375,5500,1750,1625,9375
15514,0,375,5375,1625,1500,8875
15515,125,375,5375,1750,1500,9125
15516,125,500,5375,1625,1500,9125
15517,125,375,5375,1750,1500,9125
15518,125,500,5375,1625,1500,9125
15519,125,375,5375,1625,1500,9000
15520,125,375,5375,1750,1625,9250
15521,125,375,5375,1750,1625,9250
15522,125,375,5250,1625,1500,8875
15523,0,375,5500,1625,1500,9000
15524,125,375,5375,1750,1500,9125
15525,125,375,5500,1625,1500,9125
15526,125,375,5375,1625,1500,9000
15527,125,375,5375,1750,1625,9250
15528,125,375,5375,1625,1500,9000
15529,0,375,5500,1750,1500,9125
15530,125,375,5375,1750,1625,9250
15531,125,375,5250,1750,1500,9000
15532,0,375,5375,1625,1625,9000
15533,125,375,5375,1750,1625,9250
15534,125,500,5375,1625,1500,9125
15535,0,375,5500,1750,1625,9250
15536,125,375,5375,1750,1500,9125
15537,0,375,5375,1625,1500,8875
15538,125,375,5375,1625,1500,9000
15539,125,500,5375,1625,1500,9125
15540,0,375,5375,1625,1500,8875
15541,125,375,5250,1625,1500,8875
15542,125,375,5375,1625,1500,9000
15543,125,375,5375,1625,1500,9000
15544,125,375,5375,1750,1500,9125
15545,125,375,5375,1750,1500,9125
15546,125,375,5375,1750,1500,9125
15547,0,375,5500,1625,1500,9000
15548,125,375,5375,1625,1375,8875
15549,125,375,5375,1625,1500,9000
15550,125,375,5375,1750,1625,9250
15551,125,375,5375,1750,1500,9125
15552,125,375,5375,1625,1500,9000
15553,125,375,5375,1750,1500,9125
15554,125,375,5375,1625,1500,9000
15555,0,375,5375,1625,1500,8875
15556,125,375,5250,1625,1500,8875
15557,125,500,5375,1750,1500,9250
15558,125,375,5375,1625,1500,9000
15559,125,375,5375,1750,1500,9125
15560,125,375,5375,1750,1625,9250
15561,125,375,5250,1625,1375,8750
15562,0,375,5500,1625,1500,9000
15563,125,375,5250,1625,1500,8875
15564,0,375,5375,1625,1500,8875
15565,125,375,5250,1625,1500,8875
15566,125,375,5250,1625,1625,9000
15567,125,375,5375,1625,1500,9000
15568,0,375,5500,1750,1500,9125
15569,0,375,5375,1750,1500,9000
15570,125,375,5375,1625,1500,9000
15571,125,375,5375,1750,1625,9250
15572,125,375,5250,1625,1500,8875
15573,125,375,5375,1750,1500,9125
15574,125,375,5250,1750,1500,9000
15575,0,375,5375,1625,1500,8875
15576,125,375,5250,1625,1500,8875
15577,125,375,5375,1625,1500,9000
15578,125,375,5250,1625,1500,8875
15579,0,375,5375,1750,1625,9125
15580,125,375,5250,1625,1500,8875
15581,125,375,5375,1625,1500,9000
15582,125,375,5375,1625,1500,9000
15583,125,375,5375,1750,1625,9250
15584,125,375,5375,1625,1500,9000
15585,125,375,5250,1750,1500,9000
15586,125,375,5250,1625,1500,8875
15587,125,375,5375,1625,1500,9000
15588,125,375,5375,1625,1500,9000
15589,125,375,5375,1750,1500,9125
15590,125,375,5375,1625,1500,9000
15591,0,375,5375,1625,1500,8875
15592,125,375,5375,1750,1500,9125
15593,125,375,5375,1750,1500,9125
15594,125,375,5500,1750,1500,9250
15595,125,375,5375,1625,1500,9000
15596,125,375,5375,1750,1500,9125
15597,125,375,5375,1625,1500,9000
15598,125,375,5375,1625,1500,9000
15599,125,375,5250,1625,1500,8875
15600,125,375,5375,1625,1500,9000
15601,125,500,5375,1750,1500,9250
15602,125,375,5375,1750,1500,9125
15603,125,375,5375,1625,1500,9000
15604,125,375,5375,1750,1500,9125
15605,0,375,5250,1625,1500,8750
15606,125,375,5375,1625,1500,9000
15607,0,375,5375,1625,1500,8875
15608,125,375,5500,1625,1500,9125
15609,125,375,5125,1625,1500,8750
15610,125,375,5375,1625,1500,9000
15611,0,375,5375,1625,1500,8875
15612,125,375,5375,1625,1500,9000
15613,125,375,5375,1750,1625,9250
15614,0,375,5375,1625,1500,8875
15615,125,375,5250,1625,1625,9000
15616,125,500,5375,1750,1625,9375
15617,125,375,5250,1625,1500,8875
15618,125,375,5500,1625,1500,9125
15619,125,375,5375,1750,1500,9125
15620,125,375,5250,1625,1500,8875
15621,125,375,5375,1750,1625,9250
15622,0,375,5375,1625,1500,8875
15623,125,375,5250,1750,1500,9000
15624,125,500,5875,1750,1500,9750
15625,125,375,5500,1625,1500,9125
15626,125,375,5500,1625,1500,9125
15627,125,375,5500,1750,1500,9250
15628,125,375,5250,1625,1500,8875
15629,0,375,5375,1750,1500,9000
15630,125,375,5250,1625,1500,8875
15631,125,375,5375,1625,1500,9000
15632,125,375,5375,1625,1500,9000
15633,125,375,5375,1750,1500,9125
15634,0,375,5375,1750,1500,9000
15635,125,375,5375,1625,1500,9000
15636,125,375,5375,1625,1375,8875
15637,0,375,5500,1750,1625,9250
15638,125,375,5375,1750,1500,9125
15639,125,375,5500,1750,1500,9250
15640,125,375,5375,1750,1500,9125
15641,125,375,5250,1750,1625,9125
15642,0,375,5500,1750,1500,9125
15643,125,375,5375,1625,1500,9000
15644,125,375,5250,1625,1500,8875
15645,0,375,5375,1750,1625,9125
15646,125,500,5375,1625,1500,9125
15647,125,375,5375,1750,1500,9125
15648,125,375,5375,1625,1625,9125
15649,125,375,5375,1625,1500,9000
15650,125,375,5500,1750,1500,9250
15651,0,375,5375,1750,1500,9000
15652,125,375,5250,1625,1500,8875
15653,125,500,5375,1750,1500,9250
15654,0,375,5375,1625,1500,8875
15655,125,375,5375,1625,1500,9000
15656,125,500,5375,1750,1625,9375
15657,125,375,5375,1750,1625,9250
15658,125,375,5375,1625,1500,9000
15659,125,375,5375,1750,1500,9125
15660,125,375,5500,1625,1500,9125
15661,125,375,5375,1750,1500,9125
15662,0,375,5250,1625,1500,8750
15663,125,500,5375,1750,1500,9250
15664,125,375,5250,1750,1500,9000
15665,125,375,5375,1625,1500,9000
15666,125,375,5375,1750,1625,9250
15667,125,375,5250,1625,1500,8875
15668,125,500,5250,1625,1500,9000
15669,125,375,5375,1625,1500,9000
15670,125,375,5250,1625,1500,8875
15671,0,375,5375,1625,1625,9000
15672,125,500,5375,1625,1500,9125
15673,125,375,5375,1625,1500,9000
15674,0,375,5375,1625,1500,8875
15675,0,375,5375,1625,1500,8875
15676,125,375,5250,1750,1625,9125
15677,125,375,5375,1625,1500,9000
15678,125,375,5500,1625,1500,9125
15679,125,375,5375,1750,1625,9250
15680,0,375,5375,1625,1500,8875
15681,125,500,5375,1625,1500,9125
15682,125,500,5375,1750,1625,9375
15683,125,375,5250,1625,1500,8875
15684,125,375,5375,1625,1500,9000
15685,125,375,5375,1750,1500,9125
15686,0,375,5375,1625,1500,8875
15687,125,375,5125,1750,1500,8875
15688,0,375,5375,1750,1500,9000
15689,125,500,5375,1750,1500,9250
15690,0,375,5250,1750,1625,9000
15691,125,500,5500,1750,1625,9500
15692,125,375,5250,1750,1625,9125
15693,125,375,5375,1750,1625,9250
15694,125,375,5375,1625,1500,9000
15695,125,375,5375,1750,1500,9125
15696,125,375,5375,1625,1500,9000
15697,0,375,5375,1750,1500,9000
15698,125,375,5250,1625,1500,8875
15699,125,375,5375,1625,1500,9000
15700,125,375,5500,1625,1500,9125
15701,125,375,5250,1625,1500,8875
15702,125,375,5375,1625,1625,9125
15703,0,375,5375,1750,1625,9125
15704,125,375,5375,1625,1625,9125
15705,125,375,5250,1625,1500,8875
15706,125,375,5375,1625,1500,9000
15707,125,375,5250,1625,1500,8875
15708,125,375,5375,1750,1500,9125
15709,125,375,5375,1750,1625,9250
15710,0,375,5375,1625,1500,8875
15711,125,375,5375,1750,1500,9125
15712,125,375,5375,1625,1500,9000
15713,125,375,5250,1750,1500,9000
15714,125,375,5250,1625,1500,8875
15715,125,375,5375,1750,1625,9250
15716,125,375,5125,1625,1500,8750
15717,125,375,5375,1750,1625,9250
15718,0,375,5375,1625,1500,8875
15719,125,375,5375,1625,1500,9000
15720,125,375,5250,1625,1500,8875
15721,0,375,5375,1625,1625,9000
15722,125,375,5375,1750,1500,9125
15723,0,375,5375,1750,1500,9000
15724,125,500,5375,1625,1500,9125
15725,0,375,5250,1625,1500,8750
15726,125,375,5500,1750,1500,9250
15727,125,375,5375,1625,1500,9000
15728,125,375,5375,1625,1500,9000
15729,0,375,5500,1750,1625,9250
15730,125,375,5375,1750,1500,9125
15731,125,500,5375,1625,1500,9125
15732,125,500,5375,1750,1500,9250
15733,125,375,5375,1750,1500,9125
15734,125,375,5250,1625,1500,8875
15735,125,500,5375,1750,1625,9375
15736,125,375,5250,1625,1625,9000
15737,125,375,5500,1625,1500,9125
15738,0,375,5375,1625,1625,9000
15739,125,375,5375,1625,1500,9000
15740,125,375,5375,1625,1500,9000
15741,125,500,5500,1625,1500,9250
15742,0,375,5375,1625,1500,8875
15743,125,375,5250,1625,1500,8875
15744,125,375,5250,1625,1500,8875
15745,125,500,5375,1750,1500,9250
15746,125,500,5750,1875,1500,9750
15747,125,375,5500,1750,1500,9250
15748,125,375,5250,1625,1500,8875
15749,125,375,5375,1750,1500,9125
15750,125,375,5375,1750,1500,9125
15751,125,375,5375,1750,1500,9125
15752,125,375,5375,1625,1500,9000
15753,125,375,5250,1750,1625,9125
15754,125,500,5375,1750,1625,9375
15755,125,375,5375,1750,1500,9125
15756,125,375,5250,1750,1500,9000
15757,125,375,5250,1750,1500,9000
15758,125,375,5250,1750,1500,9000
15759,0,375,5500,1625,1500,9000
15760,125,375,5375,1750,1500,9125
15761,125,375,5375,1750,1500,9125
15762,125,375,5375,1750,1500,9125
15763,125,500,5375,1625,1625,9250
15764,125,375,5375,1625,1500,9000
15765,125,375,5375,1750,1625,9250
15766,125,500,5250,1750,1625,9250
15767,125,375,5375,1625,1500,9000
15768,0,375,5250,1625,1500,8750
15769,125,375,5250,1750,1500,9000
15770,125,375,5375,1625,1500,9000
15771,125,375,5375,1625,1500,9000
15772,125,375,5375,1750,1625,9250
15773,125,375,5250,1625,1500,8875
15774,125,500,5375,1625,1500,9125
15775,125,375,5375,1625,1500,9000
15776,0,375,5375,1625,1500,8875
15777,125,375,5250,1625,1625,9000
15778,125,500,5375,1750,1625,9375
15779,125,375,5250,1625,1500,8875
15780,0,375,5375,1625,1625,9000
15781,125,375,5375,1750,1500,9125
15782,125,375,5250,1750,1500,9000
15783,125,375,5375,1625,1500,9000
15784,125,375,5375,1750,1625,9250
15785,125,375,5375,1625,1500,9000
15786,125,375,5250,1750,1625,9125
15787,125,375,5375,1750,1500,9125
15788,125,500,5375,1625,1625,9250
15789,125,375,5250,1750,1500,9000
15790,0,375,5250,1625,1500,8750
15791,125,375,5250,1625,1500,8875
15792,125,375,5375,1625,1500,9000
15793,125,375,5375,1625,1500,9000
15794,125,375,5375,1625,1500,9000
15795,125,375,5375,1750,1500,9125
15796,125,375,5250,1750,1500,9000
15797,125,375,5375,1625,1625,9125
15798,125,375,5250,1750,1500,9000
15799,0,375,5375,1625,1500,8875
15800,125,375,5375,1750,1500,9125
15801,125,375,5375,1625,1500,9000
15802,125,375,5250,1750,1500,9000
15803,125,375,5375,1625,1375,8875
15804,125,375,5500,1625,1500,9125
15805,125,375,5250,1625,1500,8875
15806,125,500,5375,1625,1500,9125
15807,125,375,5375,1625,1500,9000
15808,125,375,5375,1750,1500,9125
15809,125,375,5375,1625,1500,9000
15810,125,375,5375,1750,1500,9125
15811,125,375,5250,1625,1500,8875
15812,125,375,5250,1750,1625,9125
15813,125,375,5375,1750,1500,9125
15814,125,375,5375,1625,1500,9000
15815,125,375,5250,1625,1500,8875
15816,125,375,5375,1625,1625,9125
15817,125,375,5375,1750,1625,9250
15818,0,375,5375,1625,1500,8875
15819,125,375,5375,1750,1625,9250
15820,125,375,5375,1625,1500,9000
15821,125,375,5375,1750,1500,9125
15822,125,375,5250,1625,1500,8875
15823,125,375,5375,1625,1625,9125
15824,125,500,5375,1625,1500,9125
15825,125,375,5250,1625,1500,8875
15826,125,500,5250,1625,1500,9000
15827,125,500,5375,1750,1500,9250
15828,125,375,5375,1625,1500,9000
15829,125,375,5375,1750,1500,9125
15830,125,375,5375,1625,1500,9000
15831,125,375,5375,1750,1500,9125
15832,125,375,5375,1750,1500,9125
15833,125,375,5375,1625,1625,9125
15834,125,375,5375,1625,1500,9000
15835,125,375,5250,1625,1500,8875
15836,125,375,5250,1625,1500,8875
15837,125,500,5375,1750,1500,9250
15838,0,375,5375,1625,1500,8875
15839,125,375,5250,1750,1500,9000
15840,125,375,5250,1625,1500,8875
15841,125,375,5250,1625,1625,9000
15842,125,375,5375,1750,1500,9125
15843,125,375,5375,1625,1500,9000
15844,125,375,5375,1625,1500,9000
15845,125,375,5375,1750,1500,9125
15846,125,375,5375,1625,1500,9000
15847,125,375,5375,1750,1500,9125
15848,125,375,5375,1625,1625,9125
15849,125,375,5375,1625,1500,9000
15850,125,375,5250,1625,1375,8750
15851,125,500,5375,1625,1500,9125
15852,125,375,15375,1750,1625,19250
15853,125,375,5875,1750,1500,9625
15854,0,375,5500,1625,1500,9000
15855,125,375,5375,1625,1500,9000
15856,125,375,5250,1625,1500,8875
15857,0,375,5375,1625,1625,9000
15858,125,375,5250,1750,1625,9125
15859,125,375,5375,1625,1625,9125
15860,125,375,5375,1625,1500,9000
15861,125,375,5375,1750,1500,9125
15862,125,375,5375,1750,1500,9125
15863,125,500,5375,1625,1500,9125
15864,125,375,5375,1750,1500,9125
15865,125,375,5375,1750,1500,9125
15866,0,375,5500,1750,1500,9125
15867,125,500,6000,1875,1500,10000
15868,125,375,5500,1625,1500,9125
15869,125,375,5375,1750,1500,9125
15870,125,375,5250,1750,1500,9000
15871,125,375,5375,1750,1500,9125
15872,125,375,5250,1625,1500,8875
15873,125,375,5375,1750,1500,9125
15874,0,375,5375,1625,1500,8875
15875,125,375,5375,1750,1625,9250
15876,125,375,5250,1625,1625,9000
15877,125,375,5375,1750,1500,9125
15878,125,375,5375,1625,1500,9000
15879,125,500,5250,1625,1500,9000
15880,125,500,5375,1625,1500,9125
15881,125,375,5250,1625,1500,8875
15882,0,375,5375,1625,1500,8875
15883,125,375,5250,1625,1500,8875
15884,125,375,5375,1625,1500,9000
15885,0,375,5375,1625,1500,8875
15886,125,500,5375,1625,1500,9125
15887,125,500,5375,1625,1500,9125
15888,125,375,5250,1625,1625,9000
15889,0,375,5375,1625,1625,9000
15890,125,375,5375,1750,1625,9250
15891,125,375,5250,1625,1500,8875
15892,125,375,5375,1750,1500,9125
15893,125,500,5375,1750,1625,9375
15894,125,375,5375,1750,1500,9125
15895,125,375,5250,1625,1500,8875
15896,125,500,5375,1625,1500,9125
15897,125,375,5500,1750,1625,9375
15898,125,375,5250,1625,1625,9000
15899,125,375,5500,1625,1500,9125
15900,0,375,5375,1625,1500,8875
15901,125,375,5250,1625,1625,9000
15902,125,375,5250,1625,1500,8875
15903,125,375,5250,1625,1500,8875
15904,125,375,5375,1625,1500,9000
15905,125,375,5375,1750,1500,9125
15906,125,375,5250,1625,1500,8875
15907,125,375,5375,1625,1500,9000
15908,125,375,5375,1750,1625,9250
15909,125,375,5250,1625,1500,8875
15910,125,375,5250,1750,1500,9000
15911,0,375,5375,1625,1500,8875
15912,125,375,5250,1625,1500,8875
15913,125,375,5250,1625,1500,8875
15914,125,375,5375,1750,1625,9250
15915,125,375,5375,1750,1500,9125
15916,125,375,5375,1750,1625,9250
15917,125,500,5375,1750,1500,9250
15918,125,375,5375,1750,1625,9250
15919,125,375,5375,1625,1500,9000
15920,125,375,5250,1750,1625,9125
15921,125,375,5125,1750,1625,9000
15922,0,375,5375,1750,1500,9000
15923,0,375,5375,1625,1500,8875
15924,125,375,5375,1625,1500,9000
15925,125,375,5375,1625,1500,9000
15926,125,375,5375,1625,1500,9000
15927,125,500,5375,1750,1500,9250
15928,125,375,5375,1625,1500,9000
15929,125,375,5250,1750,1500,9000
15930,125,500,5375,1750,1625,9375
15931,0,375,5250,1625,1500,8750
15932,125,375,5250,1625,1500,8875
15933,125,375,5250,1625,1500,8875
15934,125,375,5500,1625,1500,9125
15935,0,375,5375,1750,1625,9125
15936,125,375,5250,1625,1500,8875
15937,125,375,5500,1625,1500,9125
15938,125,375,5375,1625,1500,9000
15939,125,375,5375,1625,1500,9000
15940,125,500,5375,1750,1500,9250
15941,125,375,5250,1625,1500,8875
15942,0,375,5500,1625,1500,9000
15943,125,375,5375,1750,1500,9125
15944,0,375,5375,1625,1500,8875
15945,125,375,5375,1625,1500,9000
15946,125,375,5375,1625,1500,9000
15947,125,375,5375,1625,1500,9000
15948,125,375,5250,1625,1500,8875
15949,125,375,5375,1625,1500,9000
15950,125,375,5375,1750,1500,9125
15951,125,375,5250,1625,1625,9000
15952,125,375,5375,1625,1500,9000
15953,125,375,5250,1750,1500,9000
15954,125,375,5375,1750,1500,9125
15955,0,375,5500,1750,1500,9125
15956,0,375,5250,1625,1625,8875
15957,125,375,5250,1625,1625,9000
15958,125,375,5375,1750,1625,9250
15959,125,375,5250,1625,1500,8875
15960,125,375,5375,1625,1500,9000
15961,125,375,5375,1750,1500,9125
15962,125,375,5250,1750,1500,9000
15963,125,375,5375,1750,1500,9125
15964,125,375,5250,1625,1500,8875
15965,125,375,5375,1625,1500,9000
15966,125,500,5250,1625,1500,9000
15967,125,375,5250,1625,1500,8875
15968,125,375,5375,1750,1625,9250
15969,125,375,5375,1750,1500,9125
15970,125,375,5250,1625,1625,9000
15971,0,375,5500,1750,1500,9125
15972,125,375,5500,1750,1625,9375
15973,125,375,5375,1625,1625,9125
15974,125,500,5375,1625,1500,9125
15975,125,375,5250,1750,1500,9000
15976,0,375,5375,1750,1500,9000
15977,125,375,5250,1750,1500,9000
15978,0,375,5250,1625,1500,8750
15979,125,375,5500,1625,1500,9125
15980,0,375,5375,1625,1375,8750
15981,125,375,5375,1625,1500,9000
15982,125,375,5375,1625,1500,9000
15983,125,375,5375,1625,1500,9000
15984,125,375,5375,1625,1625,9125
15985,125,375,5250,1625,1500,8875
15986,125,500,5250,1625,1500,9000
15987,0,375,5375,1750,1500,9000
15988,125,375,5250,1625,1375,8750
15989,125,375,6000,1875,1500,9875
15990,0,375,5500,1750,1500,9125
15991,0,375,5375,1750,1500,9000
15992,125,375,5250,1625,1500,8875
15993,125,500,5375,1625,1500,9125
15994,125,375,5250,1750,1375,8875
15995,125,375,5375,1625,1500,9000
15996,125,375,5375,1625,1500,9000
15997,125,375,5250,1625,1500,8875
15998,125,375,5250,1625,1500,8875
15999,125,375,5375,1625,1500,9000
16000,125,500,5375,1625,1500,9125
16001,125,500,5375,1625,1625,9250
16002,125,375,5250,1625,1500,8875
16003,125,375,5250,1625,1500,8875
16004,125,375,5375,1750,1500,9125
16005,125,375,5375,1750,1500,9125
16006,125,375,5250,1750,1500,9000
16007,125,375,5375,1750,1500,9125
16008,125,375,5375,1750,1625,9250
16009,125,375,5250,1625,1500,8875
16010,125,375,5375,1625,1500,9000
16011,125,375,5375,1625,1500,9000
16012,0,375,5375,1625,1500,8875
16013,125,375,5375,1750,1625,9250
16014,0,375,5125,1625,1500,8625
16015,125,500,5375,1750,1500,9250
16016,125,375,5375,1750,1500,9125
16017,125,375,5375,1750,1625,9250
16018,0,375,5375,1625,1500,8875
16019,125,375,5250,1625,1500,8875
16020,125,375,5375,1750,1500,9125
16021,125,375,5375,1625,1625,9125
16022,125,375,5375,1750,1500,9125
16023,125,375,5375,1625,1500,9000
16024,0,375,5375,1750,1625,9125
16025,125,375,5250,1625,1500,8875
16026,125,375,5375,1625,1500,9000
16027,125,375,5500,1750,1500,9250
16028,125,375,5250,1625,1500,8875
16029,125,375,5250,1625,1500,8875
16030,125,375,5250,1625,1375,8750
16031,125,375,5375,1750,1500,9125
16032,0,375,5250,1625,1375,8625
16033,125,375,5625,1625,1500,9250
16034,0,375,5375,1625,1500,8875
16035,125,375,5250,1625,1500,8875
16036,125,375,5375,1750,1625,9250
16037,125,375,5250,1625,1625,9000
16038,125,500,5375,1750,1625,9375
16039,125,375,5125,1625,1500,8750
16040,0,375,5375,1625,1500,8875
16041,125,375,5375,1750,1500,9125
16042,125,375,5375,1750,1500,9125
16043,0,375,5375,1750,1500,9000
16044,125,375,5250,1750,1625,9125
16045,125,375,5250,1625,1500,8875
16046,125,375,5500,1750,1500,9250
16047,0,375,5375,1625,1500,8875
16048,125,375,5375,1625,1500,9000
16049,125,500,5250,1625,1500,9000
16050,125,375,5375,1750,1625,9250
16051,0,375,5375,1750,1625,9125
16052,125,375,5250,1750,1500,9000
16053,125,500,5375,1625,1500,9125
16054,125,500,5375,1750,1500,9250
16055,125,375,5250,1625,1500,8875
16056,125,375,5375,1750,1500,9125
16057,125,375,5375,1625,1500,9000
16058,125,375,5375,1625,1500,9000
16059,125,375,5250,1750,1625,9125
16060,125,375,5375,1750,1500,9125
16061,125,375,5250,1625,1500,8875
16062,125,375,5375,1625,1500,9000
16063,125,500,5250,1750,1625,9250
16064,125,375,5250,1750,1625,9125
16065,125,375,5250,1750,1500,9000
16066,125,375,5375,1750,1625,9250
16067,125,375,5375,1750,1500,9125
16068,125,500,5375,1750,1500,9250
16069,125,375,5375,1750,1500,9125
16070,0,375,5375,1750,1500,9000
16071,125,375,5250,1750,1500,9000
16072,125,375,5375,1625,1500,9000
16073,125,375,5375,1625,1500,9000
16074,0,375,5375,1625,1500,8875
16075,125,375,5250,1625,1500,8875
16076,125,375,5250,1625,1500,8875
16077,0,375,5375,1625,1500,8875
16078,125,375,5250,1625,1500,8875
16079,125,500,5375,1625,1625,9250
16080,125,375,5250,1625,1500,8875
16081,125,375,5250,1625,1500,8875
16082,125,375,5375,1750,1500,9125
16083,125,375,5375,1625,1500,9000
16084,125,500,5375,1625,1500,9125
16085,125,375,5500,1750,1500,9250
16086,125,375,5375,1750,1625,9250
16087,125,500,5250,1625,1375,8875
16088,125,375,5500,1625,1500,9125
16089,125,375,5250,1625,1500,8875
16090,125,375,5250,1625,1500,8875
16091,125,375,5375,1625,1500,9000
16092,125,375,5250,1625,1500,8875
16093,125,375,5375,1625,1500,9000
16094,125,375,5500,1625,1500,9125
16095,125,375,5375,1625,1375,8875
16096,125,375,5375,1625,1500,9000
16097,125,375,5500,1625,1500,9125
16098,125,375,5375,1625,1500,9000
16099,125,500,5250,1625,1500,9000
16100,125,375,5250,1625,1500,8875
16101,125,375,5375,1750,1500,9125
16102,125,375,5250,1625,1625,9000
16103,125,375,5375,1625,1500,9000
16104,125,500,5375,1625,1500,9125
16105,0,375,5375,1625,1500,8875
16106,0,375,5375,1625,1500,8875
16107,0,375,5375,1750,1500,9000
16108,125,375,5375,1750,1500,9125
16109,125,375,5375,1625,1500,9000
16110,125,500,6000,1750,1500,9875
16111,125,375,5625,1750,1500,9375
16112,125,375,5375,1625,1500,9000
16113,125,500,5375,1625,1500,9125
16114,0,375,5250,1625,1500,8750
16115,125,375,5375,1625,1625,9125
16116,125,375,5375,1625,1500,9000
16117,125,375,5375,1625,1500,9000
16118,125,375,5375,1750,1375,9000
16119,0,375,5375,1750,1500,9000
16120,125,375,5250,1625,1500,8875
16121,0,375,5375,1625,1500,8875
16122,125,375,5500,1625,1500,9125
16123,125,375,5250,1750,1500,9000
16124,125,375,5375,1750,1625,9250
16125,125,375,5250,1625,1500,8875
16126,125,375,5250,1625,1500,8875
16127,125,500,5375,1750,1500,9250
16128,125,375,5250,1625,1500,8875
16129,125,375,5250,1625,1500,8875
16130,125,500,5375,1750,1625,9375
16131,125,375,5375,1750,1625,9250
16132,125,375,5250,1750,1500,9000
16133,125,375,5250,1750,1500,9000
16134,125,375,5250,1625,1500,8875
16135,125,375,5375,1750,1500,9125
16136,125,375,5250,1625,1500,8875
16137,125,375,5500,1750,1500,9250
16138,125,375,5375,1625,1625,9125
16139,125,375,5375,1750,1500,9125
16140,125,375,5375,1625,1500,9000
16141,0,375,5500,1625,1500,9000
16142,125,375,5375,1625,1500,9000
16143,125,375,5375,1750,1625,9250
16144,125,375,5375,1750,1500,9125
16145,125,500,5250,1625,1500,9000
16146,125,375,5375,1625,1500,9000
16147,125,375,5375,1750,1500,9125
16148,125,375,5375,1750,1500,9125
16149,125,375,5250,1625,1500,8875
16150,125,375,5375,1750,1500,9125
16151,125,375,5500,1750,1625,9375
16152,125,375,5250,1625,1500,8875
16153,0,375,5375,1625,1500,8875
16154,125,375,5250,1750,1625,9125
16155,0,375,5250,1625,1500,8750
16156,125,375,5375,1750,1500,9125
16157,125,375,5375,1625,1500,9000
16158,125,375,5250,1625,1625,9000
16159,125,500,5250,1750,1625,9250
16160,125,375,5375,1625,1500,9000
16161,125,500,5375,1625,1500,9125
16162,125,375,5375,1625,1500,9000
16163,125,375,5375,1750,1500,9125
16164,125,375,5375,1750,1625,9250
16165,0,375,5375,1750,1500,9000
16166,125,375,5250,1625,1500,8875
16167,125,500,5375,1625,1500,9125
16168,125,500,5375,1625,1500,9125
16169,125,500,5250,1625,1625,9125
16170,125,375,5250,1625,1625,9000
16171,125,375,5250,1750,1500,9000
16172,0,375,5375,1750,1625,9125
16173,125,375,5375,1625,1500,9000
16174,125,375,5375,1625,1500,9000
16175,0,375,5500,1625,1500,9000
16176,125,375,5375,1625,1500,9000
16177,125,375,5375,1750,1500,9125
16178,0,375,5500,1625,1500,9000
16179,125,375,5250,1625,1500,8875
16180,125,375,5375,1750,1500,9125
16181,125,375,5375,1625,1500,9000
16182,125,375,5375,1625,1500,9000
16183,125,375,5250,1625,1500,8875
16184,125,500,5375,1625,1625,9250
16185,125,375,5375,1625,1500,9000
16186,125,375,5375,1625,1500,9000
16187,125,375,5375,1625,1500,9000
16188,0,375,5375,1750,1500,9000
16189,125,375,5375,1750,1500,9125
16190,125,375,5375,1750,1625,9250
16191,125,375,5250,1625,1500,8875
16192,0,375,5375,1625,1500,8875
16193,125,375,5375,1625,1625,9125
16194,125,375,5250,1625,1500,8875
16195,125,375,5250,1625,1500,8875
16196,125,375,5875,1750,1625,9750
16197,125,375,5625,1625,1625,9375
16198,125,375,5375,1625,1500,9000
16199,125,375,5375,1750,1500,9125
16200,125,375,5250,1750,1500,9000
16201,125,375,5250,1625,1500,8875
16202,125,375,5500,1625,1500,9125
16203,125,375,5250,1625,1500,8875
16204,125,500,5250,1750,1625,9250
16205,125,375,5250,1625,1500,8875
16206,125,375,5250,1625,1500,8875
16207,125,375,5500,1625,1500,9125
16208,125,500,5375,1750,1375,9125
16209,125,375,5250,1750,1500,9000
16210,125,375,5250,1750,1500,9000
16211,125,375,5375,1750,1500,9125
16212,125,375,5250,1625,1500,8875
16213,0,375,5375,1625,1500,8875
16214,0,375,5500,1750,1500,9125
16215,125,375,5375,1750,1500,9125
16216,125,500,5500,1750,1625,9500
16217,125,375,5125,1625,1500,8750
16218,125,375,5375,1625,1500,9000
16219,125,375,5250,1625,1500,8875
16220,125,375,5250,1750,1500,9000
16221,125,375,5375,1625,1500,9000
16222,125,375,5375,1625,1500,9000
16223,125,375,5375,1750,1500,9125
16224,125,375,5375,1750,1500,9125
16225,125,375,5250,1625,1625,9000
16226,125,375,5250,1625,1500,8875
16227,125,375,5250,1625,1500,8875
16228,125,375,5375,1625,1500,9000
16229,125,375,5375,1625,1500,9000
16230,125,375,5250,1625,1500,8875
16231,0,375,5500,1750,1625,9250
16232,125,375,5875,1625,1625,9625
16233,125,375,5500,1750,1625,9375
16234,125,375,5250,1625,1500,8875
16235,125,375,5375,1625,1500,9000
16236,125,500,5375,1500,1500,9000
16237,0,375,5500,1750,1625,9250
16238,125,375,5375,1625,1500,9000
16239,125,375,5250,1625,1500,8875
16240,125,375,5250,1625,1500,8875
16241,0,375,5500,1625,1500,9000
16242,125,375,5375,1750,1500,9125
16243,125,375,5375,1625,1500,9000
16244,125,500,5250,1750,1500,9125
16245,125,375,5250,1750,1625,9125
16246,125,500,5375,1750,1500,9250
16247,0,375,5250,1750,1500,8875
16248,125,500,5250,1625,1500,9000
16249,125,375,5375,1750,1500,9125
16250,125,375,5375,1750,1625,9250
16251,0,375,5375,1750,1500,9000
16252,125,375,5375,1625,1500,9000
16253,125,375,5375,1625,1500,9000
16254,125,500,5375,1750,1625,9375
16255,125,375,5250,1625,1500,8875
16256,125,375,5375,1625,1500,9000
16257,125,500,5250,1750,1500,9125
16258,125,375,5375,1625,1500,9000
16259,125,375,5375,1750,1500,9125
16260,125,375,5250,1750,1500,9000
16261,125,375,5375,1625,1500,9000
16262,125,500,5375,1625,1625,9250
16263,125,375,5375,1750,1500,9125
16264,125,375,5375,1750,1500,9125
16265,125,500,5375,1625,1500,9125
16266,0,375,5375,1625,1500,8875
16267,125,375,5375,1750,1500,9125
16268,125,375,5375,1750,1500,9125
16269,125,375,5250,1625,1375,8750
16270,125,375,5375,1750,1500,9125
16271,125,375,5250,1625,1625,9000
16272,125,500,5375,1625,1500,9125
16273,125,375,5250,1625,1500,8875
16274,125,375,5500,1625,1500,9125
16275,125,375,5375,1625,1500,9000
16276,125,375,5500,1625,1500,9125
16277,125,500,5375,1750,1500,9250
16278,125,375,5375,1625,1500,9000
16279,125,375,5250,1625,1500,8875
16280,125,375,5250,1625,1500,8875
16281,125,375,5250,1750,1625,9125
16282,125,375,5250,1750,1500,9000
16283,125,375,5250,1750,1500,9000
16284,0,375,5375,1625,1500,8875
16285,125,375,5375,1750,1500,9125
16286,0,375,5375,1625,1500,8875
16287,125,375,5375,1750,1500,9125
16288,0,375,5375,1750,1625,9125
16289,125,375,5375,1750,1625,9250
16290,125,375,5375,1750,1625,9250
16291,0,375,5500,1625,1500,9000
16292,125,375,5250,1625,1500,8875
16293,125,375,5375,1625,1500,9000
16294,125,500,5375,1750,1500,9250
16295,125,500,5250,1625,1500,9000
16296,125,375,5375,1625,1500,9000
16297,125,375,5250,1750,1625,9125
16298,125,375,5250,1625,1500,8875
16299,125,375,5250,1625,1500,8875
16300,0,375,5375,1750,1625,9125
16301,125,375,5375,1625,1500,9000
16302,125,375,5250,1625,1500,8875
16303,125,500,5375,1625,1500,9125
16304,0,375,5375,1750,1500,9000
16305,125,375,5375,1750,1625,9250
16306,125,500,5375,1625,1500,9125
16307,0,375,5375,1750,1500,9000
16308,125,375,5250,1625,1500,8875
16309,125,375,5375,1625,1500,9000
16310,125,375,5375,1625,1500,9000
16311,125,375,5250,1625,1500,8875
16312,125,375,5375,1750,1500,9125
16313,125,375,5250,1625,1500,8875
16314,125,375,5375,1625,1500,9000
16315,125,500,5500,1750,1500,9375
16316,0,375,5375,1625,1500,8875
16317,125,375,5250,1625,1500,8875
16318,125,500,5250,1625,1500,9000
16319,125,375,5375,1625,1625,9125
16320,125,375,5375,1750,1500,9125
16321,125,375,5500,1625,1500,9125
16322,125,375,5375,1750,1500,9125
16323,125,375,5500,1625,1500,9125
16324,0,375,5375,1750,1500,9000
16325,125,375,5250,1625,1500,8875
16326,0,375,5375,1750,1500,9000
16327,125,375,5250,1625,1500,8875
16328,125,375,5250,1625,1500,8875
16329,125,375,5375,1500,1500,8875
16330,125,500,5375,1750,1500,9250
16331,125,375,5250,1625,1500,8875
16332,125,375,5375,1750,1375,9000
16333,125,375,5375,1750,1625,9250
16334,125,375,5375,1750,1500,9125
16335,125,375,5500,1625,1500,9125
16336,125,375,5375,1625,1375,8875
16337,125,375,5250,1625,1500,8875
16338,0,375,5500,1750,1625,9250
16339,125,500,5375,1625,1500,9125
16340,0,375,5375,1750,1500,9000
16341,0,375,5500,1750,1500,9125
16342,0,375,5375,1625,1500,8875
16343,0,375,5250,1750,1500,8875
16344,125,375,5375,1750,1625,9250
16345,125,500,5375,1750,1500,9250
16346,0,375,5375,1750,1500,9000
16347,125,375,5500,1750,1500,9250
16348,125,375,5375,1625,1625,9125
16349,125,375,5375,1750,1500,9125
16350,125,375,5375,1750,1625,9250
16351,125,375,5250,1625,1500,8875
16352,125,500,5375,1625,1500,9125
16353,125,375,6000,1750,1625,9875
16354,125,375,5625,1750,1500,9375
16355,125,375,5375,1750,1625,9250
16356,125,375,5375,1750,1500,9125
16357,125,500,5250,1750,1500,9125
16358,125,375,5500,1625,1500,9125
16359,125,375,5375,1625,1500,9000
16360,0,375,5250,1625,1625,8875
16361,125,375,5500,1625,1500,9125
16362,125,500,5375,1625,1500,9125
16363,125,375,5375,1750,1375,9000
16364,0,375,5375,1625,1500,8875
16365,125,375,5375,1750,1500,9125
16366,125,375,5375,1625,1625,9125
16367,125,375,5250,1625,1625,9000
16368,125,375,5250,1625,1625,9000
16369,125,375,5250,1625,1500,8875
16370,125,375,5375,1625,1625,9125
16371,125,375,5375,1625,1500,9000
16372,125,375,5375,1625,1500,9000
16373,125,375,5250,1625,1625,9000
16374,125,375,5375,1625,1500,9000
16375,0,375,5500,1625,1500,9000
16376,125,500,5375,1625,1500,9125
16377,125,375,5250,1625,1500,8875
16378,125,375,5375,1625,1625,9125
16379,125,375,5250,1750,1500,9000
16380,125,375,5375,1625,1500,9000
16381,125,500,5375,1625,1500,9125
16382,125,375,5375,1625,1500,9000
16383,125,500,5375,1750,1500,9250
16384,0,375,5375,1750,1500,9000
16385,0,375,5375,1625,1625,9000
16386,125,375,5375,1625,1500,9000
16387,125,500,5375,1625,1625,9250
16388,125,500,5375,1750,1625,9375
16389,125,375,5250,1750,1625,9125
16390,125,500,5250,1625,1500,9000
16391,125,375,5375,1625,1500,9000
16392,125,375,5500,1625,1500,9125
16393,125,375,5250,1625,1625,9000
16394,125,375,5250,1750,1500,9000
16395,0,375,5375,1750,1500,9000
16396,125,375,5375,1750,1500,9125
16397,0,375,5500,1625,1625,9125
16398,0,375,5375,1625,1500,8875
16399,125,375,5375,1750,1625,9250
16400,125,500,5375,1625,1500,9125
16401,125,375,5375,1625,1500,9000
16402,125,375,5375,1500,1500,8875
16403,125,500,5250,1625,1625,9125
16404,125,375,5250,1750,1625,9125
16405,125,375,5375,1750,1500,9125
16406,125,375,5375,1750,1500,9125
16407,125,375,5250,1625,1500,8875
16408,125,375,5375,1625,1500,9000
16409,125,375,5375,1625,1500,9000
16410,125,375,5375,1625,1500,9000
16411,125,500,5375,1750,1625,9375
16412,0,375,5500,1625,1500,9000
16413,125,375,5500,1625,1500,9125
16414,125,500,5375,1625,1500,9125
16415,125,375,5375,1750,1625,9250
16416,125,375,5375,1625,1500,9000
16417,125,375,5375,1750,1500,9125
16418,125,375,5250,1750,1625,9125
16419,125,375,5375,1625,1500,9000
16420,125,375,5375,1625,1500,9000
16421,125,375,5375,1625,1500,9000
16422,125,375,5250,1750,1625,9125
16423,125,375,5375,1750,1500,9125
16424,125,375,5250,1625,1625,9000
16425,125,375,5375,1625,1500,9000
16426,125,375,5375,1625,1500,9000
16427,125,375,5375,1750,1500,9125
16428,125,375,5375,1750,1625,9250
16429,125,375,5250,1625,1500,8875
16430,125,375,5250,1625,1500,8875
16431,125,375,5250,1625,1500,8875
16432,125,375,5250,1625,1500,8875
16433,125,375,5250,1625,1500,8875
16434,125,375,5500,1750,1625,9375
16435,125,375,5250,1625,1500,8875
16436,125,375,5250,1625,1500,8875
16437,125,375,5375,1750,1500,9125
16438,125,375,5375,1750,1500,9125
16439,125,375,5250,1625,1625,9000
16440,0,375,5500,1625,1500,9000
16441,125,375,5375,1625,1500,9000
16442,125,500,5375,1750,1500,9250
16443,125,375,5375,1750,1625,9250
16444,125,375,5375,1625,1500,9000
16445,125,375,5375,1750,1500,9125
16446,125,375,5500,1750,1500,9250
16447,0,375,5500,1625,1500,9000
16448,125,375,5375,1625,1500,9000
16449,125,375,5250,1625,1500,8875
16450,125,375,5375,1625,1375,8875
16451,0,375,5375,1750,1625,9125
16452,125,375,5375,1625,1500,9000
16453,125,375,5250,1625,1500,8875
16454,125,375,5375,1625,1500,9000
16455,0,375,5375,1750,1500,9000
16456,125,375,5250,1625,1500,8875
16457,125,375,5250,1625,1500,8875
16458,125,375,5375,1750,1500,9125
16459,125,375,5500,1625,1500,9125
16460,125,375,5375,1750,1500,9125
16461,125,375,5375,1625,1625,9125
16462,125,375,5375,1750,1625,9250
16463,125,375,5500,1750,1625,9375
16464,125,375,5250,1750,1500,9000
16465,125,375,5250,1625,1500,8875
16466,125,375,5375,1750,1500,9125
16467,125,375,5375,1625,1500,9000
16468,125,375,5375,1750,1500,9125
16469,0,375,5375,1625,1500,8875
16470,125,375,5375,1625,1500,9000
16471,125,375,5250,1750,1500,9000
16472,125,375,5250,1625,1500,8875
16473,125,375,5375,1625,1500,9000
16474,125,375,5375,1625,1500,9000
16475,125,375,5875,1750,1500,9625
16476,125,375,5500,1750,1500,9250
16477,125,375,5250,1625,1500,8875
16478,125,375,5250,1625,1500,8875
16479,125,375,5250,1625,1625,9000
16480,125,375,5250,1625,1500,8875
16481,125,500,5375,1625,1625,9250
16482,125,500,5375,1625,1500,9125
16483,125,375,5250,1625,1500,8875
16484,0,375,5250,1625,1500,8750
16485,125,375,5375,1625,1500,9000
16486,125,375,5250,1625,1500,8875
16487,0,375,5500,1750,1500,9125
16488,125,375,5375,1750,1625,9250
16489,125,375,5375,1750,1625,9250
16490,125,500,5375,1750,1625,9375
16491,125,375,5250,1625,1500,8875
16492,125,500,5375,1625,1500,9125
16493,125,375,5250,1625,1500,8875
16494,125,375,5375,1625,1500,9000
16495,125,375,5250,1625,1500,8875
16496,0,375,5375,1750,1625,9125
16497,125,375,5375,1750,1500,9125
16498,125,375,5375,1625,1500,9000
16499,125,375,5250,1625,1500,8875
16500,125,375,5375,1750,1500,9125
16501,125,500,5375,1750,1500,9250
16502,0,375,5375,1625,1500,8875
16503,0,375,5375,1625,1375,8750
16504,125,375,5375,1625,1500,9000
16505,125,375,5375,1625,1500,9000
16506,125,375,5375,1750,1500,9125
16507,125,375,5250,1750,1625,9125
16508,125,375,5375,1750,1500,9125
16509,125,375,5250,1750,1500,9000
16510,125,375,5375,1750,1500,9125
16511,125,500,5375,1625,1500,9125
16512,125,375,5250,1750,1500,9000
16513,125,375,5375,1750,1625,9250
16514,125,375,5250,1625,1500,8875
16515,125,500,5375,1750,1500,9250
16516,125,375,5250,1625,1500,8875
16517,125,375,5250,1625,1500,8875
16518,125,375,5375,1750,1500,9125
16519,125,375,5500,1625,1500,9125
16520,125,375,5375,1625,1500,9000
16521,0,375,5375,1625,1375,8750
16522,125,375,5375,1625,1500,9000
16523,125,375,5375,1625,1500,9000
16524,0,375,5375,1750,1625,9125
16525,125,375,5500,1750,1500,9250
16526,0,375,5500,1750,1500,9125
16527,125,375,5375,1750,1500,9125
16528,125,500,5375,1750,1500,9250
16529,125,375,5250,1625,1500,8875
16530,125,375,5375,1625,1500,9000
16531,125,500,5375,1750,1500,9250
16532,125,375,5375,1625,1500,9000
16533,125,500,5375,1625,1500,9125
16534,0,375,5500,1750,1500,9125
16535,0,375,5500,1625,1500,9000
16536,0,375,5375,1625,1500,8875
16537,125,375,5375,1625,1500,9000
16538,125,375,5250,1625,1500,8875
16539,125,375,15375,1750,1625,19250
16540,0,375,5625,1625,1500,9125
16541,0,375,5500,1750,1625,9250
16542,125,375,5375,1750,1500,9125
16543,125,375,5375,1750,1500,9125
16544,125,375,5375,1625,1500,9000
16545,125,375,5500,1750,1500,9250
16546,125,375,5250,1625,1500,8875
16547,125,375,5500,1625,1500,9125
16548,125,375,5500,1625,1500,9125
16549,125,375,5375,1625,1625,9125
16550,125,375,5250,1625,1500,8875
16551,125,375,5375,1625,1500,9000
16552,125,375,5375,1750,1500,9125
16553,125,375,5500,1750,1500,9250
16554,0,375,5375,1750,1500,9000
16555,125,375,5375,1750,1500,9125
16556,125,375,5250,1625,1500,8875
16557,125,500,5375,1625,1500,9125
16558,0,375,5375,1625,1500,8875
16559,125,500,5250,1625,1500,9000
16560,125,375,5250,1625,1500,8875
16561,125,375,5375,1750,1500,9125
16562,125,375,5250,1750,1500,9000
16563,125,375,5375,1625,1500,9000
16564,125,500,5375,1750,1500,9250
16565,0,375,5500,1750,1500,9125
16566,125,375,5250,1625,1500,8875
16567,125,500,5375,1625,1500,9125
16568,125,375,5375,1625,1500,9000
16569,125,375,5375,1750,1500,9125
16570,125,375,5250,1625,1500,8875
16571,125,500,5250,1750,1500,9125
16572,0,375,5500,1750,1500,9125
16573,125,375,5375,1750,1625,9250
16574,125,375,5250,1625,1500,8875
16575,125,375,5375,1625,1500,9000
16576,125,375,5375,1625,1500,9000
16577,125,375,5500,1625,1500,9125
16578,125,375,5375,1750,1500,9125
16579,125,375,5250,1625,1500,8875
16580,125,375,5375,1625,1500,9000
16581,125,375,5375,1625,1500,9000
16582,125,500,5250,1625,1500,9000
16583,125,500,5375,1625,1500,9125
16584,125,375,5375,1750,1625,9250
16585,125,500,5375,1750,1500,9250
16586,125,375,5375,1625,1625,9125
16587,125,375,5250,1625,1500,8875
16588,125,375,5375,1625,1500,9000
16589,125,375,5375,1625,1625,9125
16590,0,375,5375,1625,1500,8875
16591,125,375,5375,1625,1500,9000
16592,125,375,5375,1625,1625,9125
16593,125,375,5375,1750,1500,9125
16594,0,375,5375,1750,1500,9000
16595,0,375,5500,1625,1500,9000
16596,125,375,6000,1875,1625,10000
16597,125,375,5500,1625,1500,9125
16598,125,375,5375,1750,1500,9125
16599,125,375,5375,1625,1500,9000
16600,125,375,5250,1625,1625,9000
16601,125,375,5375,1750,1500,9125
16602,125,375,5375,1625,1500,9000
16603,125,375,5375,1625,1500,9000
16604,125,375,5500,1750,1500,9250
16605,125,375,5375,1625,1500,9000
16606,125,375,5500,1625,1500,9125
16607,125,375,5250,1625,1500,8875
16608,125,375,5375,1750,1500,9125
16609,125,375,5375,1750,1500,9125
16610,125,375,5375,1625,1500,9000
16611,125,375,5375,1750,1500,9125
16612,125,375,5375,1750,1500,9125
16613,125,500,5250,1625,1500,9000
16614,125,375,5500,1750,1500,9250
16615,125,500,5375,1625,1625,9250
16616,0,375,5375,1750,1500,9000
16617,125,375,5375,1625,1500,9000
16618,125,375,5500,1750,1500,9250
16619,0,375,5500,1750,1500,9125
16620,0,375,5500,1625,1500,9000
16621,125,375,5375,1750,1625,9250
16622,125,375,5250,1625,1500,8875
16623,125,375,5375,1750,1500,9125
16624,125,375,5250,1625,1625,9000
16625,125,375,5250,1625,1625,9000
16626,125,375,5375,1625,1500,9000
16627,125,375,5250,1625,1500,8875
16628,0,375,5500,1750,1625,9250
16629,125,375,5375,1750,1500,9125
16630,125,375,5375,1625,1500,9000
16631,125,375,5375,1625,1500,9000
16632,125,375,5250,1625,1500,8875
16633,125,375,5375,1750,1500,9125
16634,125,375,5375,1750,1500,9125
16635,125,375,5375,1625,1500,9000
16636,125,375,5250,1750,1500,9000
16637,125,375,5375,1750,1500,9125
16638,125,500,5250,1625,1500,9000
16639,125,375,5250,1625,1500,8875
16640,125,375,5500,1750,1500,9250
16641,125,375,5500,1625,1500,9125
16642,125,375,5375,1625,1500,9000
16643,0,375,5375,1625,1500,8875
16644,0,375,5375,1750,1625,9125
16645,125,375,5375,1625,1625,9125
16646,125,500,5250,1625,1625,9125
16647,125,375,5375,1625,1500,9000
16648,125,375,5375,1625,1500,9000
16649,125,375,5500,1625,1500,9125
16650,0,375,5375,1750,1500,9000
16651,125,375,5375,1625,1500,9000
16652,125,375,5375,1750,1500,9125
16653,0,375,5250,1750,1500,8875
16654,125,375,5375,1625,1500,9000
16655,125,375,5500,1625,1500,9125
16656,125,375,5375,1625,1500,9000
16657,125,375,5375,1750,1500,9125
16658,125,375,5375,1750,1500,9125
16659,125,375,5500,1625,1500,9125
16660,125,375,5500,1750,1625,9375
16661,0,375,5375,1750,1500,9000
16662,125,500,5375,1625,1500,9125
16663,125,375,5250,1625,1625,9000
16664,125,375,5250,1625,1625,9000
16665,125,375,5250,1625,1500,8875
16666,125,375,5375,1625,1625,9125
16667,125,375,5500,1625,1500,9125
16668,125,375,5375,1625,1500,9000
16669,125,375,5375,1625,1500,9000
16670,125,375,5375,1750,1500,9125
16671,125,375,5375,1750,1500,9125
16672,125,375,5250,1625,1500,8875
16673,125,375,5375,1750,1625,9250
16674,125,375,5375,1625,1500,9000
16675,125,375,5250,1625,1625,9000
16676,125,375,5375,1750,1500,9125
16677,0,375,5375,1750,1625,9125
16678,0,375,5500,1625,1500,9000
16679,125,375,5375,1750,1500,9125
16680,125,375,5375,1625,1500,9000
16681,125,375,5250,1625,1500,8875
16682,125,500,5375,1750,1500,9250
16683,125,375,5375,1750,1500,9125
16684,125,375,5375,1750,1625,9250
16685,125,500,5375,1625,1500,9125
16686,125,375,5500,1750,1625,9375
16687,125,375,5375,1750,1625,9250
16688,125,375,5250,1625,1500,8875
16689,125,500,5375,1625,1500,9125
16690,125,500,5375,1625,1500,9125
16691,125,375,5375,1625,1500,9000
16692,125,375,5500,1625,1500,9125
16693,0,375,5375,1750,1500,9000
16694,125,375,5500,1625,1500,9125
16695,125,375,5375,1625,1500,9000
16696,125,375,5375,1625,1500,9000
16697,125,375,5250,1625,1500,8875
16698,125,375,5500,1625,1500,9125
16699,125,375,5375,1625,1500,9000
16700,125,500,5375,1625,1500,9125
16701,125,500,5375,1625,1625,9250
16702,125,375,5250,1625,1500,8875
16703,125,375,5375,1750,1625,9250
16704,125,375,5375,1750,1500,9125
16705,125,375,5375,1625,1625,9125
16706,125,375,5375,1625,1500,9000
16707,125,500,5375,1625,1500,9125
16708,125,375,5250,1625,1500,8875
16709,125,500,5375,1750,1625,9375
16710,125,375,5375,1625,1500,9000
16711,125,375,5375,1750,1500,9125
16712,125,375,5250,1625,1625,9000
16713,125,375,5375,1625,1500,9000
16714,125,500,5375,1625,1500,9125
16715,125,375,5375,1750,1500,9125
16716,125,375,5375,1625,1625,9125
16717,0,375,5875,1750,1500,9500
16718,125,500,5500,1750,1625,9500
16719,125,500,5375,1625,1500,9125
16720,125,375,5250,1625,1625,9000
16721,125,375,5375,1625,1375,8875
16722,0,375,5375,1625,1500,8875
16723,125,375,5375,1625,1500,9000
16724,125,375,5375,1625,1500,9000
16725,125,375,5250,1625,1500,8875
16726,125,375,5250,1625,1500,8875
16727,125,375,5250,1500,1500,8750
16728,125,375,5375,1625,1625,9125
16729,125,375,5375,1625,1500,9000
16730,125,375,5375,1625,1500,9000
16731,125,375,5375,1625,1500,9000
16732,125,375,5375,1625,1500,9000
16733,125,375,5375,1625,1500,9000
16734,125,375,5375,1750,1625,9250
16735,125,375,5500,1625,1500,9125
16736,125,375,5375,1750,1500,9125
16737,125,375,5375,1750,1500,9125
16738,125,375,5500,1750,1500,9250
16739,125,375,5250,1750,1500,9000
16740,125,375,5500,1625,1500,9125
16741,125,500,5375,1625,1500,9125
16742,125,375,5250,1625,1625,9000
16743,125,375,5375,1625,1625,9125
16744,125,375,5375,1750,1500,9125
16745,0,375,5375,1625,1500,8875
16746,125,375,5250,1750,1500,9000
16747,125,375,5375,1625,1625,9125
16748,125,375,5375,1750,1500,9125
16749,0,375,5500,1750,1500,9125
16750,125,375,5375,1625,1500,9000
16751,125,375,5250,1625,1375,8750
16752,125,375,5250,1625,1500,8875
16753,125,375,5250,1625,1625,9000
16754,125,375,5250,1625,1500,8875
16755,125,375,5375,1750,1500,9125
16756,125,375,5375,1625,1500,9000
16757,125,375,5375,1750,1500,9125
16758,125,375,5250,1625,1500,8875
16759,125,375,5375,1750,1500,9125
16760,125,375,5375,1750,1625,9250
16761,125,375,5250,1750,1500,9000
16762,125,375,5500,1625,1500,9125
16763,0,375,5375,1750,1500,9000
16764,125,500,5375,1625,1500,9125
16765,125,375,5250,1625,1500,8875
16766,125,500,5375,1750,1500,9250
16767,0,375,5375,1625,1500,8875
16768,125,500,5250,1625,1500,9000
16769,125,375,5250,1750,1500,9000
16770,0,375,5375,1625,1500,8875
16771,125,375,5375,1625,1500,9000
16772,125,375,5500,1750,1500,9250
16773,125,375,5250,1625,1500,8875
16774,125,375,5500,1625,1625,9250
16775,0,375,5500,1625,1625,9125
16776,125,375,5375,1750,1500,9125
16777,0,375,5250,1750,1500,8875
16778,125,500,5500,1750,1625,9500
16779,125,375,5500,1750,1500,9250
16780,125,375,5500,1750,1500,9250
16781,125,375,5375,1625,1500,9000
16782,125,375,5375,1625,1500,9000
16783,125,375,5250,1625,1500,8875
16784,0,375,5500,1750,1625,9250
16785,125,375,5375,1750,1625,9250
16786,125,375,5250,1625,1625,9000
16787,125,375,5250,1625,1500,8875
16788,125,375,5375,1750,1500,9125
16789,125,375,5375,1750,1500,9125
16790,0,375,5250,1625,1625,8875
16791,125,375,5375,1625,1500,9000
16792,125,375,5250,1625,1500,8875
16793,125,375,5375,1750,1500,9125
16794,0,375,5375,1750,1625,9125
16795,125,375,5250,1625,1500,8875
16796,125,375,5375,1625,1500,9000
16797,125,375,5375,1750,1500,9125
16798,125,375,5375,1625,1625,9125
16799,125,375,5250,1625,1500,8875
16800,0,375,5375,1625,1625,9000
16801,125,375,5375,1625,1500,9000
16802,125,375,5500,1750,1500,9250
16803,125,375,5375,1625,1500,9000
16804,125,375,5500,1750,1500,9250
16805,125,375,5375,1750,1625,9250
16806,125,500,5375,1750,1500,9250
16807,125,375,5375,1750,1625,9250
16808,125,375,5375,1750,1500,9125
16809,125,375,5375,1625,1500,9000
16810,125,375,5375,1625,1500,9000
16811,125,375,5250,1750,1625,9125
16812,125,375,5375,1625,1500,9000
16813,125,500,5250,1750,1500,9125
16814,125,375,5375,1500,1500,8875
16815,125,375,5375,1625,1500,9000
16816,125,375,5375,1750,1500,9125
16817,0,375,5500,1625,1500,9000
16818,125,375,5250,1625,1500,8875
16819,125,375,5250,1625,1500,8875
16820,125,375,5375,1625,1500,9000
16821,0,375,5500,1625,1375,8875
16822,125,375,5500,1625,1500,9125
16823,125,375,5375,1750,1500,9125
16824,125,375,5375,1750,1625,9250
16825,125,375,5250,1625,1500,8875
16826,125,500,5375,1625,1625,9250
16827,0,375,5500,1625,1500,9000
16828,125,375,5250,1750,1500,9000
16829,125,375,5375,1625,1500,9000
16830,125,375,5375,1625,1500,9000
16831,125,375,5250,1625,1500,8875
16832,125,375,5500,1750,1500,9250
16833,125,375,5375,1625,1500,9000
16834,125,375,5250,1625,1625,9000
16835,125,500,5375,1625,1500,9125
16836,0,375,5500,1625,1500,9000
16837,125,375,5375,1750,1625,9250
16838,125,500,5500,1625,1500,9250
16839,125,375,5875,1750,1625,9750
16840,125,375,5500,1625,1500,9125
16841,125,500,5500,1625,1500,9250
16842,125,375,5250,1625,1500,8875
16843,125,375,5375,1625,1500,9000
16844,125,375,5375,1750,1500,9125
16845,125,375,5250,1625,1500,8875
16846,125,375,5375,1625,1500,9000
16847,0,375,5500,1625,1500,9000
16848,125,375,5500,1625,1500,9125
16849,125,375,5500,1625,1500,9125
16850,125,375,5250,1625,1500,8875
16851,125,375,5375,1625,1500,9000
16852,125,375,5250,1625,1500,8875
16853,125,500,5375,1750,1500,9250
16854,125,375,5375,1625,1500,9000
16855,125,375,5500,1625,1500,9125
16856,125,375,5375,1625,1500,9000
16857,125,500,5250,1625,1500,9000
16858,125,375,5375,1625,1500,9000
16859,125,375,5250,1625,1500,8875
16860,125,375,5375,1625,1500,9000
16861,125,375,5375,1750,1625,9250
16862,125,375,5375,1625,1500,9000
16863,125,375,5375,1750,1500,9125
16864,0,375,5250,1625,1625,8875
16865,125,375,5375,1750,1500,9125
16866,125,375,5375,1750,1500,9125
16867,0,375,5375,1625,1500,8875
16868,125,375,5375,1625,1500,9000
16869,125,500,5375,1750,1500,9250
16870,0,375,5375,1750,1500,9000
16871,125,375,5375,1750,1625,9250
16872,125,375,5375,1625,1500,9000
16873,125,375,5500,1625,1500,9125
16874,125,375,5375,1750,1500,9125
16875,125,375,5250,1625,1500,8875
16876,125,375,5250,1625,1500,8875
16877,125,375,5250,1625,1500,8875
16878,125,375,5375,1750,1625,9250
16879,125,375,5250,1625,1500,8875
16880,125,500,5500,1625,1500,9250
16881,125,500,5375,1750,1500,9250
16882,125,375,5375,11375,1625,18875
16883,125,375,6125,1875,1625,10125
16884,0,375,5500,1750,1500,9125
16885,125,375,5375,1750,1500,9125
16886,125,500,5375,1625,1500,9125
16887,0,375,5375,1625,1500,8875
16888,125,375,5375,1625,1500,9000
16889,0,375,5375,1750,1625,9125
16890,0,375,5375,1625,1500,8875
16891,125,375,5250,1625,1500,8875
16892,125,375,5375,1625,1500,9000
16893,125,375,5375,1625,1625,9125
16894,125,375,5375,1750,1500,9125
16895,125,375,5500,1625,1500,9125
16896,125,375,5375,1750,1500,9125
16897,0,375,5500,1750,1500,9125
16898,0,375,5500,1625,1500,9000
16899,0,375,5375,1750,1625,9125
16900,125,375,5375,1750,1625,9250
16901,125,375,5250,1625,1500,8875
16902,125,375,5250,1625,1500,8875
16903,125,375,5375,1625,1500,9000
16904,125,375,5375,1625,1625,9125
16905,125,375,5375,1750,1500,9125
16906,125,375,5375,1750,1625,9250
16907,125,375,5500,1625,1500,9125
16908,125,375,5375,1750,1625,9250
16909,125,375,5250,1625,1500,8875
16910,125,375,5250,1625,1500,8875
16911,0,375,5250,1625,1500,8750
16912,125,375,5375,1625,1625,9125
16913,125,375,5250,1625,1500,8875
16914,125,375,5375,1750,1500,9125
16915,125,375,5375,1750,1625,9250
16916,125,375,5250,1625,1500,8875
16917,0,375,5375,1625,1500,8875
16918,125,375,5250,1625,1500,8875
16919,125,375,5375,1750,1500,9125
16920,125,375,5375,1750,1500,9125
16921,125,375,5375,1625,1500,9000
16922,125,375,5375,1625,1500,9000
16923,125,500,5125,1625,1625,9000
16924,125,375,5500,1750,1625,9375
16925,125,375,5375,1750,1625,9250
16926,125,375,5250,1625,1625,9000
16927,125,375,5375,1625,1500,9000
16928,125,375,5375,1625,1500,9000
16929,125,375,5375,1750,1625,9250
16930,125,375,5375,1750,1625,9250
16931,125,375,5375,1625,1500,9000
16932,125,375,5250,1625,1500,8875
16933,125,375,5500,1625,1500,9125
16934,125,375,5250,1625,1500,8875
16935,125,375,5375,1625,1625,9125
16936,125,375,5250,1625,1500,8875
16937,125,500,5375,1750,1500,9250
16938,0,375,5250,1625,1500,8750
16939,125,375,5375,1750,1625,9250
16940,125,375,5375,1625,1500,9000
16941,125,375,5375,1625,1500,9000
16942,125,375,5375,1750,1500,9125
16943,0,375,5375,1625,1625,9000
16944,125,375,5375,1750,1500,9125
16945,125,375,5375,1750,1500,9125
16946,125,375,5375,1625,1500,9000
16947,0,375,5375,1750,1500,9000
16948,0,375,5375,1625,1625,9000
16949,0,375,5500,1750,1500,9125
16950,125,375,5375,1750,1500,9125
16951,125,375,5250,1625,1500,8875
16952,125,500,5250,1750,1625,9250
16953,0,375,5500,1750,1500,9125
16954,125,375,5375,1625,1500,9000
16955,125,375,5375,1750,1500,9125
16956,125,375,5250,1625,1500,8875
16957,125,375,5500,1625,1500,9125
16958,0,375,5250,1625,1500,8750
16959,125,375,5250,1625,1500,8875
16960,125,375,5250,1625,1500,8875
16961,125,375,6125,1875,1625,10125
16962,125,375,5500,1750,1625,9375
16963,125,375,5375,1625,1500,9000
16964,125,375,5250,1625,1500,8875
16965,125,375,5375,1625,1500,9000
16966,125,375,5500,1750,1500,9250
16967,125,375,5375,1625,1500,9000
16968,125,375,5375,1750,1500,9125
16969,125,375,5375,1750,1500,9125
16970,125,375,5250,1625,1625,9000
16971,125,375,5375,1625,1625,9125
16972,125,375,5375,1625,1500,9000
16973,125,375,5375,1625,1625,9125
16974,125,375,5250,1625,1625,9000
16975,125,375,5375,1625,1625,9125
16976,125,375,5375,1625,1500,9000
16977,125,500,5375,1750,1500,9250
16978,0,375,5250,1625,1500,8750
16979,125,375,5375,1500,1500,8875
16980,125,375,5375,1750,1625,9250
16981,0,375,5375,1625,1500,8875
16982,125,375,5375,1750,1625,9250
16983,125,375,5250,1750,1625,9125
16984,125,375,5250,1625,1625,9000
16985,125,375,5375,1625,1500,9000
16986,125,375,5500,1750,1500,9250
16987,0,375,5375,1750,1500,9000
16988,125,375,5125,1625,1500,8750
16989,125,375,5375,1625,1625,9125
16990,125,375,5250,1625,1625,9000
16991,125,375,5375,1625,1500,9000
16992,0,375,5375,1750,1625,9125
16993,125,375,5250,1625,1625,9000
16994,125,375,5250,1625,1375,8750
16995,125,375,5375,1625,1500,9000
16996,0,375,5250,1750,1500,8875
16997,125,375,5375,1750,1500,9125
16998,0,375,5500,1750,1500,9125
16999,125,375,5375,1750,1500,9125
17000,0,375,5500,1625,1500,9000
17001,125,375,5500,1750,1500,9250
17002,125,500,5250,1625,1500,9000
17003,125,375,5500,1750,1625,9375
17004,125,375,5500,1750,1625,9375
17005,125,375,5250,1750,1500,9000
17006,125,375,5500,1625,1500,9125
17007,125,375,5375,1625,1625,9125
17008,125,500,5375,1625,1500,9125
17009,125,375,5250,1625,1500,8875
17010,125,375,5250,1750,1625,9125
17011,125,375,5375,1750,1500,9125
17012,125,375,5250,1625,1500,8875
17013,125,375,5375,1750,1625,9250
17014,125,375,5375,1625,1500,9000
17015,125,375,5500,1625,1500,9125
17016,125,375,5375,1625,1500,9000
17017,125,375,5500,1750,1500,9250
17018,125,375,5250,1625,1625,9000
17019,125,500,5375,1750,1625,9375
17020,0,375,5500,1625,1500,9000
17021,125,500,5375,1750,1500,9250
17022,125,375,5250,1625,1500,8875
17023,125,500,5250,1625,1500,9000
17024,125,375,5250,1625,1375,8750
17025,125,375,5250,1625,1625,9000
17026,125,500,5500,1625,1625,9375
17027,125,375,5375,1625,1500,9000
17028,125,375,5375,1750,1500,9125
17029,0,375,5500,1625,1500,9000
17030,125,375,5375,1625,1500,9000
17031,125,375,5375,1625,1500,9000
17032,0,375,5375,1625,1500,8875
17033,125,500,5375,1625,1625,9250
17034,125,375,5375,1625,1500,9000
17035,125,375,5375,1625,1500,9000
17036,125,375,5375,1625,1625,9125
17037,125,375,5250,1625,1500,8875
17038,125,500,5500,1625,1625,9375
17039,125,375,5250,1625,1500,8875
17040,125,375,5375,1625,1500,9000
17041,125,375,5375,1750,1500,9125
17042,125,375,5375,1625,1500,9000
17043,125,375,5375,1750,1500,9125
17044,0,375,5500,1625,1500,9000
17045,125,375,5375,1750,1500,9125
17046,0,375,5375,1625,1500,8875
17047,125,375,5250,1625,1500,8875
17048,125,375,5375,1625,1500,9000
17049,125,375,5375,1750,1625,9250
17050,125,375,5375,1750,1500,9125
17051,0,375,5500,1625,1500,9000
17052,125,375,5250,1625,1500,8875
17053,125,375,5500,1750,1500,9250
17054,0,375,5250,1750,1500,8875
17055,125,375,5375,1625,1500,9000
17056,125,375,5375,1625,1500,9000
17057,125,375,5375,1625,1500,9000
17058,125,500,5375,1625,1500,9125
17059,125,375,5250,1750,1500,9000
17060,125,375,5250,1625,1500,8875
17061,125,375,5375,1625,1500,9000
17062,125,375,5250,1625,1500,8875
17063,125,375,5375,1625,1625,9125
17064,125,375,5250,1750,1500,9000
17065,125,375,5250,1625,1500,8875
17066,0,375,5375,1625,1500,8875
17067,0,375,5500,1625,1625,9125
17068,0,375,5375,1625,1500,8875
17069,125,375,5250,1625,1500,8875
17070,125,375,5375,1750,1625,9250
17071,125,375,5375,1750,1625,9250
17072,125,375,5375,1625,1500,9000
17073,125,375,5375,1750,1625,9250
17074,125,500,5375,1750,1500,9250
17075,0,375,5375,1750,1625,9125
17076,125,375,5375,1625,1500,9000
17077,125,375,5250,1625,1625,9000
17078,125,500,5375,1750,1625,9375
17079,125,375,5250,1625,1500,8875
17080,125,500,5375,1625,1625,9250
17081,125,375,5375,1625,1500,9000
17082,125,375,5875,1875,1625,9875
17083,125,375,5500,1625,1500,9125
17084,125,500,5375,1750,1500,9250
17085,125,375,5250,1625,1500,8875
17086,125,375,5500,1750,1500,9250
17087,125,375,5375,1750,1625,9250
17088,125,375,5375,1625,1500,9000
17089,125,375,5375,1750,1625,9250
17090,125,375,5250,1625,1500,8875
17091,125,375,5375,1750,1500,9125
17092,125,375,5375,1750,1500,9125
17093,125,375,5375,1625,1500,9000
17094,0,375,5375,1750,1625,9125
17095,125,375,5375,1625,1500,9000
17096,125,375,5500,1625,1500,9125
17097,0,375,5375,1625,1500,8875
17098,0,375,5250,1625,1500,8750
17099,125,375,5375,1625,1375,8875
17100,125,375,5250,1625,1500,8875
17101,125,375,5375,1625,1500,9000
17102,125,375,5375,1750,1625,9250
17103,125,375,5375,1750,1500,9125
17104,125,375,5375,1750,1500,9125
17105,0,375,5500,1625,1500,9000
17106,125,375,5250,1750,1500,9000
17107,125,375,5375,1625,1500,9000
17108,125,500,5375,1625,1500,9125
17109,125,375,5375,1750,1500,9125
17110,125,375,5250,1625,1500,8875
17111,125,500,5250,1750,1500,9125
17112,125,375,5250,1625,1625,9000
17113,125,375,5500,1750,1500,9250
17114,125,375,5250,1625,1500,8875
17115,125,375,5375,1625,1500,9000
17116,125,500,5375,1625,1500,9125
17117,125,375,5375,1625,1625,9125
17118,125,375,5250,1625,1500,8875
17119,125,375,5125,1625,1500,8750
17120,125,375,5250,1750,1625,9125
17121,125,375,5250,1625,1625,9000
17122,0,375,5375,1750,1625,9125
17123,125,375,5250,1625,1500,8875
17124,125,500,5500,1750,1500,9375
17125,125,375,5375,1625,1500,9000
17126,125,500,5375,1625,1500,9125
17127,125,375,5375,1750,1625,9250
17128,125,500,5375,1750,1500,9250
17129,0,375,5250,1625,1500,8750
17130,125,375,5250,1625,1500,8875
17131,125,375,5375,1750,1500,9125
17132,0,375,5375,1625,1625,9000
17133,125,375,5250,1750,1500,9000
17134,125,375,5500,1750,1625,9375
17135,125,375,5250,1750,1500,9000
17136,125,375,5250,1750,1625,9125
17137,125,375,5500,1625,1500,9125
17138,125,375,5375,1750,1500,9125
17139,125,375,5500,1625,1500,9125
17140,125,500,5375,1625,1500,9125
17141,125,375,5375,1625,1500,9000
17142,0,375,5500,1625,1500,9000
17143,125,375,5375,1750,1625,9250
17144,125,375,5375,1625,1500,9000
17145,125,500,5375,1750,1500,9250
17146,125,375,5375,1750,1625,9250
17147,125,375,5375,1750,1500,9125
17148,125,375,5375,1750,1500,9125
17149,125,375,5500,1625,1500,9125
17150,0,375,5375,1625,1500,8875
17151,125,375,5250,1625,1500,8875
17152,125,375,5375,1750,1500,9125
17153,0,375,5375,1625,1500,8875
17154,0,375,5250,1625,1625,8875
17155,125,375,5250,1625,1625,9000
17156,125,375,5250,1625,1500,8875
17157,125,375,5375,1750,1500,9125
17158,0,375,5375,1750,1625,9125
17159,125,375,5250,1625,1500,8875
17160,0,375,5375,1750,1500,9000
17161,125,375,5375,1625,1500,9000
17162,125,375,5250,1625,1500,8875
17163,125,375,5375,1750,1500,9125
17164,125,375,5375,1750,1500,9125
17165,125,375,5375,1625,1500,9000
17166,125,375,5500,1625,1500,9125
17167,125,375,5375,1625,1500,9000
17168,0,375,5375,1625,1500,8875
17169,125,375,5375,1750,1500,9125
17170,125,375,5500,1750,1500,9250
17171,125,375,5500,1750,1500,9250
17172,125,375,5250,1625,1500,8875
17173,125,375,5375,1625,1500,9000
17174,125,375,5250,1750,1625,9125
17175,125,375,5250,1625,1500,8875
17176,125,500,5250,1750,1625,9250
17177,125,375,5375,1625,1500,9000
17178,125,375,5250,1625,1500,8875
17179,125,375,5375,1625,1500,9000
17180,0,375,5375,1625,1500,8875
17181,125,375,5250,1625,1500,8875
17182,125,375,5250,1750,1500,9000
17183,125,500,5375,1750,1500,9250
17184,0,375,5375,1750,1500,9000
17185,125,375,5375,1625,1500,9000
17186,125,375,5375,1625,1625,9125
17187,125,375,5250,1750,1500,9000
17188,125,375,5375,1625,1375,8875
17189,0,375,5250,1625,1500,8750
17190,125,375,5375,1625,1500,9000
17191,0,375,5375,1625,1500,8875
17192,0,375,5375,1750,1500,9000
17193,125,375,5375,1625,1625,9125
17194,125,375,5375,1750,1625,9250
17195,125,375,5250,1750,1500,9000
17196,125,375,5375,1625,1500,9000
17197,125,500,5500,1750,1500,9375
17198,125,500,5375,1750,1500,9250
17199,125,375,5250,1625,1500,8875
17200,125,375,5375,1625,1500,9000
17201,0,375,5375,1750,1500,9000
17202,125,375,5375,1625,1500,9000
17203,125,375,5250,1625,1500,8875
17204,125,375,5750,1750,1500,9500
17205,125,375,5375,1750,1625,9250
17206,125,375,5375,1750,1500,9125
17207,0,375,5375,1625,1500,8875
17208,125,500,5500,1625,1500,9250
17209,125,375,5375,1750,1625,9250
17210,125,500,5375,1625,1500,9125
17211,125,375,5250,1625,1500,8875
17212,125,375,5375,1625,1625,9125
17213,0,375,5375,1625,1500,8875
17214,125,375,5375,1625,1500,9000
17215,125,375,5375,1750,1625,9250
17216,125,375,5250,1625,1500,8875
17217,125,375,5250,1625,1500,8875
17218,125,375,5375,1625,1500,9000
17219,125,375,5250,1625,1500,8875
17220,125,375,5375,1750,1625,9250
17221,125,375,5375,1625,1500,9000
17222,125,375,5375,1750,1500,9125
17223,0,375,5500,1750,1500,9125
17224,125,500,5375,1625,1500,9125
17225,125,375,5375,1625,1500,9000
17226,0,10500,6000,1875,1625,20000
17227,125,375,5625,1750,1625,9500
17228,125,375,5250,1625,1500,8875
17229,125,375,5375,1625,1500,9000
17230,125,375,5375,1750,1625,9250
17231,125,375,5250,1625,1625,9000
17232,125,375,5250,1625,1500,8875
17233,125,375,5375,1625,1625,9125
17234,125,375,5375,1625,1500,9000
17235,125,500,5375,1750,1625,9375
17236,125,500,5375,1750,1625,9375
17237,125,375,5250,1750,1500,9000
17238,125,375,5375,1750,1500,9125
17239,125,375,5250,1750,1500,9000
17240,125,375,5375,1750,1500,9125
17241,125,375,5250,1625,1625,9000
17242,125,500,5375,1625,1625,9250
17243,125,375,5375,1750,1500,9125
17244,125,375,5250,1500,1500,8750
17245,125,375,5375,1625,1500,9000
17246,125,500,5375,1750,1500,9250
17247,125,375,5500,1750,1625,9375
17248,125,375,5375,1625,1625,9125
17249,125,375,5500,1625,1500,9125
17250,125,375,5375,1625,1500,9000
17251,125,375,5375,1750,1500,9125
17252,125,375,5375,1625,1500,9000
17253,125,375,5375,1625,1500,9000
17254,125,375,5500,1625,1500,9125
17255,0,375,5250,1625,1500,8750
17256,0,375,5375,1750,1625,9125
17257,0,375,5250,1625,1500,8750
17258,125,500,5375,1750,1625,9375
17259,125,375,5250,1625,1500,8875
17260,125,375,5375,1625,1500,9000
17261,125,375,5375,1625,1500,9000
17262,125,375,5375,1750,1500,9125
17263,125,375,5500,1750,1625,9375
17264,125,375,5250,1625,1625,9000
17265,0,375,5500,1750,1500,9125
17266,125,375,5250,1625,1500,8875
17267,125,375,5375,1625,1500,9000
17268,125,375,5375,1750,1500,9125
17269,125,375,5500,1625,1500,9125
17270,125,375,5250,1625,1500,8875
17271,125,500,5375,1750,1625,9375
17272,0,375,5375,1750,1625,9125
17273,0,375,5500,1625,1500,9000
17274,125,375,5375,1625,1625,9125
17275,125,375,5375,1625,1500,9000
17276,125,375,5375,1750,1500,9125
17277,125,375,5375,1750,1500,9125
17278,125,375,5375,1625,1375,8875
17279,0,375,5250,1625,1500,8750
17280,125,375,5250,1625,1500,8875
17281,125,375,5375,1750,1500,9125
17282,125,375,5250,1625,1500,8875
17283,125,500,5250,1625,1500,9000
17284,125,375,5250,1625,1500,8875
17285,125,375,5375,1625,1500,9000
17286,125,375,5500,1625,1500,9125
17287,125,500,5375,1750,1500,9250
17288,125,375,5250,1625,1500,8875
17289,125,375,5375,1625,1500,9000
17290,125,375,5375,1625,1500,9000
17291,125,375,5375,1750,1625,9250
17292,0,375,5375,1625,1500,8875
17293,125,375,5375,1625,1500,9000
17294,125,375,5375,1625,1500,9000
17295,125,375,5375,1750,1625,9250
17296,125,375,5375,1750,1500,9125
17297,0,375,5250,1750,1625,9000
17298,125,375,5500,1750,1500,9250
17299,125,375,5375,1750,1500,9125
17300,125,375,5375,1750,1625,9250
17301,125,375,5375,1750,1625,9250
17302,125,375,5375,1750,1500,9125
17303,125,375,5375,1625,1500,9000
17304,125,375,5375,1750,1625,9250
17305,125,375,5375,1750,1625,9250
17306,125,375,5250,1750,1500,9000
17307,125,375,5250,1625,1625,9000
17308,125,375,5250,1625,1500,8875
17309,125,375,5500,1625,1500,9125
17310,125,375,5250,1625,1500,8875
17311,125,375,5375,1625,1500,9000
17312,125,375,5375,1750,1500,9125
17313,0,375,5375,1625,1500,8875
17314,125,375,5375,1625,1500,9000
17315,125,375,5375,1625,1500,9000
17316,125,375,5375,1625,1500,9000
17317,125,375,5375,1625,1500,9000
17318,125,375,5375,1625,1500,9000
17319,125,375,5375,1750,1500,9125
17320,125,375,5250,1625,1500,8875
17321,125,375,5375,1625,1625,9125
17322,125,375,5250,1625,1500,8875
17323,125,500,5375,1625,1500,9125
17324,0,375,5375,1625,1500,8875
17325,125,375,6125,1750,1625,10000
17326,125,500,5625,1750,1500,9500
17327,125,375,5500,1750,1625,9375
17328,125,375,5375,1625,1500,9000
17329,125,375,5375,1625,1500,9000
17330,0,375,5375,1625,1500,8875
17331,125,375,5375,1625,1500,9000
17332,125,375,5250,1625,1625,9000
17333,125,375,5250,1625,1500,8875
17334,125,375,5500,1750,1500,9250
17335,125,375,5250,1625,1500,8875
17336,125,375,5375,1750,1500,9125
17337,125,375,5375,1625,1500,9000
17338,125,375,5250,1625,1500,8875
17339,125,375,5375,1625,1625,9125
17340,125,375,5375,1625,1500,9000
17341,125,500,5375,1750,1500,9250
17342,125,375,5375,1750,1500,9125
17343,125,375,5375,1750,1625,9250
17344,125,375,5125,1625,1500,8750
17345,125,375,5250,1750,1500,9000
17346,125,375,5250,1625,1500,8875
17347,125,375,5375,1750,1625,9250
17348,125,375,5375,1750,1500,9125
17349,125,375,5500,1625,1500,9125
17350,125,375,5250,1625,1500,8875
17351,125,375,5250,1750,1500,9000
17352,125,375,5375,1625,1625,9125
17353,125,375,5250,1750,1500,9000
17354,0,375,5250,1750,1625,9000
17355,125,375,5375,1750,1500,9125
17356,0,375,5375,1750,1500,9000
17357,125,375,5250,1625,1500,8875
17358,125,500,5250,1625,1500,9000
17359,125,375,5375,1625,1500,9000
17360,125,375,5250,1625,1500,8875
17361,125,375,5250,1750,1500,9000
17362,125,375,5250,1750,1625,9125
17363,0,375,5250,1625,1500,8750
17364,125,375,5250,1625,1625,9000
17365,125,375,5250,1625,1500,8875
17366,125,375,5250,1625,1500,8875
17367,125,375,5375,1750,1625,9250
17368,125,375,5375,1750,1625,9250
17369,125,375,5250,1625,1500,8875
17370,125,375,5250,1625,1500,8875
17371,125,375,5375,1750,1500,9125
17372,125,375,5375,1750,1500,9125
17373,0,375,5375,1625,1500,8875
17374,125,375,5375,1750,1625,9250
17375,125,375,5375,1625,1500,9000
17376,125,375,5375,1625,1500,9000
17377,125,500,5375,1750,1500,9250
17378,125,375,5375,1750,1500,9125
17379,125,375,5250,1625,1500,8875
17380,125,375,5375,1625,1500,9000
17381,125,375,5250,1625,1625,9000
17382,125,375,5250,1750,1625,9125
17383,125,375,5250,1625,1500,8875
17384,125,375,5375,1625,1500,9000
17385,125,500,5250,1625,1500,9000
17386,125,375,5375,1625,1500,9000
17387,125,375,5375,1625,1500,9000
17388,125,375,5375,1625,1500,9000
17389,125,375,5375,1625,1500,9000
17390,0,375,5375,1625,1500,8875
17391,125,375,5500,1625,1500,9125
17392,125,375,5250,1625,1500,8875
17393,125,375,5375,1625,1500,9000
17394,0,375,5250,1750,1625,9000
17395,125,375,5375,1625,1500,9000
17396,125,500,5250,1625,1500,9000
17397,125,375,5250,1625,1500,8875
17398,0,375,5500,1750,1625,9250
17399,125,375,5375,1750,1625,9250
17400,125,375,5375,1750,1500,9125
17401,0,375,5250,1750,1625,9000
17402,125,375,5250,1750,1625,9125
17403,125,375,5250,1750,1500,9000
17404,125,375,5250,1625,1500,8875
17405,125,375,5375,1625,1500,9000
17406,125,500,5375,1625,1625,9250
17407,125,375,5250,1750,1625,9125
17408,125,375,5375,1625,1625,9125
17409,125,375,5375,1750,1500,9125
17410,0,375,5375,1750,1625,9125
17411,0,375,5375,1625,1500,8875
17412,125,375,5375,1750,1500,9125
17413,125,375,5125,1625,1500,8750
17414,0,375,5500,1750,1500,9125
17415,125,375,5250,1625,1500,8875
17416,125,500,5375,1625,1500,9125
17417,125,375,5375,1750,1500,9125
17418,125,500,5250,1625,1500,9000
17419,125,375,5250,1625,1500,8875
17420,125,375,5500,1750,1500,9250
17421,125,375,5250,1625,1500,8875
17422,125,375,5500,1625,1500,9125
17423,125,375,5500,1625,1500,9125
17424,125,375,5375,1625,1500,9000
17425,125,500,5375,1750,1500,9250
17426,125,375,5250,1625,1500,8875
17427,125,375,5375,1750,1500,9125
17428,125,375,5375,1750,1500,9125
17429,0,375,5375,1625,1500,8875
17430,125,375,5375,1625,1500,9000
17431,0,375,5375,1625,1500,8875
17432,125,375,5375,1750,1500,9125
17433,125,500,5375,1750,1500,9250
17434,0,375,5375,1750,1625,9125
17435,125,375,5250,1750,1500,9000
17436,0,375,5250,1750,1625,9000
17437,0,375,5375,1625,1500,8875
17438,125,375,5375,1750,1500,9125
17439,125,375,5250,1625,1500,8875
17440,125,375,5250,1750,1500,9000
17441,125,375,5375,1750,1500,9125
17442,125,375,5375,1625,1500,9000
17443,125,500,5250,1625,1500,9000
17444,125,375,5500,1750,1500,9250
17445,125,375,5375,1750,1500,9125
17446,125,375,5875,1875,1625,9875
17447,125,375,5500,1750,1625,9375
17448,125,375,5250,1625,1500,8875
17449,125,375,5375,1750,1500,9125
17450,0,375,5375,1625,1500,8875
17451,125,375,5250,1625,1500,8875
17452,125,375,5375,1750,1500,9125
17453,125,375,5375,1750,1500,9125
17454,125,375,5375,1625,1500,9000
17455,125,375,5250,1750,1500,9000
17456,125,375,5250,1750,1500,9000
17457,125,375,5250,1625,1500,8875
17458,125,500,5250,1625,1625,9125
17459,125,375,5250,1625,1500,8875
17460,125,375,5250,1750,1500,9000
17461,125,375,5375,1750,1625,9250
17462,125,375,5375,1750,1500,9125
17463,0,375,5250,1625,1500,8750
17464,125,375,5375,1625,1500,9000
17465,0,375,5375,1625,1500,8875
17466,125,375,5375,1625,1500,9000
17467,125,375,5375,1750,1500,9125
17468,125,375,5250,1625,1500,8875
17469,125,375,5250,1625,1500,8875
17470,125,375,5375,1750,1500,9125
17471,125,375,5500,1750,1500,9250
17472,125,375,5125,1625,1500,8750
17473,0,375,5375,1625,1500,8875
17474,125,375,5375,1625,1500,9000
17475,125,375,5375,1750,1500,9125
17476,125,375,5375,1625,1500,9000
17477,125,500,5375,1750,1500,9250
17478,125,375,5375,1625,1500,9000
17479,125,375,5250,1625,1500,8875
17480,125,375,5250,1625,1500,8875
17481,125,375,5250,1625,1500,8875
17482,125,500,5375,1625,1500,9125
17483,0,375,5375,1625,1500,8875
17484,125,375,5375,1750,1625,9250
17485,125,375,5250,1625,1500,8875
17486,125,375,5250,1625,1500,8875
17487,0,375,5375,1750,1500,9000
17488,125,375,5250,1625,1500,8875
17489,125,375,5375,1750,1625,9250
17490,0,375,5375,1625,1625,9000
17491,125,375,5375,1625,1500,9000
17492,125,375,5375,1750,1500,9125
17493,125,375,5375,1625,1500,9000
17494,125,375,5250,1625,1500,8875
17495,125,375,5375,1750,1500,9125
17496,125,375,5250,1625,1500,8875
17497,125,375,5250,1750,1500,9000
17498,125,375,5375,1625,1500,9000
17499,125,375,5375,1750,1500,9125
17500,0,375,5375,1625,1500,8875
17501,125,375,5250,1625,1500,8875
17502,125,375,5375,1625,1500,9000
17503,125,375,5375,1625,1500,9000
17504,125,375,5375,1625,1500,9000
17505,125,375,5375,1625,1500,9000
17506,125,500,5375,1750,1500,9250
17507,125,375,5250,1625,1500,8875
17508,0,375,5500,1625,1500,9000
17509,125,375,5375,1750,1500,9125
17510,125,375,5250,1750,1500,9000
17511,125,500,5375,1625,1500,9125
17512,125,375,5375,1625,1625,9125
17513,125,375,5250,1625,1500,8875
17514,125,375,5500,1625,1500,9125
17515,125,375,5375,1750,1500,9125
17516,0,375,5375,1750,1625,9125
17517,0,375,5375,1625,1500,8875
17518,125,375,5250,1625,1500,8875
17519,0,375,5375,1625,1625,9000
17520,125,375,5375,1750,1500,9125
17521,125,375,5375,1625,1500,9000
17522,0,375,5375,1625,1500,8875
17523,125,375,5250,1750,1625,9125
17524,125,375,5375,1750,1625,9250
17525,125,375,5250,1625,1500,8875
17526,125,375,5250,1625,1625,9000
17527,125,375,5250,1625,1500,8875
17528,125,375,5250,1625,1625,9000
17529,125,500,5375,1750,1500,9250
17530,125,375,5375,1750,1500,9125
17531,125,375,5250,1625,1500,8875
17532,125,500,5375,1625,1500,9125
17533,125,375,5250,1750,1625,9125
17534,125,375,5375,1625,1500,9000
17535,125,375,5250,1625,1500,8875
17536,125,375,5375,1625,1500,9000
17537,125,375,5375,1625,1500,9000
17538,125,375,5375,1750,1625,9250
17539,125,375,5375,1625,1500,9000
17540,125,375,5250,1625,1500,8875
17541,125,375,5375,1625,1500,9000
17542,125,500,5375,1625,1500,9125
17543,125,375,5250,1625,1500,8875
17544,125,375,5375,1625,1500,9000
17545,125,375,5375,1625,1500,9000
17546,125,375,5375,1625,1500,9000
17547,125,375,5375,1625,1500,9000
17548,0,375,5375,1625,1625,9000
17549,125,375,5250,1625,1500,8875
17550,125,375,5375,1625,1500,9000
17551,0,375,5375,1625,1500,8875
17552,125,375,5375,1625,1500,9000
17553,125,375,5250,1625,1500,8875
17554,125,375,5375,1625,1500,9000
17555,125,375,5375,1625,1500,9000
17556,125,375,5375,1750,1500,9125
17557,125,375,5250,1625,1500,8875
17558,125,375,5375,1750,1500,9125
17559,125,375,5375,1625,1500,9000
17560,0,375,5375,1750,1625,9125
17561,125,375,5375,1750,1500,9125
17562,125,375,5375,1625,1500,9000
17563,125,375,5125,1750,1625,9000
17564,125,375,5125,1625,1500,8750
17565,125,375,5375,1625,1500,9000
17566,125,375,5250,1625,1500,8875
17567,0,375,5375,1750,1500,9000
17568,125,375,6000,1750,1500,9750
17569,125,375,5500,1750,1500,9250
17570,125,375,5875,1750,1625,9750
17571,125,375,5625,1750,1500,9375
17572,125,375,5250,1750,1500,9000
17573,125,375,5500,1750,1500,9250
17574,0,375,5375,1750,1625,9125
17575,125,375,5375,1625,1500,9000
17576,125,375,5250,1625,1500,8875
17577,125,375,5375,1625,1500,9000
17578,125,500,5375,1750,1500,9250
17579,125,375,5250,1750,1625,9125
17580,0,375,5250,1750,1500,8875
17581,125,375,5375,1625,1500,9000
17582,125,375,5250,1625,1500,8875
17583,125,375,5375,1750,1500,9125
17584,125,375,5250,1625,1500,8875
17585,125,375,5375,1750,1625,9250
17586,125,375,5375,1750,1500,9125
17587,125,375,5250,1625,1625,9000
17588,125,375,5250,1625,1500,8875
17589,0,375,5250,1625,1500,8750
17590,0,375,5375,1625,1500,8875
17591,125,375,5250,1625,1500,8875
17592,125,375,5250,1625,1500,8875
17593,125,500,5250,1750,1625,9250
17594,0,375,5500,1750,1500,9125
17595,125,375,5500,1625,1500,9125
17596,125,375,5250,1750,1500,9000
17597,125,375,5250,1625,1500,8875
17598,0,375,5500,1750,1625,9250
17599,125,375,5375,1750,1625,9250
17600,125,375,5375,1750,1500,9125
17601,125,375,5250,1625,1500,8875
17602,125,375,5375,1750,1500,9125
17603,125,375,5375,1625,1500,9000
17604,125,375,5375,1625,1500,9000
17605,125,375,5500,1625,1500,9125
17606,125,375,5250,1625,1500,8875
17607,125,375,5375,1750,1500,9125
17608,125,375,5375,1625,1500,9000
17609,125,500,5375,1625,1500,9125
17610,0,375,5375,1625,1500,8875
17611,125,375,5375,1625,1500,9000
17612,125,500,5500,1750,1500,9375
17613,0,375,5375,1750,1625,9125
17614,0,375,5375,1625,1500,8875
17615,125,375,5375,1750,1500,9125
17616,125,375,5375,1750,1500,9125
17617,125,375,5250,1625,1500,8875
17618,125,375,5250,1625,1500,8875
17619,125,500,5250,1625,1500,9000
17620,125,500,5250,1625,1500,9000
17621,0,375,5375,1625,1500,8875
17622,125,375,5375,1625,1500,9000
17623,125,375,5250,1625,1500,8875
17624,125,375,5250,1750,1500,9000
17625,125,375,5375,1625,1500,9000
17626,125,375,5375,1750,1625,9250
17627,125,375,5375,1750,1500,9125
17628,125,375,5250,1625,1500,8875
17629,125,375,5375,1625,1500,9000
17630,125,375,5375,1625,1500,9000
17631,125,500,5375,1625,1500,9125
17632,125,375,5375,1625,1500,9000
17633,125,375,5375,1625,1500,9000
17634,125,500,5375,1750,1500,9250
17635,0,375,5250,1750,1625,9000
17636,125,375,5375,1625,1500,9000
17637,125,375,5375,1625,1500,9000
17638,125,375,5375,1625,1500,9000
17639,125,375,5375,1625,1625,9125
17640,0,375,5375,1750,1625,9125
17641,125,375,5250,1625,1500,8875
17642,125,375,5375,1625,1500,9000
17643,125,375,5375,1625,1500,9000
17644,125,375,5250,1625,1500,8875
17645,125,375,5375,1625,1500,9000
17646,125,500,5250,1625,1500,9000
17647,125,375,5375,1750,1625,9250
17648,125,500,5250,1750,1625,9250
17649,125,375,5250,1625,1625,9000
17650,125,500,5375,1750,1500,9250
17651,0,375,5375,1625,1500,8875
17652,125,500,5375,1625,1500,9125
17653,0,375,5375,1625,1500,8875
17654,125,375,5375,1750,1500,9125
17655,125,375,5375,1625,1500,9000
17656,0,375,5500,1750,1625,9250
17657,0,375,5375,1625,1500,8875
17658,125,375,5375,1750,1625,9250
17659,125,375,5250,1750,1500,9000
17660,125,375,5250,1625,1500,8875
17661,125,375,5375,1750,1625,9250
17662,0,375,5375,1625,1500,8875
17663,125,375,5375,1750,1500,9125
17664,125,500,5250,1625,1500,9000
17665,125,375,5250,1625,1500,8875
17666,125,500,5375,1625,1500,9125
17667,125,375,5375,1750,1625,9250
17668,125,375,5250,1625,1375,8750
17669,125,375,5250,1625,1625,9000
17670,125,375,5250,1625,1500,8875
17671,125,375,5375,1625,1500,9000
17672,125,375,5250,1625,1500,8875
17673,125,375,5125,1625,1500,8750
17674,125,375,5125,1750,1625,9000
17675,125,375,5250,1625,1500,8875
17676,125,375,5375,1750,1500,9125
17677,125,500,5375,1625,1500,9125
17678,125,375,5500,1750,1625,9375
17679,125,375,5375,1750,1500,9125
17680,125,375,5250,1625,1500,8875
17681,125,375,5375,1625,1500,9000
17682,125,375,5250,1625,1500,8875
17683,125,375,5375,1625,1500,9000
17684,125,375,5250,1625,1500,8875
17685,125,375,5375,1625,1500,9000
17686,125,375,5375,1625,1500,9000
17687,125,500,5375,1625,1625,9250
17688,125,375,5375,1625,1500,9000
17689,0,375,6125,1875,1625,10000
17690,125,375,5500,1750,1500,9250
17691,125,375,5375,1625,1500,9000
17692,125,375,5375,1625,1500,9000
17693,125,375,5375,1625,1500,9000
17694,125,500,5250,1625,1625,9125
17695,0,375,5375,1625,1500,8875
17696,125,375,5375,1625,1500,9000
17697,0,375,5375,1750,1500,9000
17698,125,375,5250,1750,1500,9000
17699,0,375,5375,1750,1625,9125
17700,125,375,5250,1625,1500,8875
17701,125,375,5375,1750,1500,9125
17702,125,375,5375,1625,1500,9000
17703,0,375,5375,1625,1500,8875
17704,125,375,5375,1750,1500,9125
17705,0,375,5375,1625,1500,8875
17706,125,375,5375,1750,1500,9125
17707,125,375,5250,1625,1500,8875
17708,125,375,5250,1625,1500,8875
17709,0,375,5250,1625,1500,8750
17710,125,375,5250,1625,1625,9000
17711,125,375,5375,1750,1500,9125
17712,125,375,5250,1750,1625,9125
17713,125,375,5375,1625,1500,9000
17714,125,375,5250,1750,1500,9000
17715,0,375,5125,1625,1625,8750
17716,125,375,5375,1625,1500,9000
17717,125,375,5250,1750,1500,9000
17718,125,375,5375,1750,1625,9250
17719,125,375,5375,1625,1500,9000
17720,125,375,5375,1750,1500,9125
17721,125,375,5375,1625,1500,9000
17722,125,375,5500,1625,1500,9125
17723,0,375,5375,1625,1500,8875
17724,125,375,5375,1625,1500,9000
17725,125,375,5375,1625,1500,9000
17726,125,375,5375,1750,1500,9125
17727,0,375,5500,1625,1500,9000
17728,125,375,5250,1625,1500,8875
17729,125,375,5375,1625,1500,9000
17730,125,375,5375,1625,1625,9125
17731,125,375,5250,1625,1500,8875
17732,125,375,5375,1625,1500,9000
17733,125,375,5500,1625,1500,9125
17734,125,375,5250,1625,1500,8875
17735,125,375,5375,1625,1500,9000
17736,125,375,5500,1625,1500,9125
17737,125,375,5250,1625,1625,9000
17738,0,375,5250,1625,1500,8750
17739,125,375,5375,1625,1500,9000
17740,0,375,5500,1625,1500,9000
17741,125,375,5375,1625,1500,9000
17742,125,375,5375,1750,1500,9125
17743,125,375,5375,1625,1500,9000
17744,0,375,5375,1625,1500,8875
17745,125,375,5375,1625,1500,9000
17746,125,375,5375,1625,1500,9000
17747,125,375,5375,1625,1500,9000
17748,125,375,5500,1625,1500,9125
17749,125,375,5500,1750,1500,9250
17750,0,375,5375,1625,1625,9000
17751,125,500,5500,1625,1500,9250
17752,125,375,5375,1750,1500,9125
17753,125,375,5250,1625,1500,8875
17754,125,375,5250,1625,1500,8875
17755,125,375,5375,1625,1625,9125
17756,125,375,5375,1625,1500,9000
17757,125,375,5375,1625,1500,9000
17758,125,375,5375,1625,1625,9125
17759,125,375,5375,1625,1500,9000
17760,125,500,5250,1625,1500,9000
17761,125,375,5375,1625,1500,9000
17762,125,375,5375,1625,1500,9000
17763,125,375,5375,1625,1500,9000
17764,125,375,5375,1625,1500,9000
17765,0,375,5375,1750,1500,9000
17766,0,375,5375,1625,1625,9000
17767,125,375,5375,1625,1500,9000
17768,125,375,5375,1625,1500,9000
17769,125,375,5500,1625,1500,9125
17770,125,375,5375,1625,1500,9000
17771,125,375,5375,1750,1625,9250
17772,125,375,5375,1625,1500,9000
17773,125,375,5500,1625,1500,9125
17774,0,375,5375,1625,1500,8875
17775,125,375,5375,1625,1500,9000
17776,125,375,5375,1625,1500,9000
17777,125,500,5375,1750,1625,9375
17778,125,375,5375,1625,1500,9000
17779,125,375,5375,1625,1500,9000
17780,0,375,5375,1625,1625,9000
17781,125,375,5250,1750,1500,9000
17782,125,375,5375,1625,1500,9000
17783,0,375,5500,1625,1500,9000
17784,125,375,5375,1750,1500,9125
17785,125,375,5250,1625,1625,9000
17786,125,375,5500,1750,1500,9250
17787,125,375,5375,1625,1500,9000
17788,0,375,5500,1625,1500,9000
17789,125,500,5375,1625,1500,9125
17790,125,375,5375,1625,1500,9000
17791,125,375,5375,1625,1500,9000
17792,125,500,5375,1750,1500,9250
17793,125,375,5250,1750,1500,9000
17794,125,375,5375,1625,1500,9000
17795,125,375,5375,1625,1500,9000
17796,125,375,5375,1625,1625,9125
17797,125,500,5250,1625,1500,9000
17798,125,375,5375,1750,1625,9250
17799,125,375,5375,1750,1625,9250
17800,125,375,5250,1625,1500,8875
17801,125,375,5250,1625,1500,8875
17802,125,375,5250,1625,1500,8875
17803,125,500,5375,1625,1500,9125
17804,0,375,5375,1625,1500,8875
17805,125,375,5500,1750,1500,9250
17806,125,500,5250,1625,1500,9000
17807,125,375,5375,1750,1500,9125
17808,0,375,5500,1625,1500,9000
17809,125,375,5375,1625,1500,9000
17810,125,375,5375,1625,1500,9000
17811,125,500,6000,1875,1500,10000
17812,125,500,5500,1625,1625,9375
17813,125,375,5375,1750,1500,9125
17814,125,375,5375,1625,1625,9125
17815,125,375,5375,1625,1500,9000
17816,125,500,5375,1750,1500,9250
17817,125,375,5375,1750,1500,9125
17818,125,375,5375,1625,1500,9000
17819,125,500,5250,1625,1500,9000
17820,125,375,5250,1750,1500,9000
17821,125,375,5250,1750,1500,9000
17822,125,375,5375,1750,1500,9125
17823,125,375,5375,1625,1500,9000
17824,125,375,5250,1625,1500,8875
17825,125,375,5375,1750,1500,9125
17826,125,375,5250,1750,1500,9000
17827,125,375,5250,1625,1625,9000
17828,125,375,5375,1625,1625,9125
17829,125,375,5375,1625,1500,9000
17830,125,500,5250,1625,1500,9000
17831,125,375,5375,1750,1500,9125
17832,125,375,5125,1625,1500,8750
17833,125,375,5250,1625,1500,8875
17834,0,375,5375,1625,1375,8750
17835,0,375,5375,1625,1500,8875
17836,125,375,5375,1750,1500,9125
17837,125,375,5250,1625,1375,8750
17838,125,375,5250,1625,1500,8875
17839,125,500,5250,1625,1500,9000
17840,125,375,5375,1625,1500,9000
17841,125,375,5250,1625,1500,8875
17842,0,375,5375,1625,1500,8875
17843,125,375,5375,1750,1625,9250
17844,125,375,5250,1625,1500,8875
17845,125,500,5250,1625,1500,9000
17846,0,375,5500,1625,1500,9000
17847,125,375,5250,1750,1625,9125
17848,125,375,5375,1625,1500,9000
17849,125,375,5375,1625,1500,9000
17850,125,375,5375,1750,1375,9000
17851,0,375,5250,1750,1500,8875
17852,125,500,5375,1625,1625,9250
17853,125,375,5250,1750,1500,9000
17854,125,375,5250,1625,1625,9000
17855,125,375,5375,1625,1500,9000
17856,125,375,5125,1625,1500,8750
17857,125,375,5250,1750,1500,9000
17858,125,375,5375,1750,1625,9250
17859,125,375,5250,1625,1500,8875
17860,125,375,5375,1750,1625,9250
17861,125,500,5250,1625,1500,9000
17862,125,375,5375,1625,1500,9000
17863,125,375,5375,1750,1500,9125
17864,125,375,5250,1750,1625,9125
17865,125,375,5250,1625,1500,8875
17866,125,375,5375,1625,1500,9000
17867,125,375,5375,1750,1500,9125
17868,125,375,5250,1625,1625,9000
17869,125,375,5375,1625,1625,9125
17870,125,375,5375,1750,1625,9250
17871,125,375,5250,1625,1500,8875
17872,125,375,5500,1750,1625,9375
17873,125,375,5250,1750,1625,9125
17874,125,375,5375,1750,1500,9125
17875,125,375,5250,1625,1500,8875
17876,125,375,5375,1625,1500,9000
17877,125,375,5250,1625,1500,8875
17878,125,375,5500,1625,1500,9125
17879,125,375,5375,1625,1500,9000
17880,125,375,5250,1625,1500,8875
17881,125,375,5375,1750,1500,9125
17882,125,375,5250,1625,1500,8875
17883,125,375,5375,1750,1625,9250
17884,125,500,5250,1750,1500,9125
17885,125,375,5250,1750,1625,9125
17886,125,375,5250,1625,1500,8875
17887,125,375,5250,1750,1625,9125
17888,0,375,5375,1750,1500,9000
17889,0,375,5250,1625,1500,8750
17890,125,375,5250,1625,1500,8875
17891,125,375,5250,1625,1500,8875
17892,125,500,5375,1625,1500,9125
17893,125,375,5250,1625,1625,9000
17894,125,375,5375,1750,1500,9125
17895,125,375,5250,1750,1500,9000
17896,125,375,5250,1625,1500,8875
17897,125,375,5375,1750,1625,9250
17898,125,375,5250,1625,1500,8875
17899,125,375,5500,1625,1500,9125
17900,125,375,5375,1625,1500,9000
17901,0,375,5375,1750,1625,9125
17902,125,500,5500,1750,1500,9375
17903,125,500,5375,1625,1500,9125
17904,125,375,5375,1625,1625,9125
17905,125,375,5250,1625,1500,8875
17906,125,375,5375,1750,1500,9125
17907,125,375,5375,1625,1625,9125
17908,125,375,5250,1625,1500,8875
17909,125,375,5250,1625,1500,8875
17910,125,375,5375,1625,1500,9000
17911,125,375,5500,1750,1625,9375
17912,0,375,5375,1625,1500,8875
17913,125,375,5375,1750,1625,9250
17914,0,375,15625,1875,1500,19375
17915,125,375,5500,1750,1500,9250
17916,125,375,5375,1625,1500,9000
17917,125,375,5250,1625,1500,8875
17918,125,375,5375,1625,1500,9000
17919,125,375,5250,1750,1500,9000
17920,125,375,5250,1625,1500,8875
17921,125,375,5250,1625,1500,8875
17922,125,500,5375,1625,1500,9125
17923,125,375,5375,1625,1500,9000
17924,125,375,5250,1625,1500,8875
17925,125,375,5375,1750,1625,9250
17926,125,375,5250,1625,1500,8875
17927,125,500,5375,1750,1625,9375
17928,125,375,5250,1625,1625,9000
17929,125,375,5375,1625,1500,9000
17930,125,500,5250,1625,1500,9000
17931,125,375,5250,1625,1500,8875
17932,125,375,6000,1875,1625,10000
17933,125,375,5500,1750,1500,9250
17934,0,375,5500,1625,1500,9000
17935,125,375,5375,1750,1500,9125
17936,125,375,5375,1625,1500,9000
17937,125,375,5375,1750,1500,9125
17938,125,375,5250,1625,1500,8875
17939,125,375,5250,1625,1500,8875
17940,0,375,5250,1625,1500,8750
17941,125,375,5250,1625,1500,8875
17942,125,375,5250,1625,1500,8875
17943,125,375,5375,1750,1500,9125
17944,125,375,5250,1625,1500,8875
17945,125,375,5375,1625,1500,9000
17946,125,375,5375,1625,1500,9000
17947,125,375,5375,1625,1500,9000
17948,125,375,5250,1625,1500,8875
17949,0,375,5375,1625,1500,8875
17950,125,375,5250,1625,1500,8875
17951,125,375,5250,1625,1500,8875
17952,0,375,5375,1750,1500,9000
17953,125,375,5375,1625,1500,9000
17954,125,375,5250,1625,1500,8875
17955,0,375,5250,1625,1500,8750
17956,125,500,5250,1625,1500,9000
17957,125,375,5375,1750,1500,9125
17958,0,375,5375,1750,1500,9000
17959,125,375,5375,1625,1500,9000
17960,125,375,5250,1750,1500,9000
17961,125,375,5375,1625,1500,9000
17962,125,500,5250,1625,1500,9000
17963,0,375,5375,1625,1500,8875
17964,125,375,5375,1625,1500,9000
17965,0,375,5375,1625,1500,8875
17966,125,375,5375,1625,1500,9000
17967,125,375,5250,1625,1500,8875
17968,125,375,5375,1625,1500,9000
17969,125,375,5375,1750,1500,9125
17970,125,375,5250,1625,1500,8875
17971,125,375,5250,1625,1500,8875
17972,125,500,5250,1625,1500,9000
17973,125,500,5375,1750,1500,9250
17974,0,375,5375,1625,1500,8875
17975,125,375,5125,1625,1500,8750
17976,125,375,5500,1750,1500,9250
17977,125,375,5250,1625,1625,9000
17978,125,375,5500,1625,1500,9125
17979,0,375,5375,1625,1500,8875
17980,125,500,5375,1625,1500,9125
17981,0,375,5375,1750,1500,9000
17982,125,375,5500,1750,1500,9250
17983,125,375,5375,1625,1500,9000
17984,125,375,5250,1625,1625,9000
17985,125,500,5375,1625,1500,9125
17986,125,375,5250,1625,1625,9000
17987,125,375,5250,1750,1625,9125
17988,0,375,5375,1625,1500,8875
17989,125,500,5250,1750,1500,9125
17990,0,375,5500,1625,1500,9000
17991,125,500,5375,1625,1500,9125
17992,0,375,5375,1625,1500,8875
17993,0,375,5500,1750,1625,9250
17994,125,375,5375,1750,1625,9250
17995,0,375,5375,1625,1625,9000
17996,125,375,5375,1750,1500,9125
17997,125,375,5375,1625,1500,9000
17998,125,375,5500,1625,1500,9125
17999,125,375,5375,1625,1500,9000
18000,125,375,5250,1625,1500,8875
18001,125,375,5375,1625,1500,9000
18002,125,375,5375,1750,1500,9125
18003,125,375,5500,1625,1500,9125
18004,125,375,5375,1750,1625,9250
18005,125,375,5375,1750,1500,9125
18006,0,375,5375,1625,1625,9000
18007,125,375,5375,1750,1500,9125
18008,125,500,5375,1750,1500,9250
18009,125,375,5375,1750,1500,9125
18010,0,375,5500,1625,1375,8875
18011,125,375,5250,1625,1625,9000
18012,125,375,5250,1625,1625,9000
18013,125,375,5375,1625,1500,9000
18014,0,375,5500,1625,1500,9000
18015,0,375,5250,1625,1500,8750
18016,125,375,5375,1750,1500,9125
18017,125,375,5375,1625,1625,9125
18018,125,375,5375,1625,1500,9000
18019,125,375,5500,1750,1625,9375
18020,125,375,5375,1625,1500,9000
18021,125,500,5500,1625,1500,9250
18022,125,375,5375,1750,1500,9125
18023,125,375,5375,1625,1625,9125
18024,125,375,5375,1625,1500,9000
18025,125,375,5250,1625,1500,8875
18026,125,375,5375,1750,1625,9250
18027,125,500,5250,1625,1500,9000
18028,125,500,5250,1625,1500,9000
18029,125,375,5375,1750,1500,9125
18030,125,375,5500,1625,1500,9125
18031,125,375,5375,1625,1500,9000
18032,125,375,5375,1625,1500,9000
18033,125,500,5250,1625,1500,9000
18034,0,375,5375,1625,1500,8875
18035,125,375,5375,1625,1625,9125
18036,0,375,5375,1625,1375,8750
18037,125,375,5375,1750,1625,9250
18038,125,375,5250,1625,1500,8875
18039,125,375,5375,1750,1625,9250
18040,0,375,5250,1625,1500,8750
18041,125,375,5250,1625,1500,8875
18042,125,375,5375,1750,1500,9125
18043,125,375,5375,1750,1500,9125
18044,125,375,5375,1625,1625,9125
18045,125,375,5375,1750,1625,9250
18046,125,375,5500,1625,1500,9125
18047,125,375,5375,1750,1500,9125
18048,125,375,5375,1750,1500,9125
18049,125,375,5250,1625,1500,8875
18050,0,375,5375,1625,1500,8875
18051,125,375,5250,1750,1500,9000
18052,0,375,5375,1750,1500,9000
18053,0,375,5250,1625,1500,8750
18054,125,500,6000,1875,1625,10125
18055,125,375,5625,1625,1500,9250
18056,125,375,5500,1750,1500,9250
18057,125,375,5250,1625,1625,9000
18058,125,500,5375,1750,1500,9250
18059,125,375,5375,1750,1500,9125
18060,125,375,5250,1625,1500,8875
18061,125,375,5250,1625,1500,8875
18062,125,375,5375,1750,1500,9125
18063,125,375,5375,1750,1500,9125
18064,125,375,5375,1750,1500,9125
18065,125,375,5250,1625,1500,8875
18066,125,375,5375,1625,1500,9000
18067,0,375,5375,1625,1500,8875
18068,125,375,5375,1750,1500,9125
18069,125,375,5375,1750,1500,9125
18070,125,375,5375,1625,1500,9000
18071,125,375,5250,1625,1500,8875
18072,0,375,5375,1750,1500,9000
18073,125,375,5250,1625,1500,8875
18074,125,375,5375,1750,1625,9250
18075,125,375,5375,1750,1500,9125
18076,125,375,5375,1750,1500,9125
18077,125,375,5375,1625,1500,9000
18078,125,375,5375,1750,1500,9125
18079,125,500,5250,1625,1625,9125
18080,125,375,5500,1625,1500,9125
18081,125,375,5250,1750,1625,9125
18082,125,375,5250,1625,1500,8875
18083,125,375,5375,1625,1500,9000
18084,125,375,5375,1625,1500,9000
18085,125,375,5500,1625,1500,9125
18086,125,375,5375,1625,1625,9125
18087,125,375,5375,1750,1500,9125
18088,125,375,5375,1625,1500,9000
18089,125,500,5375,1750,1500,9250
18090,125,375,5375,1750,1500,9125
18091,125,375,5250,1750,1500,9000
18092,125,375,5375,1750,1500,9125
18093,125,375,5375,1750,1500,9125
18094,125,500,5250,1750,1500,9125
18095,125,375,5250,1625,1500,8875
18096,125,500,5375,1625,1500,9125
18097,125,375,5375,1625,1500,9000
18098,125,375,5250,1625,1625,9000
18099,125,375,5500,1625,1375,9000
18100,125,375,5375,1750,1500,9125
18101,125,375,5375,1625,1500,9000
18102,125,375,5375,1625,1500,9000
18103,125,375,5375,1625,1500,9000
18104,125,375,5375,1625,1500,9000
18105,125,500,5375,1625,1500,9125
18106,125,375,5250,1625,1625,9000
18107,125,375,5250,1625,1500,8875
18108,125,375,5375,1625,1500,9000
18109,125,375,5375,1750,1625,9250
18110,125,375,5250,1625,1500,8875
18111,125,375,5375,1750,1500,9125
18112,125,375,5375,1625,1500,9000
18113,125,375,5250,1625,1500,8875
18114,125,375,5250,1625,1500,8875
18115,125,375,5375,1750,1625,9250
18116,0,375,5500,1625,1500,9000
18117,0,375,5375,1750,1500,9000
18118,125,375,5250,1625,1500,8875
18119,125,375,5375,1750,1625,9250
18120,125,375,5250,1625,1500,8875
18121,125,375,5250,1750,1500,9000
18122,125,375,5250,1625,1500,8875
18123,125,375,5250,1625,1500,8875
18124,0,375,5375,1625,1500,8875
18125,0,375,5375,1625,1625,9000
18126,125,375,5500,1750,1500,9250
18127,125,375,5250,1625,1500,8875
18128,125,375,5375,1750,1500,9125
18129,125,375,5375,1625,1500,9000
18130,125,500,5250,1750,1500,9125
18131,125,375,5250,1625,1500,8875
18132,125,375,5375,1625,1500,9000
18133,125,375,5250,1625,1500,8875
18134,125,375,5375,1750,1500,9125
18135,0,375,5500,1625,1500,9000
18136,125,375,5250,1625,1500,8875
18137,125,375,5375,1625,1500,9000
18138,125,500,5375,1750,1625,9375
18139,125,375,5375,1625,1500,9000
18140,0,375,5250,1625,1625,8875
18141,125,375,5250,1625,1500,8875
18142,125,375,5250,1750,1625,9125
18143,125,375,5375,1625,1500,9000
18144,125,375,5375,1625,1500,9000
18145,125,375,5375,1625,1500,9000
18146,125,375,5375,1625,1500,9000
18147,125,375,5250,1625,1500,8875
18148,125,500,5375,1625,1500,9125
18149,0,375,5375,1750,1500,9000
18150,125,500,5375,1750,1500,9250
18151,125,375,5375,1625,1625,9125
18152,125,375,5375,1625,1500,9000
18153,125,375,5375,1750,1500,9125
18154,125,375,5375,1625,1500,9000
18155,0,375,5500,1750,1500,9125
18156,0,375,5375,1625,1500,8875
18157,125,375,5375,1750,1500,9125
18158,125,375,5375,1625,1500,9000
18159,0,375,5250,1625,1500,8750
18160,125,375,5375,1625,1500,9000
18161,125,375,5375,1625,1500,9000
18162,125,375,5375,1625,1500,9000
18163,125,375,5250,1625,1500,8875
18164,0,375,5250,1625,1500,8750
18165,125,375,5375,1625,1500,9000
18166,125,375,5250,1750,1500,9000
18167,125,375,5375,1750,1500,9125
18168,125,375,5250,1625,1625,9000
18169,125,375,5250,1625,1500,8875
18170,125,500,5500,1750,1625,9500
18171,125,500,5250,1625,1500,9000
18172,125,375,5375,1625,1500,9000
18173,125,375,5250,1625,1500,8875
18174,0,375,5375,1750,1500,9000
18175,0,375,5625,1750,1625,9375
18176,125,375,5625,1750,1500,9375
18177,125,375,5375,1625,1625,9125
18178,125,375,5250,1750,1500,9000
18179,125,375,5250,1750,1500,9000
18180,0,375,5375,1750,1500,9000
18181,125,375,5375,1625,1500,9000
18182,125,375,5375,1625,1500,9000
18183,125,500,5375,1625,1500,9125
18184,0,375,5250,1625,1500,8750
18185,0,375,5500,1625,1500,9000
18186,125,375,5250,1625,1625,9000
18187,125,375,5250,1625,1500,8875
18188,125,375,5250,1625,1500,8875
18189,125,375,5250,1625,1500,8875
18190,125,375,5375,1750,1500,9125
18191,125,375,5375,1750,1625,9250
18192,125,375,5250,1625,1500,8875
18193,125,375,5375,1625,1500,9000
18194,125,375,5375,1625,1500,9000
18195,125,375,5375,1750,1625,9250
18196,125,375,5250,1625,1500,8875
18197,125,375,5250,1625,1500,8875
18198,125,375,5375,1625,1500,9000
18199,125,375,5250,1625,1500,8875
18200,125,375,5250,1625,1625,9000
18201,125,375,5375,1750,1625,9250
18202,125,375,5250,1625,1500,8875
18203,125,375,5250,1750,1500,9000
18204,125,375,5250,1625,1500,8875
18205,0,375,5375,1625,1500,8875
18206,125,375,5250,1750,1500,9000
18207,0,375,5250,1625,1625,8875
18208,125,375,5250,1625,1500,8875
18209,125,500,5375,1625,1500,9125
18210,125,375,5375,1625,1500,9000
18211,125,375,5250,1750,1500,9000
18212,125,375,5375,1750,1500,9125
18213,125,375,5250,1625,1500,8875
18214,125,375,5375,1625,1500,9000
18215,125,375,5375,1750,1500,9125
18216,125,375,5375,1750,1500,9125
18217,125,375,5375,1750,1625,9250
18218,125,375,5375,1750,1625,9250
18219,125,375,5500,1625,1500,9125
18220,125,375,5375,1750,1500,9125
18221,125,375,5375,1625,1500,9000
18222,125,375,5250,1625,1500,8875
18223,125,375,5500,1625,1500,9125
18224,125,375,5500,1750,1625,9375
18225,125,375,5250,1750,1500,9000
18226,125,375,5375,1625,1375,8875
18227,125,375,5250,1625,1500,8875
18228,125,375,5375,1750,1500,9125
18229,125,375,5375,1750,1500,9125
18230,125,375,5250,1625,1500,8875
18231,125,375,5250,1625,1500,8875
18232,125,375,5375,1625,1500,9000
18233,125,500,5375,1625,1500,9125
18234,0,375,5375,1625,1500,8875
18235,0,375,5375,1625,1500,8875
18236,125,375,5375,1750,1500,9125
18237,125,500,5250,1625,1500,9000
18238,125,375,5375,1625,1500,9000
18239,125,375,5375,1625,1500,9000
18240,125,375,5375,1625,1500,9000
18241,125,375,5375,1750,1625,9250
18242,125,375,5250,1625,1500,8875
18243,125,500,5375,1750,1500,9250
18244,125,375,5375,1625,1500,9000
18245,125,500,5375,1750,1500,9250
18246,125,375,5250,1750,1500,9000
18247,125,500,5375,1750,1625,9375
18248,125,500,5250,1625,1500,9000
18249,125,375,5125,1625,1500,8750
18250,125,375,5375,1625,1500,9000
18251,125,375,5500,1750,1625,9375
18252,125,375,5375,1750,1625,9250
18253,125,375,5375,1750,1500,9125
18254,125,375,5375,1625,1500,9000
18255,125,375,5250,1625,1500,8875
18256,125,375,5375,1750,1625,9250
18257,125,375,5375,1625,1500,9000
18258,125,375,6000,1750,1625,9875
18259,125,375,5625,1625,1625,9375
18260,125,375,5375,1625,1500,9000
18261,125,375,5250,1625,1500,8875
18262,125,500,5375,1750,1500,9250
18263,125,375,5375,1625,1625,9125
18264,125,375,5375,1750,1625,9250
18265,125,375,5375,1625,1500,9000
18266,125,375,5250,1625,1500,8875
18267,125,375,5375,1625,1500,9000
18268,125,375,5375,1625,1500,9000
18269,125,375,5375,1625,1500,9000
18270,125,375,5375,1625,1500,9000
18271,125,500,5375,1500,1500,9000
18272,0,375,5500,1750,1500,9125
18273,0,375,5250,1750,1500,8875
18274,0,375,5250,1625,1500,8750
18275,125,500,5375,1750,1500,9250
18276,0,375,5375,1750,1625,9125
18277,125,375,5500,1625,1500,9125
18278,125,375,5375,1625,1500,9000
18279,125,375,5250,1625,1500,8875
18280,125,375,5375,1750,1500,9125
18281,125,500,5250,1625,1500,9000
18282,125,375,5375,1625,1500,9000
18283,0,375,5500,1625,1500,9000
18284,125,375,5375,1750,1625,9250
18285,125,375,5375,1750,1625,9250
18286,125,500,5375,1625,1500,9125
18287,125,375,5375,1625,1500,9000
18288,125,375,5375,1750,1500,9125
18289,125,375,5250,1625,1500,8875
18290,125,500,5250,1625,1500,9000
18291,0,375,5250,1750,1500,8875
18292,0,375,5500,1625,1500,9000
18293,125,500,5375,1625,1500,9125
18294,125,375,5375,1625,1500,9000
18295,125,375,5500,1625,1625,9250
18296,125,375,5250,1625,1500,8875
18297,125,375,6000,1875,1625,10000
18298,125,375,5500,1750,1500,9250
18299,125,375,5250,1625,1625,9000
18300,125,375,5375,1625,1500,9000
18301,125,375,5375,1625,1625,9125
18302,125,375,5375,1625,1500,9000
18303,125,375,5375,1625,1625,9125
18304,125,375,5250,1625,1500,8875
18305,125,375,5250,1750,1500,9000
18306,0,375,5375,1625,1500,8875
18307,125,375,5375,1750,1500,9125
18308,125,500,5375,1750,1500,9250
18309,0,375,5500,1625,1500,9000
18310,125,375,5250,1750,1625,9125
18311,0,375,5375,1625,1500,8875
18312,125,375,5250,1625,1500,8875
18313,0,375,5375,1750,1500,9000
18314,125,375,5375,1625,1500,9000
18315,125,500,5375,1625,1500,9125
18316,125,375,5375,1625,1500,9000
18317,0,375,5375,1625,1500,8875
18318,125,375,5375,1625,1375,8875
18319,125,375,5375,1625,1500,9000
18320,0,375,5500,1625,1500,9000
18321,125,375,5375,1625,1625,9125
18322,125,375,5375,1750,1500,9125
18323,0,375,5375,1625,1500,8875
18324,125,375,5375,1625,1500,9000
18325,125,500,5250,1625,1500,9000
18326,125,500,5375,1625,1500,9125
18327,125,375,5250,1625,1500,8875
18328,125,375,5500,1750,1500,9250
18329,125,375,5250,1750,1500,9000
18330,125,375,5250,1625,1500,8875
18331,125,375,5375,1750,1500,9125
18332,0,375,5375,1625,1375,8750
18333,125,375,5375,1625,1500,9000
18334,125,375,5250,1625,1500,8875
18335,125,375,5375,1625,1625,9125
18336,125,375,5375,1750,1625,9250
18337,125,500,5375,1625,1500,9125
18338,125,375,5250,1750,1500,9000
18339,125,375,5375,1625,1500,9000
18340,125,375,5375,1625,1500,9000
18341,125,375,5375,1625,1500,9000
18342,0,375,5250,1625,1500,8750
18343,125,375,5500,1750,1500,9250
18344,125,375,5375,1625,1625,9125
18345,125,375,5375,1625,1500,9000
18346,125,375,5250,1625,1500,8875
18347,125,375,5375,1625,1500,9000
18348,125,375,5250,1625,1500,8875
18349,125,375,5250,1625,1500,8875
18350,125,375,5250,1625,1500,8875
18351,125,375,5375,1750,1500,9125
18352,125,500,5250,1750,1500,9125
18353,125,375,5375,1625,1500,9000
18354,125,375,5375,1625,1500,9000
18355,125,375,5375,1625,1500,9000
18356,125,375,5250,1625,1500,8875
18357,125,500,5375,1625,1500,9125
18358,125,375,5250,1625,1500,8875
18359,125,375,5250,1625,1500,8875
18360,125,375,5375,1625,1500,9000
18361,125,375,5375,1750,1625,9250
18362,125,500,5250,1625,1625,9125
18363,125,375,5250,1625,1500,8875
18364,125,375,5375,1625,1500,9000
18365,125,375,5375,1625,1500,9000
18366,125,375,5375,1750,1500,9125
18367,0,375,5375,1750,1500,9000
18368,125,375,5500,1625,1500,9125
18369,125,375,5375,1625,1500,9000
18370,125,500,5375,1750,1500,9250
18371,125,375,5375,1625,1500,9000
18372,125,375,5375,1750,1500,9125
18373,125,375,5250,1625,1500,8875
18374,125,375,5250,1625,1500,8875
18375,125,500,5250,1625,1500,9000
18376,125,375,5250,1750,1500,9000
18377,125,375,5375,1625,1500,9000
18378,125,500,5250,1750,1500,9125
18379,125,375,5375,1625,1500,9000
18380,125,500,5375,1625,1500,9125
18381,125,375,5375,1625,1500,9000
18382,125,375,5500,1750,1500,9250
18383,125,375,5500,1625,1500,9125
18384,125,375,5375,1750,1500,9125
18385,0,375,5375,1625,1500,8875
18386,125,375,5250,1625,1500,8875
18387,125,375,5375,1750,1375,9000
18388,0,375,5250,1625,1625,8875
18389,125,375,5250,1625,1500,8875
18390,125,375,5375,1750,1625,9250
18391,125,375,5250,1625,1500,8875
18392,0,375,5375,1750,1500,9000
18393,125,375,5250,1625,1500,8875
18394,125,500,5375,1625,1500,9125
18395,125,375,5375,1625,1500,9000
18396,125,375,5250,1625,1500,8875
18397,125,375,5500,1625,1500,9125
18398,125,375,5375,1750,1500,9125
18399,125,375,5250,1625,1500,8875
18400,125,375,5250,1625,1500,8875
18401,125,375,5375,1625,1625,9125
18402,0,375,5375,1750,1500,9000
18403,125,500,5375,1625,1500,9125
18404,0,375,5375,1625,1500,8875
18405,125,375,5250,1750,1625,9125
18406,125,375,5250,1750,1500,9000
18407,125,375,5250,1625,1500,8875
18408,125,375,5375,1625,1500,9000
18409,125,375,5375,1625,1500,9000
18410,125,375,5375,1750,1625,9250
18411,0,375,5375,1625,1625,9000
18412,125,500,5375,1625,1500,9125
18413,125,375,5375,1750,1625,9250
18414,125,375,5375,1625,1500,9000
18415,125,375,5500,1625,1500,9125
18416,125,375,5375,1750,1500,9125
18417,125,375,5250,1625,1500,8875
18418,125,375,6000,1750,1500,9750
18419,125,500,5625,1625,1500,9375
18420,0,375,5500,1625,1500,9000
18421,125,375,5375,1625,1500,9000
18422,125,375,5375,1750,1500,9125
18423,125,375,5250,1625,1625,9000
18424,125,375,5375,1750,1625,9250
18425,125,375,5375,1625,1500,9000
18426,125,375,5250,1625,1500,8875
18427,125,375,5375,1750,1500,9125
18428,125,375,5250,1750,1625,9125
18429,125,375,5375,1750,1500,9125
18430,125,375,5125,1625,1500,8750
18431,125,375,5250,1625,1500,8875
18432,125,375,5500,1625,1500,9125
18433,125,375,5250,1625,1500,8875
18434,0,375,5375,1750,1500,9000
18435,0,375,5375,1625,1500,8875
18436,125,375,5250,1625,1500,8875
18437,125,500,5250,1625,1625,9125
18438,125,375,5375,1625,1500,9000
18439,125,375,5375,1625,1500,9000
18440,125,375,5375,1750,1500,9125
18441,125,375,5250,1625,1500,8875
18442,125,500,5375,1625,1500,9125
18443,125,375,5375,1750,1625,9250
18444,125,375,5250,1750,1500,9000
18445,125,375,5375,1625,1625,9125
18446,125,375,5375,1500,1500,8875
18447,0,375,5250,1625,1625,8875
18448,125,375,5375,1750,1500,9125
18449,125,375,5375,1750,1500,9125
18450,125,375,5375,1750,1500,9125
18451,0,375,5375,1750,1500,9000
18452,0,375,5375,1625,1500,8875
18453,125,375,5375,1625,1500,9000
18454,125,375,5250,1625,1500,8875
18455,125,500,5375,1625,1500,9125
18456,125,375,5375,1750,1500,9125
18457,0,375,5375,1625,1500,8875
18458,125,375,5375,1625,1500,9000
18459,0,375,5250,1625,1500,8750
18460,125,375,5375,1750,1500,9125
18461,125,375,5375,1750,1500,9125
18462,0,375,5375,1625,1625,9000
18463,125,375,5375,1625,1500,9000
18464,125,375,5375,1750,1500,9125
18465,125,375,5250,1625,1500,8875
18466,125,375,5375,1750,1625,9250
18467,125,375,5250,1625,1625,9000
18468,125,375,5375,1625,1500,9000
18469,125,500,5375,1625,1500,9125
18470,125,375,5375,1625,1500,9000
18471,125,375,5375,1625,1500,9000
18472,125,375,5375,1625,1500,9000
18473,125,375,5375,1625,1500,9000
18474,0,375,5375,1625,1500,8875
18475,125,375,5250,1625,1500,8875
18476,0,375,5375,1625,1500,8875
18477,125,375,5250,1625,1500,8875
18478,125,375,5375,1625,1500,9000
18479,125,375,5375,1750,1625,9250
18480,125,375,5250,1625,1500,8875
18481,125,375,5375,1625,1500,9000
18482,0,375,5375,1750,1625,9125
18483,125,375,5500,1750,1500,9250
18484,0,375,5250,1750,1500,8875
18485,125,500,5375,1625,1500,9125
18486,125,375,5375,1625,1500,9000
18487,125,375,5375,1750,1500,9125
18488,0,375,5375,1625,1500,8875
18489,125,375,5375,1625,1500,9000
18490,125,500,5375,1750,1625,9375
18491,125,375,5250,1625,1500,8875
18492,0,375,5250,1625,1500,8750
18493,0,375,5375,1750,1625,9125
18494,125,375,5250,1625,1500,8875
18495,125,375,5375,1625,1500,9000
18496,125,375,5250,1750,1625,9125
18497,0,375,5250,1750,1500,8875
18498,125,375,5500,1750,1500,9250
18499,125,375,5250,1625,1500,8875
18500,125,375,5375,1750,1625,9250
18501,125,375,5375,1750,1625,9250
18502,125,375,5375,1625,1500,9000
18503,125,375,5250,1625,1500,8875
18504,125,375,5375,1625,1500,9000
18505,125,375,5375,1625,1500,9000
18506,125,375,5250,1625,1500,8875
18507,125,375,5250,1625,1500,8875
18508,125,375,5375,1625,1500,9000
18509,125,375,5375,1625,1500,9000
18510,125,375,5250,1625,1500,8875
18511,125,375,5250,1625,1500,8875
18512,125,375,5375,1625,1625,9125
18513,125,375,5250,1625,1500,8875
18514,125,375,5250,1625,1500,8875
18515,125,375,5375,1625,1500,9000
18516,0,375,5375,1625,1500,8875
18517,125,375,5375,1750,1500,9125
18518,125,375,5250,1625,1500,8875
18519,125,375,5375,1625,1500,9000
18520,125,375,5375,1750,1500,9125
18521,125,500,5250,1625,1625,9125
18522,125,375,5375,1625,1500,9000
18523,125,375,5375,1625,1500,9000
18524,125,375,5250,1625,1625,9000
18525,125,375,5375,1750,1500,9125
18526,125,375,5250,1625,1500,8875
18527,125,375,5250,1750,1625,9125
18528,125,375,5375,1625,1500,9000
18529,125,375,5375,1625,1625,9125
18530,0,375,5375,1750,1500,9000
18531,125,375,5375,1750,1625,9250
18532,125,375,5375,1750,1500,9125
18533,125,375,5375,1750,1500,9125
18534,125,375,5375,1625,1500,9000
18535,125,375,5375,1625,1500,9000
18536,0,375,5375,1750,1625,9125
18537,125,375,5250,1625,1625,9000
18538,125,375,5375,1750,1500,9125
18539,125,500,5375,1625,1500,9125
18540,125,500,6000,1875,1625,10125
18541,125,375,5375,1625,1500,9000
18542,125,375,5375,1625,1500,9000
18543,125,375,5375,1750,1500,9125
18544,125,375,5375,1625,1500,9000
18545,125,375,5250,1625,1500,8875
18546,125,375,5250,1750,1500,9000
18547,125,375,5250,1750,1500,9000
18548,125,375,5375,1625,1500,9000
18549,125,375,5125,1625,1500,8750
18550,125,375,5250,1750,1500,9000
18551,125,375,5375,1750,1500,9125
18552,125,375,5250,1625,1625,9000
18553,125,375,5375,1750,1500,9125
18554,125,375,5375,1750,1500,9125
18555,125,500,5250,1625,1375,8875
18556,125,375,5375,1750,1500,9125
18557,0,375,5375,1750,1625,9125
18558,0,375,5375,1625,1500,8875
18559,125,375,5250,1625,1500,8875
18560,0,375,5250,1750,1500,8875
18561,125,375,5375,1625,1500,9000
18562,125,375,5500,1750,1500,9250
18563,125,375,5375,1625,1500,9000
18564,125,375,5250,1750,1625,9125
18565,125,375,5250,1750,1500,9000
18566,125,375,5250,1625,1500,8875
18567,125,375,5250,1625,1500,8875
18568,125,375,5375,1625,1500,9000
18569,125,375,5250,1625,1500,8875
18570,125,375,5500,1750,1500,9250
18571,125,375,5250,1625,1500,8875
18572,125,375,5375,1625,1500,9000
18573,0,375,5375,1625,1625,9000
18574,125,375,5250,1625,1500,8875
18575,125,375,5125,1625,1500,8750
18576,125,375,5500,1750,1500,9250
18577,0,375,5375,1625,1500,8875
18578,125,375,5375,1625,1500,9000
18579,125,375,5375,1750,1500,9125
18580,0,375,5375,1750,1500,9000
18581,125,375,5250,1625,1500,8875
18582,125,375,5375,1625,1500,9000
18583,125,375,5375,1625,1500,9000
18584,125,375,5250,1625,1500,8875
18585,125,375,5250,1625,1625,9000
18586,125,375,5250,1750,1625,9125
18587,0,375,5500,1625,1500,9000
18588,0,375,5375,1750,1500,9000
18589,125,375,5250,1750,1500,9000
18590,125,375,5250,1625,1500,8875
18591,125,375,5250,1750,1625,9125
18592,125,375,5375,1750,1500,9125
18593,125,375,5250,1625,1500,8875
18594,125,375,5250,1625,1500,8875
18595,125,375,5250,1625,1500,8875
18596,125,375,5375,1750,1500,9125
18597,125,375,5250,1750,1500,9000
18598,125,375,5250,1750,1500,9000
18599,125,375,5250,1750,1625,9125
18600,125,500,5250,1750,1500,9125
18601,125,375,5500,1750,11250,19000
18602,125,375,6125,1750,1625,10000
18603,125,375,5500,1750,1500,9250
18604,125,375,5375,1750,1625,9250
18605,125,375,5375,1750,1500,9125
18606,0,375,5250,1625,1500,8750
18607,125,500,5375,1750,1625,9375
18608,125,375,5250,1625,1500,8875
18609,125,375,5375,1750,1500,9125
18610,125,375,5250,1625,1500,8875
18611,125,375,5500,1625,1500,9125
18612,125,375,5250,1750,1500,9000
18613,125,375,5375,1750,1500,9125
18614,125,375,5375,1625,1500,9000
18615,125,375,5375,1750,1500,9125
18616,125,375,5250,1625,1500,8875
18617,0,375,5375,1625,1500,8875
18618,0,375,5250,1625,1500,8750
18619,125,375,5375,1750,1625,9250
18620,125,375,5500,1625,1500,9125
18621,125,375,5375,1625,1500,9000
18622,125,375,5375,1750,1500,9125
18623,0,375,5375,1750,1625,9125
18624,125,500,5375,1625,1500,9125
18625,125,500,5375,1625,1500,9125
18626,125,375,5375,1625,1500,9000
18627,125,500,5375,1625,1500,9125
18628,125,375,5250,1625,1500,8875
18629,125,500,5375,1750,1500,9250
18630,125,375,5375,1625,1500,9000
18631,125,375,5250,1625,1500,8875
18632,125,375,5375,1625,1500,9000
18633,125,375,5375,1625,1625,9125
18634,125,500,5375,1625,1625,9250
18635,125,375,5375,1625,1500,9000
18636,125,375,5500,1625,1500,9125
18637,125,375,5375,1625,1500,9000
18638,125,500,5375,1625,1500,9125
18639,0,375,5375,1750,1500,9000
18640,125,375,5375,1625,1500,9000
18641,125,375,5375,1625,1500,9000
18642,125,500,5375,1750,1625,9375
18643,125,375,5375,1625,1500,9000
18644,125,375,5375,1625,1500,9000
18645,125,500,5500,1625,1500,9250
18646,125,375,5375,1750,1500,9125
18647,125,375,5375,1750,1625,9250
18648,125,375,5375,1750,1500,9125
18649,125,375,5250,1625,1500,8875
18650,125,500,5250,1625,1500,9000
18651,125,500,5375,1625,1500,9125
18652,125,375,5375,1750,1500,9125
18653,0,375,5375,1625,1500,8875
18654,0,375,5375,1500,1500,8750
18655,125,375,5375,1750,1500,9125
18656,125,375,5375,1625,1500,9000
18657,125,375,5375,1750,1625,9250
18658,125,375,5250,1750,1500,9000
18659,125,375,5375,1625,1625,9125
18660,125,375,5375,1625,1500,9000
18661,125,500,6000,1875,1500,10000
18662,125,375,5500,1750,1500,9250
18663,125,500,5375,1625,1500,9125
18664,125,500,5375,1625,1500,9125
18665,125,375,5375,1750,1625,9250
18666,125,500,5250,1625,1500,9000
18667,125,375,5250,1625,1500,8875
18668,125,375,5375,1625,1500,9000
18669,0,375,5375,1625,1500,8875
18670,125,375,5375,1750,1500,9125
18671,125,375,5375,1625,1500,9000
18672,0,375,5375,1625,1500,8875
18673,125,375,5375,1750,1625,9250
18674,125,375,5375,1625,1500,9000
18675,125,500,5250,1625,1500,9000
18676,125,375,5375,1625,1500,9000
18677,125,375,5500,1750,1500,9250
18678,125,375,5250,1750,1500,9000
18679,125,375,5250,1625,1500,8875
18680,125,375,5500,1625,1500,9125
18681,125,375,5375,1625,1500,9000
18682,0,375,5375,1625,1625,9000
18683,125,375,5375,1625,1500,9000
18684,125,375,5500,1750,1500,9250
18685,125,375,5375,1750,1500,9125
18686,125,375,5375,1625,1500,9000
18687,125,375,5250,1625,1500,8875
18688,125,375,5375,1750,1500,9125
18689,125,375,5250,1625,1500,8875
18690,125,375,5500,1625,1500,9125
18691,125,375,5375,1625,1500,9000
18692,125,375,5250,1625,1500,8875
18693,125,375,5375,1750,1625,9250
18694,0,375,5375,1750,1625,9125
18695,125,375,5375,1750,1500,9125
18696,125,375,5375,1750,1625,9250
18697,125,375,5375,1625,1625,9125
18698,125,500,5500,1750,1500,9375
18699,125,375,5375,1750,1500,9125
18700,0,375,5500,1625,1500,9000
18701,125,375,5375,1750,1500,9125
18702,125,375,5250,1750,1625,9125
18703,125,375,5250,1625,1500,8875
18704,125,375,5375,1750,1625,9250
18705,125,375,5250,1750,1500,9000
18706,125,375,5250,1750,1500,9000
18707,125,375,5375,1750,1500,9125
18708,0,375,5375,1625,1500,8875
18709,125,500,5375,1625,1625,9250
18710,125,375,5250,1625,1625,9000
18711,125,375,5500,1625,1500,9125
18712,125,375,5500,1625,1500,9125
18713,125,375,5250,1625,1500,8875
18714,125,375,5375,1625,1500,9000
18715,125,375,5375,1750,1500,9125
18716,0,375,5375,1750,1500,9000
18717,125,375,5500,1750,1500,9250
18718,125,375,5375,1625,1500,9000
18719,125,375,5375,1625,1500,9000
18720,125,500,5375,1625,1500,9125
18721,0,375,5375,1750,1625,9125
18722,125,500,5375,1625,1500,9125
18723,125,375,5375,1625,1500,9000
18724,125,375,5375,1625,1500,9000
18725,125,375,5375,1750,1500,9125
18726,125,375,5375,1750,1625,9250
18727,125,375,5250,1625,1625,9000
18728,125,375,5375,1500,1500,8875
18729,125,375,5500,1750,1625,9375
18730,125,375,5250,1625,1625,9000
18731,125,375,5250,1750,1500,9000
18732,125,500,5250,1625,1625,9125
18733,125,375,5375,1625,1500,9000
18734,125,375,5500,1625,1500,9125
18735,125,375,5375,1750,1625,9250
18736,125,375,5250,1625,1500,8875
18737,125,375,5375,1625,1500,9000
18738,0,375,5375,1750,1625,9125
18739,125,375,5250,1625,1375,8750
18740,125,375,5375,1625,1500,9000
18741,125,375,5375,1625,1500,9000
18742,0,375,5375,1625,1500,8875
18743,125,375,5375,1750,1625,9250
18744,125,375,5125,1625,1500,8750
18745,125,375,5375,1625,1625,9125
18746,125,375,5250,1625,1500,8875
18747,125,500,5375,1625,1625,9250
18748,125,375,5250,1625,1500,8875
18749,125,375,5250,1625,1500,8875
18750,125,375,5375,1625,1500,9000
18751,0,375,5375,1625,1500,8875
18752,125,500,5250,1625,1625,9125
18753,125,375,5375,1625,1500,9000
18754,125,375,5250,1625,1500,8875
18755,125,500,5250,1625,1500,9000
18756,125,375,5250,1625,1500,8875
18757,125,375,5375,1625,1500,9000
18758,125,375,5375,1625,1500,9000
18759,125,375,5500,1750,1500,9250
18760,125,375,5375,1625,1625,9125
18761,125,375,5375,1750,1625,9250
18762,125,375,5250,1625,1500,8875
18763,125,375,5375,1625,1500,9000
18764,125,375,5250,1625,1500,8875
18765,125,375,5250,1625,1500,8875
18766,125,375,5250,1625,1500,8875
18767,125,375,5375,1750,1500,9125
18768,125,375,5375,1625,1500,9000
18769,125,375,5250,1625,1625,9000
18770,125,375,5375,1750,1625,9250
18771,125,375,5250,1625,1500,8875
18772,0,375,5250,1625,1500,8750
18773,125,375,5250,1625,1625,9000
18774,125,375,5375,1750,1625,9250
18775,125,375,5375,1625,1500,9000
18776,125,375,5375,1750,1500,9125
18777,0,375,5375,1625,1500,8875
18778,125,500,5250,1625,1500,9000
18779,125,375,5375,1625,1500,9000
18780,125,375,5125,1625,1500,8750
18781,125,375,5250,1750,1625,9125
18782,125,375,5875,1875,1500,9750
18783,125,375,5500,1625,1500,9125
18784,125,500,5500,1625,1500,9250
18785,0,375,5375,1750,1500,9000
18786,125,375,5125,1750,1500,8875
18787,125,375,5250,1750,1500,9000
18788,125,500,5250,1625,1625,9125
18789,125,375,5250,1625,1500,8875
18790,125,375,5375,1625,1500,9000
18791,125,375,5375,1625,1500,9000
18792,125,375,5125,1625,1500,8750
18793,125,375,5250,1625,1500,8875
18794,125,375,5250,1625,1500,8875
18795,125,375,5375,1625,1500,9000
18796,125,375,5250,1625,1500,8875
18797,125,500,5375,1625,1500,9125
18798,125,375,5375,1625,1500,9000
18799,125,375,5375,1625,1500,9000
18800,125,375,5250,1625,1500,8875
18801,125,375,5375,1625,1500,9000
18802,125,375,5375,1750,1625,9250
18803,125,375,5250,1625,1500,8875
18804,125,375,5250,1750,1500,9000
18805,125,375,5250,1750,1500,9000
18806,125,375,5250,1625,1500,8875
18807,0,375,5250,1625,1625,8875
18808,125,375,5375,1750,1500,9125
18809,0,375,5500,1625,1500,9000
18810,125,500,5375,1625,1500,9125
18811,0,375,5375,1625,1500,8875
18812,125,500,5375,1625,1500,9125
18813,125,375,5375,1625,1500,9000
18814,125,375,5250,1625,1500,8875
18815,125,375,5375,1750,1500,9125
18816,125,375,5375,1625,1500,9000
18817,125,375,5250,1750,1500,9000
18818,0,375,5375,1625,1625,9000
18819,0,375,5250,1625,1625,8875
18820,125,375,5375,1750,1500,9125
18821,125,375,5250,1625,1500,8875
18822,125,375,5375,1750,1500,9125
18823,125,375,5375,1625,1500,9000
18824,0,375,5375,1625,1500,8875
18825,125,375,5250,1625,1500,8875
18826,125,375,5250,1625,1500,8875
18827,0,375,5375,1625,1500,8875
18828,125,375,5375,1625,1500,9000
18829,125,375,5375,1625,1500,9000
18830,125,375,5375,1750,1625,9250
18831,125,375,5250,1625,1625,9000
18832,125,375,5125,1625,1500,8750
18833,125,500,5375,1750,1500,9250
18834,125,375,5250,1625,1500,8875
18835,125,500,5375,1750,1500,9250
18836,125,375,5375,1625,1500,9000
18837,0,375,5375,1750,1500,9000
18838,0,375,5500,1750,1500,9125
18839,125,375,5375,1625,1500,9000
18840,125,375,5250,1750,1625,9125
18841,125,375,5250,1625,1500,8875
18842,125,375,5375,1625,1500,9000
18843,0,375,5500,1625,1500,9000
18844,125,375,5250,1625,1500,8875
18845,125,375,5250,1750,1500,9000
18846,125,375,5250,1625,1500,8875
18847,125,375,5375,1625,1500,9000
18848,0,375,5500,1625,1500,9000
18849,125,375,5375,1625,1500,9000
18850,125,375,5250,1625,1500,8875
18851,125,500,5375,1750,1500,9250
18852,125,375,5375,1750,1500,9125
18853,0,375,5375,1625,1500,8875
18854,125,375,5375,1750,1500,9125
18855,125,375,5375,1625,1500,9000
18856,0,375,5375,1625,1500,8875
18857,125,375,5375,1750,1500,9125
18858,125,375,5375,1625,1625,9125
18859,125,375,5125,1750,1500,8875
18860,125,375,5250,1625,1500,8875
18861,125,375,5250,1625,1500,8875
18862,125,375,5375,1750,1500,9125
18863,125,375,5250,1750,1625,9125
18864,125,375,5250,1625,1500,8875
18865,125,375,5375,1625,1500,9000
18866,125,375,5250,1625,1500,8875
18867,125,375,5375,1750,1625,9250
18868,125,375,5375,1625,1500,9000
18869,125,375,5375,1750,1625,9250
18870,125,375,5250,1750,1500,9000
18871,0,375,5375,1750,1625,9125
18872,0,375,5500,1625,1500,9000
18873,125,500,5375,1750,1500,9250
18874,125,500,5375,1625,1500,9125
18875,0,375,5375,1625,1500,8875
18876,125,500,5375,1750,1500,9250
18877,0,375,5375,1750,1500,9000
18878,125,375,5375,1625,1500,9000
18879,125,375,5500,1625,1500,9125
18880,125,375,5375,1625,1500,9000
18881,125,375,5250,1625,1500,8875
18882,0,375,5375,1625,1500,8875
18883,0,375,5500,1625,1500,9000
18884,125,375,5375,1625,1500,9000
18885,125,375,5375,1625,1500,9000
18886,0,375,5500,1750,1500,9125
18887,125,375,5375,1625,1500,9000
18888,125,500,5250,1625,1500,9000
18889,125,375,5375,1750,1500,9125
18890,125,375,5375,1750,1625,9250
18891,125,375,5250,1625,1625,9000
18892,125,375,5250,1625,1500,8875
18893,125,375,5375,1750,1625,9250
18894,125,375,5375,1625,1500,9000
18895,125,375,5375,1625,1500,9000
18896,0,375,5500,1625,1500,9000
18897,125,375,5375,1625,1500,9000
18898,125,375,5250,1625,1500,8875
18899,125,375,5500,1625,1500,9125
18900,125,375,5250,1625,1500,8875
18901,0,375,5375,1750,1625,9125
18902,125,375,5375,1625,1500,9000
18903,125,500,5250,1625,1500,9000
18904,125,375,5875,1750,1500,9625
18905,125,375,5625,1750,1625,9500
18906,0,375,5375,1625,1500,8875
18907,125,375,5375,1625,1500,9000
18908,125,375,5375,1750,1625,9250
18909,125,375,5250,1625,1625,9000
18910,0,375,5375,1625,1375,8750
18911,125,375,5250,1625,1500,8875
18912,125,375,5375,1625,1500,9000
18913,125,375,5250,1625,1500,8875
18914,0,375,5500,1625,1625,9125
18915,125,375,5250,1625,1500,8875
18916,125,375,5375,1625,1500,9000
18917,125,375,5375,1625,1500,9000
18918,125,375,5375,1750,1625,9250
18919,125,375,5375,1625,1500,9000
18920,125,375,5375,1750,1625,9250
18921,0,375,5375,1625,1625,9000
18922,125,375,5250,1625,1500,8875
18923,125,375,5375,1750,1625,9250
18924,125,375,5250,1625,1500,8875
18925,125,375,5250,1625,1500,8875
18926,125,375,5250,1625,1500,8875
18927,125,375,5375,1750,1500,9125
18928,0,375,5375,1625,1500,8875
18929,125,375,5375,1625,1500,9000
18930,125,375,5375,1750,1500,9125
18931,125,375,5250,1625,1500,8875
18932,125,500,5375,1625,1500,9125
18933,125,375,5375,1625,1500,9000
18934,125,375,5375,1750,1500,9125
18935,125,375,5375,1625,1500,9000
18936,0,375,5250,1750,1625,9000
18937,125,375,5375,1625,1500,9000
18938,125,375,5250,1750,1625,9125
18939,125,375,5375,1750,1500,9125
18940,0,375,5375,1625,1500,8875
18941,125,375,5250,1625,1500,8875
18942,0,375,5375,1625,1500,8875
18943,125,375,5375,1625,1500,9000
18944,125,500,5375,1625,1500,9125
18945,125,375,15375,1750,1625,19250
18946,0,375,5875,1750,1500,9500
18947,125,375,5375,1625,1500,9000
18948,125,375,5375,1625,1500,9000
18949,125,375,5250,1625,1500,8875
18950,0,375,5500,1625,1500,9000
18951,125,375,5375,1625,1500,9000
18952,125,375,5250,1625,1500,8875
18953,125,375,5375,1625,1500,9000
18954,0,375,5250,1625,1500,8750
18955,125,375,5250,1625,1500,8875
18956,125,375,5375,1625,1500,9000
18957,125,375,5375,1750,1625,9250
18958,125,500,5375,1625,1500,9125
18959,0,375,5375,1625,1625,9000
18960,125,375,5375,1625,1500,9000
18961,125,375,5375,1750,1375,9000
18962,125,375,5375,1625,1625,9125
18963,125,375,5375,1750,1500,9125
18964,125,500,5500,1625,1500,9250
18965,125,375,5375,1625,1500,9000
18966,125,375,5500,1625,1625,9250
18967,125,375,5250,1625,1500,8875
18968,125,375,5375,1625,1500,9000
18969,125,375,5375,1625,1500,9000
18970,125,375,5375,1625,1625,9125
18971,125,375,5250,1625,1625,9000
18972,125,375,5375,1750,1500,9125
18973,125,375,5375,1625,1500,9000
18974,125,375,5250,1625,1500,8875
18975,125,375,5375,1750,1375,9000
18976,125,375,5375,1750,1625,9250
18977,125,375,5375,1625,1500,9000
18978,125,375,5375,1625,1500,9000
18979,125,375,5375,1625,1500,9000
18980,125,500,5250,1750,1500,9125
18981,125,375,5375,1625,1500,9000
18982,125,375,5375,1625,1500,9000
18983,125,375,5500,1625,1500,9125
18984,125,500,5250,1625,1500,9000
18985,125,375,5375,1750,1625,9250
18986,125,375,5250,1750,1625,9125
18987,125,375,5250,1750,1625,9125
18988,125,375,5375,1750,1500,9125
18989,125,375,5375,1625,1500,9000
18990,125,500,5250,1625,1500,9000
18991,125,375,5375,1625,1500,9000
18992,125,375,5250,1625,1500,8875
18993,125,375,5375,1625,1500,9000
18994,125,375,5250,1750,1625,9125
18995,0,375,5500,1750,1625,9250
18996,125,500,5250,1625,1625,9125
18997,125,375,5375,1750,1625,9250
18998,125,375,5375,1625,1500,9000
18999,125,375,5250,1625,1625,9000
19000,125,375,5375,1625,1500,9000
19001,125,375,5250,1750,1500,9000
19002,125,375,5250,1625,1500,8875
19003,125,375,5375,1750,1500,9125
19004,125,375,5375,1625,1500,9000
19005,125,375,5375,1750,1500,9125
19006,125,500,5375,1625,1500,9125
19007,125,375,5375,1625,1500,9000
19008,125,375,5500,1625,1500,9125
19009,125,375,5375,1750,1625,9250
19010,125,375,5375,1625,1500,9000
19011,125,375,5375,1625,1500,9000
19012,125,375,5250,1625,1375,8750
19013,125,375,5250,1625,1500,8875
19014,125,375,5375,1625,1500,9000
19015,125,375,5375,1625,1500,9000
19016,125,500,5250,1625,1500,9000
19017,125,375,5375,1625,1500,9000
19018,125,375,5375,1625,1500,9000
19019,125,375,5375,1750,1500,9125
19020,125,375,5500,1625,1500,9125
19021,125,375,5250,1625,1500,8875
19022,0,375,5375,1750,1500,9000
19023,125,375,5500,1750,1500,9250
19024,125,375,5375,1750,1500,9125
19025,0,375,6000,1875,1625,9875
19026,0,375,5500,1625,1500,9000
19027,125,375,5250,1625,1500,8875
19028,125,500,5250,1625,1500,9000
19029,125,500,5250,1625,1500,9000
19030,125,375,5250,1625,1500,8875
19031,125,375,5375,1625,1500,9000
19032,125,375,5375,1750,1500,9125
19033,0,375,5250,1625,1500,8750
19034,125,375,5375,1625,1500,9000
19035,125,375,5375,1625,1500,9000
19036,125,375,5375,1750,1500,9125
19037,125,375,5250,1625,1500,8875
19038,125,375,5375,1625,1500,9000
19039,125,375,5250,1625,1500,8875
19040,125,375,5250,1625,1500,8875
19041,125,375,5375,1625,1500,9000
19042,125,375,5250,1625,1500,8875
19043,125,375,5250,1625,1500,8875
19044,125,375,5250,1750,1625,9125
19045,125,375,5250,1625,1500,8875
19046,125,375,5250,1625,1500,8875
19047,125,500,5375,1750,1625,9375
19048,125,375,5250,1625,1500,8875
19049,125,375,5375,1750,1625,9250
19050,125,375,5375,1750,1625,9250
19051,125,375,5375,1625,1500,9000
19052,125,375,5375,1750,1500,9125
19053,0,375,5500,1625,1500,9000
19054,125,375,5375,1625,1500,9000
19055,125,375,5250,1625,1500,8875
19056,125,375,5375,1625,1500,9000
19057,125,375,5250,1625,1625,9000
19058,125,375,5250,1625,1500,8875
19059,125,375,5375,1625,1500,9000
19060,125,375,5250,1625,1500,8875
19061,125,375,5500,1625,1500,9125
19062,125,375,5250,1625,1500,8875
19063,125,375,5250,1625,1500,8875
19064,125,375,5250,1625,1500,8875
19065,125,375,5375,1625,1500,9000
19066,125,500,5250,1625,1500,9000
19067,125,375,5375,1750,1625,9250
19068,125,500,5125,1625,1500,8875
19069,125,500,5250,1625,1500,9000
19070,125,375,5250,1750,1625,9125
19071,125,375,5250,1625,1500,8875
19072,125,500,5250,1625,1500,9000
19073,125,375,5250,1750,1625,9125
19074,125,375,5375,1750,1625,9250
19075,125,375,5250,1625,1500,8875
19076,125,375,5250,1750,1500,9000
19077,125,375,5250,1625,1500,8875
19078,125,375,5375,1625,1500,9000
19079,125,500,5375,1625,1500,9125
19080,125,375,5250,1625,1500,8875
19081,125,500,5375,1625,1500,9125
19082,125,375,5375,1750,1625,9250
19083,125,375,5375,1625,1500,9000
19084,125,375,5375,1625,1500,9000
19085,125,375,5375,1625,1500,9000
19086,125,375,5250,1750,1625,9125
19087,125,375,5375,1625,1500,9000
19088,125,500,5250,1625,1625,9125
19089,125,500,5375,1625,1625,9250
19090,125,375,5250,1750,1500,9000
19091,0,375,5375,1625,1500,8875
19092,125,375,5250,1750,1625,9125
19093,125,375,5250,1625,1625,9000
19094,125,375,5375,1625,1500,9000
19095,125,375,5250,1625,1500,8875
19096,125,375,5375,1625,1500,9000
19097,125,375,5250,1625,1500,8875
19098,125,375,5500,1750,1500,9250
19099,125,375,5375,1750,1625,9250
19100,125,375,5375,1625,1500,9000
19101,125,375,5375,1625,1500,9000
19102,125,375,5375,1625,1500,9000
19103,0,375,5500,1625,1500,9000
19104,125,375,5375,1625,1500,9000
19105,125,375,5375,1625,1500,9000
19106,125,375,5250,1625,1500,8875
19107,125,375,5250,1750,1500,9000
19108,125,375,5375,1625,1500,9000
19109,125,375,5250,1625,1500,8875
19110,125,375,5375,1750,1500,9125
19111,125,375,5375,1625,1500,9000
19112,125,375,5375,1750,1625,9250
19113,0,375,5375,1750,1625,9125
19114,125,375,5375,1750,1500,9125
19115,125,375,5375,1750,1625,9250
19116,0,375,5500,1750,1500,9125
19117,125,375,5375,1625,1500,9000
19118,125,375,5375,1625,1500,9000
19119,125,375,5250,1625,1500,8875
19120,125,375,5375,1750,1625,9250
19121,125,375,5125,1625,1625,8875
19122,125,375,5375,1625,1500,9000
19123,125,375,5375,1750,1625,9250
19124,125,375,5375,1625,1500,9000
19125,125,375,5375,1625,1500,9000
19126,125,375,5500,1750,1500,9250
19127,0,375,5250,1625,1500,8750
19128,125,375,5375,1625,1625,9125
19129,125,375,5250,1625,1500,8875
19130,125,500,5375,1625,1500,9125
19131,125,375,5375,1750,1625,9250
19132,125,375,5250,1625,1500,8875
19133,125,375,5500,1625,1625,9250
19134,125,375,5250,1625,1500,8875
19135,125,375,5375,1625,1500,9000
19136,125,375,5375,1625,1500,9000
19137,125,375,5250,1625,1625,9000
19138,125,500,5500,1625,1500,9250
19139,125,375,5375,1750,1500,9125
19140,0,375,5375,1625,1500,8875
19141,125,375,5375,1625,1625,9125
19142,125,375,5375,1625,1500,9000
19143,125,500,5375,1750,1625,9375
19144,125,375,5250,1625,1625,9000
19145,0,375,5250,1750,1500,8875
19146,125,375,5750,1750,1500,9500
19147,125,375,5500,1625,1500,9125
19148,125,375,5250,1750,1500,9000
19149,125,375,5375,1625,1500,9000
19150,125,375,5375,1625,1500,9000
19151,125,500,5250,1625,1500,9000
19152,125,375,5375,1625,1500,9000
19153,0,375,5500,1625,1500,9000
19154,125,375,5500,1625,1500,9125
19155,125,500,5375,1625,1500,9125
19156,125,375,5500,1750,1625,9375
19157,0,375,5375,1625,1500,8875
19158,125,375,5500,1625,1500,9125
19159,125,375,5375,1625,1500,9000
19160,0,375,5375,1625,1500,8875
19161,0,375,5500,1750,1500,9125
19162,125,375,5375,1625,1500,9000
19163,125,375,5250,1625,1500,8875
19164,0,375,5250,1750,1625,9000
19165,125,375,5375,1625,1500,9000
19166,125,500,5500,1625,1500,9250
19167,125,375,5375,1625,1500,9000
19168,125,375,5250,1625,1500,8875
19169,0,375,5375,1750,1625,9125
19170,125,375,5375,1750,1500,9125
19171,125,375,5375,1625,1500,9000
19172,0,375,5250,1625,1500,8750
19173,125,375,5500,1625,1500,9125
19174,125,375,5375,1750,1625,9250
19175,125,375,5375,1625,1500,9000
19176,125,375,5375,1625,1500,9000
19177,125,375,5375,1750,1500,9125
19178,125,375,5375,1625,1500,9000
19179,125,375,5375,1625,1375,8875
19180,125,375,5375,1750,1500,9125
19181,125,375,5375,1625,1500,9000
19182,125,500,5250,1750,1500,9125
19183,125,375,5375,1625,1500,9000
19184,125,500,5375,1625,1500,9125
19185,125,500,5375,1625,1500,9125
19186,125,500,5375,1625,1500,9125
19187,125,375,5375,1750,1500,9125
19188,125,375,5375,1750,1625,9250
19189,125,375,5250,1750,1625,9125
19190,125,375,5375,1625,1625,9125
19191,125,375,5250,1625,1500,8875
19192,125,375,5375,1625,1500,9000
19193,125,375,5250,1625,1500,8875
19194,0,375,5500,1625,1500,9000
19195,125,375,5375,1750,1500,9125
19196,125,375,5250,1625,1625,9000
19197,125,375,5250,1750,1500,9000
19198,125,375,5375,1750,1500,9125
19199,125,375,5500,1625,1500,9125
19200,125,375,5375,1750,1500,9125
19201,125,375,5375,1750,1625,9250
19202,125,375,5375,1625,1500,9000
19203,125,375,5375,1625,1500,9000
19204,125,500,5375,1625,1500,9125
19205,125,500,5500,1625,1500,9250
19206,125,375,5375,1625,1500,9000
19207,125,375,5375,1625,1500,9000
19208,125,375,5375,1625,1625,9125
19209,125,375,5250,1625,1500,8875
19210,125,375,5375,1625,1625,9125
19211,125,375,5250,1750,1500,9000
19212,0,375,5500,1625,1500,9000
19213,125,375,5375,1625,1500,9000
19214,125,375,5375,1625,1500,9000
19215,125,375,5250,1625,1500,8875
19216,125,500,5250,1625,1500,9000
19217,125,500,5375,1625,1500,9125
19218,125,375,5250,1625,1500,8875
19219,0,375,5375,1750,1625,9125
19220,125,375,5250,1625,1625,9000
19221,0,375,5250,1750,1500,8875
19222,125,375,5375,1625,1500,9000
19223,125,375,5375,1625,1625,9125
19224,125,375,5375,1625,1500,9000
19225,125,375,5500,1625,1500,9125
19226,125,375,5375,1625,1500,9000
19227,125,375,5375,1750,1500,9125
19228,125,500,5375,1625,1500,9125
19229,125,375,5375,1625,1500,9000
19230,125,375,5375,1625,1500,9000
19231,125,375,5375,1750,1625,9250
19232,125,500,5375,1750,1625,9375
19233,125,375,5250,1625,1500,8875
19234,125,375,5375,1750,1625,9250
19235,125,375,5375,1750,1500,9125
19236,125,375,5375,1625,1500,9000
19237,125,375,5375,1625,1500,9000
19238,125,500,5375,1750,1500,9250
19239,125,375,5375,1625,1500,9000
19240,125,375,5375,1625,1500,9000
19241,125,375,5500,1625,1500,9125
19242,125,375,5375,1750,1500,9125
19243,125,375,5250,1625,1625,9000
19244,125,500,5375,1750,1625,9375
19245,0,375,5375,1625,1625,9000
19246,125,375,5375,1625,1500,9000
19247,125,375,5250,1625,1500,8875
19248,125,375,5375,1625,1500,9000
19249,125,375,5250,1625,1500,8875
19250,125,375,5250,1625,1500,8875
19251,125,375,5250,1625,1500,8875
19252,125,375,5375,1750,1625,9250
19253,125,375,5375,1625,1500,9000
19254,125,375,5375,1625,1500,9000
19255,125,375,5375,1625,1500,9000
19256,125,375,5250,1625,1500,8875
19257,125,375,5375,1625,1625,9125
19258,125,375,5375,1625,1500,9000
19259,0,375,5250,1625,1500,8750
19260,125,375,5375,1625,1500,9000
19261,125,500,5375,1750,1625,9375
19262,125,375,5375,1750,1500,9125
19263,125,375,5250,1625,1500,8875
19264,125,375,5250,1750,1500,9000
19265,125,375,5375,1625,1625,9125
19266,125,375,5375,1625,1500,9000
19267,125,375,5750,1750,1625,9625
19268,125,375,5500,1750,1625,9375
19269,0,375,5375,1625,1500,8875
19270,125,375,5375,1750,1500,9125
19271,125,375,5500,1625,1500,9125
19272,125,375,5375,1750,1500,9125
19273,0,375,5250,1625,1500,8750
19274,125,500,5375,1750,1500,9250
19275,125,375,5375,1625,1375,8875
19276,125,375,5375,1750,1500,9125
19277,125,375,5250,1625,1625,9000
19278,125,375,5375,1750,1500,9125
19279,0,375,5375,1625,1500,8875
19280,125,375,5250,1625,1625,9000
19281,125,375,5500,1625,1500,9125
19282,125,375,5375,1625,1500,9000
19283,125,375,5375,1750,1625,9250
19284,125,375,5375,1750,1625,9250
19285,125,375,5250,1625,1500,8875
19286,125,500,5250,1625,1500,9000
19287,125,375,5500,1750,1500,9250
19288,125,375,5375,1750,1500,9125
19289,125,375,6000,1875,1625,10000
19290,125,375,5500,1750,1500,9250
19291,125,500,5500,1750,1625,9500
19292,125,500,5500,1750,1500,9375
19293,125,375,5250,1625,1500,8875
19294,125,375,5375,1625,1500,9000
19295,125,375,5375,1750,1625,9250
19296,0,375,5500,1750,1500,9125
19297,125,500,5375,1625,1500,9125
19298,125,375,5375,1625,1500,9000
19299,125,375,5375,1750,1500,9125
19300,125,375,5250,1625,1500,8875
19301,125,375,5250,1625,1500,8875
19302,125,375,5375,1750,1625,9250
19303,125,375,5250,1625,1500,8875
19304,125,375,5250,1625,1500,8875
19305,125,375,5375,1750,1625,9250
19306,125,375,5375,1625,1500,9000
19307,125,375,5375,1750,1500,9125
19308,125,375,5375,1625,1500,9000
19309,125,375,5375,1625,1500,9000
19310,125,375,5375,1625,1500,9000
19311,125,375,5250,1625,1500,8875
19312,125,375,5375,1750,1625,9250
19313,0,375,5375,1625,1500,8875
19314,125,375,5375,1625,1625,9125
19315,125,375,5375,1750,1500,9125
19316,0,375,5500,1625,1500,9000
19317,125,375,5375,1750,1500,9125
19318,125,375,5375,1750,1625,9250
19319,125,375,5250,1625,1500,8875
19320,125,500,5375,1625,1500,9125
19321,125,375,5250,1750,1625,9125
19322,125,375,5375,1625,1500,9000
19323,125,375,5250,1625,1625,9000
19324,125,375,5250,1750,1500,9000
19325,125,375,5250,1625,1500,8875
19326,125,375,5375,1625,1500,9000
19327,0,375,5375,1625,1500,8875
19328,125,500,5375,1625,1500,9125
19329,125,375,5250,1625,1625,9000
19330,125,375,5375,1750,1500,9125
19331,125,375,5500,1750,1500,9250
19332,125,375,5250,1625,1500,8875
19333,125,375,5375,1625,1500,9000
19334,125,375,5250,1625,1500,8875
19335,125,375,5375,1625,1625,9125
19336,125,375,5250,1750,1625,9125
19337,125,375,5250,1625,1500,8875
19338,125,375,5375,1625,1500,9000
19339,125,375,5375,1625,1500,9000
19340,125,375,5500,1625,1500,9125
19341,125,375,5375,1625,1500,9000
19342,0,375,5500,1750,1500,9125
19343,125,375,5375,1750,1625,9250
19344,125,375,5375,1750,1500,9125
19345,125,500,5250,1625,1500,9000
19346,125,375,5375,1625,1625,9125
19347,125,375,5375,1625,1500,9000
19348,125,375,5250,1625,1500,8875
19349,0,375,5375,1625,1500,8875
19350,125,500,5250,1625,1500,9000
19351,125,375,5250,1625,1625,9000
19352,0,375,5250,1625,1500,8750
19353,125,375,5250,1625,1625,9000
19354,125,375,5250,1625,1625,9000
19355,125,375,5250,1750,1500,9000
19356,125,375,5250,1750,1625,9125
19357,0,375,5375,1625,1500,8875
19358,125,375,5375,1625,1500,9000
19359,125,375,5500,1625,1500,9125
19360,125,375,5375,1750,1500,9125
19361,125,375,5250,1625,1500,8875
19362,125,375,5375,1750,1500,9125
19363,125,375,5250,1625,1500,8875
19364,125,375,5375,1625,1500,9000
19365,0,375,5500,1625,1500,9000
19366,125,375,5250,1625,1500,8875
19367,125,500,5375,1625,1625,9250
19368,0,375,5375,1750,1500,9000
19369,125,375,5250,1625,1625,9000
19370,125,375,5375,1750,1625,9250
19371,125,375,5250,1625,1500,8875
19372,125,375,5250,1625,1500,8875
19373,125,375,5375,1625,1625,9125
19374,125,375,5375,1625,1500,9000
19375,125,375,5250,1625,1500,8875
19376,0,375,5375,1625,1500,8875
19377,125,500,5375,1625,1500,9125
19378,125,375,5375,1625,1500,9000
19379,125,375,5375,1625,1500,9000
19380,125,375,5375,1625,1500,9000
19381,125,500,5375,1625,1625,9250
19382,125,375,5375,1625,1500,9000
19383,125,375,5375,1625,1500,9000
19384,125,375,5250,1625,1500,8875
19385,125,375,5375,1750,1500,9125
19386,125,375,5250,1750,1500,9000
19387,125,375,5375,1750,1500,9125
19388,125,375,5375,1625,1500,9000
19389,125,375,6000,1875,1500,9875
19390,125,375,5500,1625,1500,9125
19391,125,375,5375,1625,1500,9000
19392,0,375,5500,1625,1500,9000
19393,125,375,5500,1625,1500,9125
19394,125,375,5375,1625,1500,9000
19395,125,375,5375,1750,1625,9250
19396,125,375,5375,1625,1625,9125
19397,125,375,5250,1750,1625,9125
19398,125,375,5375,1625,1500,9000
19399,125,500,5250,1625,1500,9000
19400,125,375,5375,1625,1625,9125
19401,125,375,5375,1625,1500,9000
19402,0,375,5375,1750,1500,9000
19403,0,375,5375,1625,1625,9000
19404,0,375,5375,1750,1500,9000
19405,125,375,5250,1625,1500,8875
19406,125,375,5250,1625,1500,8875
19407,125,375,5500,1750,1500,9250
19408,125,375,5375,1625,1500,9000
19409,125,375,5375,1625,1500,9000
19410,125,375,5250,1625,1500,8875
19411,125,375,5500,1625,1500,9125
19412,125,375,5250,1625,1500,8875
19413,0,375,5375,1625,1625,9000
19414,125,375,5375,1750,1500,9125
19415,125,375,5375,1625,1500,9000
19416,125,375,5375,1625,1500,9000
19417,125,375,5375,1750,1500,9125
19418,125,375,5375,1625,1500,9000
19419,125,375,5375,1750,1625,9250
19420,125,375,5500,1750,1500,9250
19421,125,375,5375,1750,1625,9250
19422,125,500,5250,1625,1500,9000
19423,125,375,5375,1750,1500,9125
19424,125,375,5375,1625,1375,8875
19425,125,375,5375,1625,1500,9000
19426,125,375,5375,1750,1625,9250
19427,125,375,5375,1750,1500,9125
19428,125,375,5375,1625,1625,9125
19429,125,375,5250,1750,1625,9125
19430,125,375,5500,1750,1500,9250
19431,125,375,5375,1625,1500,9000
19432,125,375,5375,1625,1500,9000
19433,125,375,5375,1625,1625,9125
19434,125,375,5375,1750,1500,9125
19435,125,375,5500,1750,1500,9250
19436,125,375,5375,1750,1625,9250
19437,125,500,5375,1625,1500,9125
19438,0,375,5500,1750,1500,9125
19439,125,500,5375,1625,1500,9125
19440,125,375,5250,1625,1500,8875
19441,125,375,5375,1750,1625,9250
19442,125,375,5375,1750,1500,9125
19443,125,375,5375,1625,1500,9000
19444,0,375,5375,1625,1500,8875
19445,125,500,5375,1625,1500,9125
19446,125,375,5375,1750,1625,9250
19447,125,375,5375,1750,1500,9125
19448,0,375,5500,1750,1625,9250
19449,125,375,5250,1625,1500,8875
19450,0,375,5250,1750,1625,9000
19451,0,375,5500,1750,1500,9125
19452,125,375,5375,1625,1500,9000
19453,0,375,5500,1625,1500,9000
19454,125,375,5375,1750,1625,9250
19455,125,375,5250,1625,1500,8875
19456,125,500,5250,1625,1500,9000
19457,125,375,5375,1625,1625,9125
19458,125,500,5375,1625,1500,9125
19459,125,375,5500,1750,1625,9375
19460,125,375,5375,1625,1500,9000
19461,125,375,5375,1625,1500,9000
19462,125,375,5250,1625,1500,8875
19463,125,375,5500,1625,1500,9125
19464,125,375,5375,1750,1500,9125
19465,125,375,5250,1625,1500,8875
19466,125,375,5375,1625,1500,9000
19467,125,375,5375,1625,1500,9000
19468,125,375,5375,1750,1625,9250
19469,125,500,5375,1625,1500,9125
19470,125,375,5375,1625,1625,9125
19471,125,500,5375,1625,1500,9125
19472,125,375,5250,1625,1500,8875
19473,125,375,5375,1625,1500,9000
19474,125,375,5250,1625,1500,8875
19475,125,375,5375,1625,1500,9000
19476,125,375,5375,1625,1500,9000
19477,125,375,5500,1750,1500,9250
19478,125,375,5250,1625,1500,8875
19479,125,500,5375,1625,1500,9125
19480,125,500,5375,1625,1500,9125
19481,125,500,5375,1625,1500,9125
19482,125,375,5375,1750,1625,9250
19483,125,500,5375,1625,1500,9125
19484,125,375,5375,1750,1500,9125
19485,125,375,5375,1625,1500,9000
19486,125,500,5375,1750,1500,9250
19487,125,375,5250,1625,1500,8875
19488,125,375,5375,1625,1625,9125
19489,125,500,5375,1625,1500,9125
19490,125,375,5375,1625,1500,9000
19491,125,500,5375,1625,1625,9250
19492,125,375,5375,1625,1625,9125
19493,125,500,5375,1625,1625,9250
19494,125,375,5375,1750,1625,9250
19495,125,375,5375,1625,1500,9000
19496,125,500,5375,1625,1500,9125
19497,125,375,5250,1750,1625,9125
19498,0,375,5375,1750,1625,9125
19499,125,375,5375,1625,1500,9000
19500,125,375,5375,1625,1625,9125
19501,125,375,5375,1750,1625,9250
19502,0,375,5375,1625,1625,9000
19503,125,375,5375,1625,1500,9000
19504,0,375,5250,1625,1625,8875
19505,125,375,5375,1750,1500,9125
19506,125,375,5250,1750,1500,9000
19507,0,375,5500,1625,1500,9000
19508,125,375,5375,1625,1625,9125
19509,125,375,5375,1625,1500,9000
19510,125,375,6000,1875,1500,9875
19511,125,500,5625,1750,1625,9625
19512,125,375,5375,1625,1500,9000
19513,0,375,5375,1750,1500,9000
19514,0,375,5500,1625,1500,9000
19515,125,375,5375,1750,1625,9250
19516,125,375,5375,1625,1500,9000
19517,125,375,5375,1625,1500,9000
19518,125,375,5375,1625,1500,9000
19519,0,375,5375,1625,1500,8875
19520,125,375,5375,1625,1500,9000
19521,125,375,5375,1750,1625,9250
19522,125,375,5375,1750,1500,9125
19523,0,375,5500,1750,1625,9250
19524,125,375,5375,1625,1500,9000
19525,125,375,5375,1750,1500,9125
19526,125,375,5375,1625,1500,9000
19527,125,375,5500,1750,1500,9250
19528,125,375,5375,1625,1500,9000
19529,125,375,5250,1625,1500,8875
19530,125,375,5500,1625,1625,9250
19531,125,375,5375,1625,1625,9125
19532,125,375,5250,1625,1500,8875
19533,125,375,5375,1625,1500,9000
19534,0,375,5500,1750,1500,9125
19535,125,375,5375,1750,1625,9250
19536,125,375,5375,1625,1500,9000
19537,125,375,5375,1750,1500,9125
19538,125,375,5375,1625,1500,9000
19539,125,500,5375,1625,1625,9250
19540,125,500,5250,1625,1500,9000
19541,125,375,5375,1625,1500,9000
19542,125,375,5375,1750,1500,9125
19543,0,375,5375,1750,1375,8875
19544,125,375,5375,1625,1500,9000
19545,125,375,5375,1625,1375,8875
19546,125,375,5375,1750,1625,9250
19547,125,375,5250,1625,1375,8750
19548,125,375,5250,1625,1375,8750
19549,125,375,5250,1625,1500,8875
19550,125,375,5500,1750,1500,9250
19551,125,375,5250,1750,1500,9000
19552,125,375,5375,1625,1500,9000
19553,125,375,5375,1625,1500,9000
19554,125,375,5250,1625,1500,8875
19555,125,375,5375,1625,1500,9000
19556,0,375,5500,1750,1500,9125
19557,125,375,5375,1625,1500,9000
19558,125,375,5500,1625,1500,9125
19559,125,375,5500,1750,1625,9375
19560,0,375,5375,1625,1375,8750
19561,125,375,5250,1625,1500,8875
19562,125,375,5375,1625,1500,9000
19563,125,375,5375,1750,1500,9125
19564,125,375,5250,1750,1500,9000
19565,125,375,5250,1625,1500,8875
19566,125,375,5500,1750,1500,9250
19567,125,500,5500,1625,1500,9250
19568,125,375,5500,1625,1500,9125
19569,125,375,5250,1625,1500,8875
19570,125,375,5500,1625,1500,9125
19571,125,375,5375,1625,1375,8875
19572,125,375,5375,1750,1625,9250
19573,125,375,5375,1750,1625,9250
19574,0,375,5375,1750,1500,9000
19575,125,375,5375,1625,1500,9000
19576,125,375,5375,1625,1500,9000
19577,125,375,5500,1750,1500,9250
19578,125,375,5375,1750,1625,9250
19579,125,375,5375,1625,1500,9000
19580,125,375,5250,1625,1500,8875
19581,125,375,5375,1750,1625,9250
19582,125,500,5375,1750,1500,9250
19583,125,375,5500,1750,1500,9250
19584,125,375,5250,1625,1500,8875
19585,125,375,5375,1750,1500,9125
19586,0,375,5500,1750,1625,9250
19587,125,375,5250,1625,1500,8875
19588,125,375,5500,1750,1500,9250
19589,125,375,5375,1625,1500,9000
19590,125,375,5250,1625,1500,8875
19591,125,375,5375,1625,1500,9000
19592,125,375,5500,1750,1500,9250
19593,0,375,5500,1625,1500,9000
19594,125,500,5375,1750,1500,9250
19595,125,375,5375,1625,1500,9000
19596,125,375,5375,1750,1500,9125
19597,0,375,5500,1750,1625,9250
19598,125,375,5375,1750,1625,9250
19599,125,375,5375,1750,1625,9250
19600,125,375,5375,1625,1500,9000
19601,125,375,5375,1625,1500,9000
19602,125,375,5375,1750,1625,9250
19603,125,500,5375,1625,1500,9125
19604,0,375,5500,1750,1500,9125
19605,125,375,5250,1625,1375,8750
19606,125,375,5375,1750,1625,9250
19607,125,375,5375,1625,1500,9000
19608,125,500,5375,1750,1500,9250
19609,125,375,5375,1625,1500,9000
19610,125,375,5250,1625,1500,8875
19611,125,375,5250,1625,1500,8875
19612,125,375,5375,1750,1625,9250
19613,125,375,5250,1750,1500,9000
19614,125,500,5375,1625,1500,9125
19615,125,375,5375,1750,1500,9125
19616,125,375,5375,1750,1500,9125
19617,125,375,5375,1750,1500,9125
19618,125,375,5375,1750,1500,9125
19619,125,375,5375,1750,1500,9125
19620,125,375,5375,1750,1625,9250
19621,125,375,5375,1750,1500,9125
19622,125,375,5375,1750,1500,9125
19623,125,375,5250,1625,1500,8875
19624,125,375,5500,1750,1625,9375
19625,0,375,5375,1625,1500,8875
19626,125,375,5375,1625,1500,9000
19627,125,375,5375,1625,1500,9000
19628,125,375,5375,1750,1500,9125
19629,125,500,5500,1750,1500,9375
19630,125,375,5375,1625,1375,8875
19631,125,500,5875,1750,11375,19625
19632,0,375,6250,1750,1625,10000
19633,125,375,5500,1625,1500,9125
19634,125,375,5500,1750,1500,9250
19635,125,375,5625,1625,1625,9375
19636,125,375,5375,1625,1500,9000
19637,125,375,5250,1625,1500,8875
19638,125,375,5500,1750,1500,9250
19639,125,375,5250,1625,1500,8875
19640,0,375,5375,1625,1500,8875
19641,125,500,5375,1750,1500,9250
19642,125,375,5375,1750,1500,9125
19643,0,375,5250,1625,1500,8750
19644,125,375,5375,1625,1500,9000
19645,0,375,5375,1625,1500,8875
19646,125,375,5375,1625,1500,9000
19647,125,375,5500,1625,1625,9250
19648,125,375,5375,1625,1500,9000
19649,0,375,5375,1625,1500,8875
19650,125,375,5375,1625,1500,9000
19651,125,375,5375,1625,1625,9125
19652,125,375,5375,1625,1500,9000
19653,125,375,5250,1625,1625,9000
19654,125,375,5250,1625,1625,9000
19655,125,375,5375,1750,1625,9250
19656,125,375,5250,1625,1500,8875
19657,125,375,5375,1750,1625,9250
19658,125,500,5375,1625,1500,9125
19659,0,375,5375,1750,1500,9000
19660,125,375,5500,1625,1500,9125
19661,125,375,5250,1625,1500,8875
19662,125,375,5375,1750,1500,9125
19663,125,375,5375,1750,1500,9125
19664,125,375,5375,1625,1375,8875
19665,125,375,5250,1750,1500,9000
19666,125,375,5250,1750,1500,9000
19667,0,375,5375,1625,1500,8875
19668,125,375,5375,1625,1500,9000
19669,125,375,5375,1625,1500,9000
19670,125,375,5250,1625,1500,8875
19671,125,375,5375,1625,1500,9000
19672,125,375,5375,1750,1500,9125
19673,125,375,5375,1625,1500,9000
19674,125,375,5375,1750,1500,9125
19675,125,375,5375,1625,1500,9000
19676,0,375,5375,1625,1625,9000
19677,125,375,5375,1625,1625,9125
19678,125,375,5250,1625,1625,9000
19679,125,375,5375,1625,1500,9000
19680,125,375,5250,1625,1500,8875
19681,125,375,5250,1750,1625,9125
19682,125,375,5250,1625,1500,8875
19683,125,375,5375,1750,1500,9125
19684,125,375,5375,1750,1625,9250
19685,125,375,5375,1625,1500,9000
19686,125,375,5375,1625,1500,9000
19687,125,375,5500,1625,1500,9125
19688,125,375,5250,1750,1500,9000
19689,0,375,5250,1625,1500,8750
19690,125,375,5250,1625,1500,8875
19691,125,375,5375,1625,1500,9000
19692,125,375,5375,1625,1500,9000
19693,125,500,5375,1625,1500,9125
19694,125,375,5375,1750,1500,9125
19695,125,375,5500,1625,1500,9125
19696,125,375,5375,1625,1500,9000
19697,125,375,5375,1750,1500,9125
19698,0,375,5375,1625,1500,8875
19699,125,375,5375,1750,1500,9125
19700,0,375,5500,1625,1500,9000
19701,125,375,5375,1625,1500,9000
19702,125,500,5375,1750,1500,9250
19703,125,375,5250,1750,1500,9000
19704,125,500,5375,1750,1625,9375
19705,125,375,5250,1750,1500,9000
19706,0,375,5500,1625,1500,9000
19707,125,375,5500,1625,1500,9125
19708,0,375,5250,1750,1500,8875
19709,125,375,5375,1750,1500,9125
19710,125,500,5375,1625,1500,9125
19711,125,375,5250,1750,1625,9125
19712,125,375,5250,1750,1500,9000
19713,125,375,5375,1625,1500,9000
19714,0,375,5375,1625,1625,9000
19715,125,375,5375,1625,1500,9000
19716,0,375,5375,1625,1500,8875
19717,125,375,5375,1625,1500,9000
19718,125,375,5375,1625,1500,9000
19719,0,375,5375,1750,1625,9125
19720,125,375,5375,1750,1500,9125
19721,125,375,5250,1750,1500,9000
19722,125,375,5375,1750,1500,9125
19723,125,375,5375,1750,1500,9125
19724,125,375,5375,1625,1500,9000
19725,125,375,5375,1625,1500,9000
19726,125,375,5375,1750,1500,9125
19727,125,375,5375,1625,1500,9000
19728,0,375,5375,1625,1500,8875
19729,125,375,5250,1750,1500,9000
19730,0,375,5375,1625,1625,9000
19731,0,375,5375,1750,1625,9125
19732,0,375,5375,1750,1500,9000
19733,125,375,5375,1625,1625,9125
19734,125,375,5250,1750,1500,9000
19735,0,375,5500,1625,1500,9000
19736,125,375,5375,1750,1625,9250
19737,125,375,5250,1750,1500,9000
19738,125,375,5375,1750,1625,9250
19739,125,375,5375,1625,1625,9125
19740,125,500,5375,1750,1625,9375
19741,125,375,5375,1750,1500,9125
19742,0,375,5375,1625,1500,8875
19743,125,500,5375,1750,1500,9250
19744,125,375,5375,1750,1500,9125
19745,125,375,5500,1750,1375,9125
19746,125,375,5500,1750,1500,9250
19747,0,375,5375,1750,1625,9125
19748,125,375,5500,1625,1500,9125
19749,125,375,5500,1625,1500,9125
19750,0,375,5375,1625,1625,9000
19751,125,375,5250,1625,1500,8875
19752,125,500,5250,1625,1500,9000
19753,0,375,6000,1875,1500,9750
19754,125,375,5375,1750,1500,9125
19755,125,375,5375,1625,1625,9125
19756,125,375,5250,1750,1625,9125
19757,125,375,5375,1625,1500,9000
19758,125,375,5250,1750,1625,9125
19759,125,375,5375,1750,1500,9125
19760,0,375,5500,1750,1500,9125
19761,125,375,5375,1625,1500,9000
19762,125,375,5375,1625,1500,9000
19763,0,375,5500,1625,1500,9000
19764,125,375,5375,1625,1500,9000
19765,0,375,5250,1750,1500,8875
19766,125,375,5375,1625,1500,9000
19767,125,375,5250,1625,1500,8875
19768,125,375,5375,1750,1625,9250
19769,125,375,5375,1750,1500,9125
19770,125,500,5375,1750,1500,9250
19771,125,500,5375,1750,1625,9375
19772,125,375,5125,1625,1500,8750
19773,125,500,5375,1625,1500,9125
19774,125,375,5375,1625,1625,9125
19775,0,375,5375,1625,1500,8875
19776,0,375,5250,1750,1625,9000
19777,125,375,5375,1750,1625,9250
19778,125,375,5250,1625,1500,8875
19779,125,375,5250,1750,1625,9125
19780,0,375,5375,1750,1500,9000
19781,125,375,5375,1625,1500,9000
19782,125,375,5250,1750,1500,9000
19783,125,375,5375,1625,1500,9000
19784,125,500,5375,1625,1500,9125
19785,125,375,5375,1625,1625,9125
19786,125,500,5375,1750,1500,9250
19787,0,375,5500,1625,1500,9000
19788,125,375,5375,1750,1500,9125
19789,125,375,5375,1625,1375,8875
19790,125,375,5375,1625,1500,9000
19791,0,375,5375,1750,1500,9000
19792,0,375,5375,1750,1500,9000
19793,125,375,5375,1625,1625,9125
19794,125,375,5250,1625,1500,8875
19795,125,375,5375,1750,1625,9250
19796,125,375,5375,1750,1500,9125
19797,125,375,5375,1750,1500,9125
19798,125,375,5375,1625,1500,9000
19799,0,375,5375,1750,1500,9000
19800,125,375,5375,1750,1500,9125
19801,125,375,5375,1625,1500,9000
19802,0,375,5500,1625,1500,9000
19803,125,500,5375,1625,1500,9125
19804,125,375,5500,1625,1500,9125
19805,125,375,5250,1625,1500,8875
19806,125,375,5375,1625,1500,9000
19807,125,375,5250,1625,1500,8875
19808,125,375,5250,1625,1625,9000
19809,125,375,5500,1750,1500,9250
19810,125,375,5375,1625,1500,9000
19811,125,375,5375,1750,1500,9125
19812,125,375,5250,1625,1500,8875
19813,125,375,5375,1625,1500,9000
19814,125,375,5375,1750,1500,9125
19815,125,375,5375,1625,1500,9000
19816,125,375,5375,1625,1500,9000
19817,125,375,5375,1750,1625,9250
19818,125,375,5250,1625,1500,8875
19819,125,375,5375,1625,1500,9000
19820,125,375,5250,1625,1500,8875
19821,125,375,5375,1625,1500,9000
19822,125,375,5375,1500,1500,8875
19823,125,375,5250,1625,1500,8875
19824,125,375,5375,1750,1500,9125
19825,125,375,5250,1750,1500,9000
19826,125,375,5375,1750,1625,9250
19827,125,500,5375,1750,1500,9250
19828,125,375,5250,1625,1625,9000
19829,125,375,5250,1625,1500,8875
19830,125,375,5250,1750,1500,9000
19831,125,500,5250,1625,1500,9000
19832,125,500,5250,1625,1500,9000
19833,125,375,5375,1625,1500,9000
19834,125,500,5375,1625,1500,9125
19835,0,375,5250,1625,1500,8750
19836,125,375,5250,1625,1500,8875
19837,125,375,5375,1625,1500,9000
19838,125,375,5250,1625,1500,8875
19839,125,375,5375,1625,1500,9000
19840,125,375,5125,1625,1500,8750
19841,125,375,5375,1625,1500,9000
19842,125,375,5375,1625,1500,9000
19843,0,375,5375,1625,1500,8875
19844,125,375,5375,1750,1500,9125
19845,125,375,5375,1625,1500,9000
19846,125,375,5250,1625,1500,8875
19847,125,375,5375,1750,1500,9125
19848,125,375,5250,1625,1500,8875
19849,125,375,5375,1625,1500,9000
19850,125,375,5375,1625,1500,9000
19851,125,375,5250,1750,1500,9000
19852,125,375,5375,1625,1500,9000
19853,125,375,5375,1750,1625,9250
19854,125,375,5250,1625,1500,8875
19855,125,375,5375,1625,1500,9000
19856,125,375,5375,1750,1500,9125
19857,125,375,5375,1625,1500,9000
19858,125,500,5375,1750,1500,9250
19859,125,375,5375,1750,1500,9125
19860,125,375,5375,1625,1500,9000
19861,125,375,5375,1750,1500,9125
19862,125,375,5250,1625,1500,8875
19863,125,375,5375,1625,1500,9000
19864,125,500,5375,1750,1625,9375
19865,125,375,5250,1625,1500,8875
19866,125,375,5375,1750,1500,9125
19867,125,375,5375,1750,1625,9250
19868,125,375,5250,1625,1500,8875
19869,0,375,5500,1750,1625,9250
19870,125,375,5250,1625,1500,8875
19871,125,375,5375,1625,1500,9000
19872,125,375,5250,1750,1500,9000
19873,125,375,5375,1625,1500,9000
19874,125,500,5375,1625,1500,9125
19875,125,375,5750,1750,1625,9625
19876,0,375,5500,1625,1500,9000
19877,125,375,5500,1625,1500,9125
19878,125,500,5500,1750,1500,9375
19879,125,500,5375,1625,1500,9125
19880,125,375,5375,1625,1500,9000
19881,125,375,5375,1625,1500,9000
19882,125,375,5375,1750,1500,9125
19883,0,375,5375,1750,1500,9000
19884,125,375,5250,1750,1625,9125
19885,0,375,5375,1750,1500,9000
19886,125,500,5375,1625,1500,9125
19887,125,375,5375,1625,1625,9125
19888,125,375,5250,1625,1500,8875
19889,125,375,5250,1750,1500,9000
19890,0,375,5375,1625,1500,8875
19891,125,375,5500,1750,1500,9250
19892,125,375,5375,1750,1500,9125
19893,125,375,5250,1625,1500,8875
19894,125,500,5250,1625,1500,9000
19895,125,375,5375,1625,1500,9000
19896,0,375,5375,1625,1625,9000
19897,125,375,5250,1625,1500,8875
19898,125,500,5250,1625,1500,9000
19899,125,375,5250,1625,1500,8875
19900,125,375,5375,1750,1500,9125
19901,0,375,5375,1625,1625,9000
19902,125,375,5375,1625,1500,9000
19903,125,375,5375,1750,1500,9125
19904,125,375,5500,1750,1500,9250
19905,125,375,5250,1625,1500,8875
19906,125,375,5375,1625,1500,9000
19907,125,375,5250,1625,1500,8875
19908,125,375,5500,1625,1500,9125
19909,125,375,5250,1625,1500,8875
19910,125,375,5500,1625,1500,9125
19911,125,375,5375,1625,1500,9000
19912,125,375,5250,1625,1500,8875
19913,125,375,5250,1625,1625,9000
19914,125,500,5375,1750,1500,9250
19915,0,375,5375,1625,1500,8875
19916,125,375,5250,1625,1500,8875
19917,125,375,5250,1625,1500,8875
19918,125,375,5375,1625,1625,9125
19919,125,375,5500,1625,1500,9125
19920,125,375,5375,1750,1500,9125
19921,125,375,5375,1625,1500,9000
19922,125,375,5375,1750,1500,9125
19923,125,375,5375,1625,1500,9000
19924,125,375,5375,1625,1500,9000
19925,125,375,5375,1625,1500,9000
19926,125,375,5250,1625,1500,8875
19927,125,375,5375,1625,1500,9000
19928,125,375,5375,1750,1500,9125
19929,125,375,5375,1750,1500,9125
19930,125,375,5250,1625,1500,8875
19931,125,375,5375,1625,1500,9000
19932,125,375,5250,1625,1500,8875
19933,125,375,5375,1750,1500,9125
19934,0,375,5250,1750,1500,8875
19935,0,375,5375,1625,1500,8875
19936,125,375,5250,1625,1500,8875
19937,125,375,5375,1750,1500,9125
19938,0,375,5500,1625,1500,9000
19939,125,375,5250,1625,1500,8875
19940,0,375,5375,1625,1500,8875
19941,125,375,5375,1750,1500,9125
19942,125,375,5500,1750,1500,9250
19943,0,375,5500,1625,1500,9000
19944,125,375,5250,1625,1500,8875
19945,125,375,5250,1625,1500,8875
19946,0,375,5375,1750,1500,9000
19947,0,375,5375,1750,1500,9000
19948,0,375,5375,1625,1500,8875
19949,125,375,5250,1625,1500,8875
19950,125,375,5375,1750,1625,9250
19951,125,500,5375,1750,1500,9250
19952,125,375,5250,1750,1500,9000
19953,0,375,5375,1750,1500,9000
19954,125,375,5375,1750,1500,9125
19955,0,375,5250,1625,1500,8750
19956,125,375,5375,1750,1625,9250
19957,125,375,5375,1750,1500,9125
19958,0,375,5375,1625,1500,8875
19959,125,375,5375,1625,1625,9125
19960,125,375,5250,1625,1625,9000
19961,125,375,5375,1750,1500,9125
19962,125,375,5250,1625,1500,8875
19963,125,375,5375,1750,1625,9250
19964,125,375,5250,1750,1625,9125
19965,125,375,5250,1625,1625,9000
19966,125,375,5375,1625,1625,9125
19967,125,375,5375,1625,1500,9000
19968,125,375,5250,1625,1500,8875
19969,0,375,5375,1625,1500,8875
19970,125,375,5375,1750,1500,9125
19971,125,375,5375,1750,1625,9250
19972,125,375,5250,1625,1500,8875
19973,125,500,5500,1625,1500,9250
19974,125,375,5250,1625,1500,8875
19975,125,375,5250,1625,11250,18625
19976,125,500,6125,1875,1625,10250
19977,125,375,5625,1625,1500,9250
19978,125,375,5375,1625,1500,9000
19979,125,375,5500,1750,1625,9375
19980,125,375,5250,1750,1500,9000
19981,125,375,5375,1625,1500,9000
19982,125,500,5375,1625,1500,9125
19983,125,375,5250,1625,1500,8875
19984,125,375,5250,1625,1500,8875
19985,125,375,5375,1750,1500,9125
19986,125,375,5375,1625,1500,9000
19987,125,375,5500,1750,1500,9250
19988,125,500,5375,1750,1500,9250
19989,125,375,5375,1625,1500,9000
19990,125,375,5375,1750,1625,9250
19991,125,375,5250,1750,1625,9125
19992,125,375,5250,1625,1500,8875
19993,125,500,5500,1625,1500,9250
19994,125,375,5500,1625,1500,9125
19995,125,375,5375,1625,1500,9000
19996,125,500,6000,1875,1625,10125
19997,125,375,5625,1750,1500,9375
19998,125,375,5375,1750,1500,9125
19999,125,375,5500,1625,1500,9125
