victim,mix_name,attackers,base_med,bg_med,sd_med,sd_avg
adpcm_dec,SOLO3_CACHE,"CACHE CACHE CACHE",315521.00,315326.50,0.9994,0.9936
adpcm_dec,SOLO3_BUS,"BUS BUS BUS",315521.00,314632.00,0.9972,1.0158
adpcm_dec,SOLO3_MEM,"MEM MEM MEM",315521.00,324233.00,1.0276,1.1051
adpcm_dec,SOLO3_POINTER,"POINTER POINTER POINTER",315521.00,320718.00,1.0165,1.0117
adpcm_dec,SOLO3_PIPELINE,"PIPELINE PIPELINE PIPELINE",315521.00,314644.50,0.9972,0.9850
adpcm_dec,SOLO3_MTH_CACHE,"MTH_CACHE MTH_CACHE MTH_CACHE",315521.00,329216.00,1.0434,1.0274
adpcm_dec,SOLO3_MTH_BUS,"MTH_BUS MTH_BUS MTH_BUS",315521.00,315015.00,0.9984,0.9952
adpcm_dec,SOLO3_MTH_MEM,"MTH_MEM MTH_MEM MTH_MEM",315521.00,319160.00,1.0115,1.0814
adpcm_dec,SOLO3_MTH_POINTER,"MTH_POINTER MTH_POINTER MTH_POINTER",315521.00,318609.50,1.0098,0.9967
adpcm_dec,SOLO3_MTH_PIPELINE,"MTH_PIPELINE MTH_PIPELINE MTH_PIPELINE",315521.00,315210.00,0.9990,0.9873
adpcm_dec,SOLO3_MTH_SYSCALLS,"MTH_SYSCALLS MTH_SYSCALLS MTH_SYSCALLS",315521.00,320825.50,1.0168,1.0164
adpcm_dec,SOLO3_PR_CACHE,"PR_CACHE PR_CACHE PR_CACHE",315521.00,328466.50,1.0410,1.0638
adpcm_dec,SOLO3_PR_MEMBUS,"PR_MEMBUS PR_MEMBUS PR_MEMBUS",315521.00,318049.00,1.0080,0.9947
adpcm_dec,SOLO3_PR_ROWBUF,"PR_ROWBUF PR_ROWBUF PR_ROWBUF",315521.00,342248.00,1.0847,1.0526
adpcm_dec,SOLO3_PR_POINTER,"PR_POINTER PR_POINTER PR_POINTER",315521.00,318576.00,1.0097,0.9972
adpcm_dec,SOLO3_PR_TLB,"PR_TLB PR_TLB PR_TLB",315521.00,325769.50,1.0325,1.0226
adpcm_dec,SOLO3_PR_DISKIO,"PR_DISKIO PR_DISKIO PR_DISKIO",315521.00,330225.00,1.0466,1.0304
adpcm_dec,SOLO3_PR_FILESYS,"PR_FILESYS PR_FILESYS PR_FILESYS",315521.00,318239.50,1.0086,1.0098
adpcm_dec,SOLO3_PR_NET,"PR_NET PR_NET PR_NET",315521.00,316504.50,1.0031,0.9996
adpcm_dec,SOLO3_PR_SPAWN,"PR_SPAWN PR_SPAWN PR_SPAWN",315521.00,322373.50,1.0217,1.0221
adpcm_dec,MIX_TOP1x3,"PR_ROWBUF PR_ROWBUF PR_ROWBUF",315521.00,317183.00,1.0053,1.0076
adpcm_dec,MIX_TOP1_TOP2_TOP3,"PR_ROWBUF PR_DISKIO MTH_CACHE",315521.00,317739.50,1.0070,1.0004
adpcm_dec,MIX_TOP1x2_TOP2,"PR_ROWBUF PR_ROWBUF PR_DISKIO",315521.00,315497.00,0.9999,0.9912
adpcm_dec,MIX_TOP2x3,"PR_DISKIO PR_DISKIO PR_DISKIO",315521.00,319204.00,1.0117,1.0024
adpcm_dec,MIX_TOP1_TOP3x2,"PR_ROWBUF MTH_CACHE MTH_CACHE",315521.00,314553.00,0.9969,0.9880
adpcm_enc,SOLO3_CACHE,"CACHE CACHE CACHE",307052.50,309861.00,1.0091,1.0175
adpcm_enc,SOLO3_BUS,"BUS BUS BUS",307052.50,337318.00,1.0986,1.1012
adpcm_enc,SOLO3_MEM,"MEM MEM MEM",307052.50,315808.00,1.0285,1.1242
adpcm_enc,SOLO3_POINTER,"POINTER POINTER POINTER",307052.50,327837.00,1.0677,1.0606
adpcm_enc,SOLO3_PIPELINE,"PIPELINE PIPELINE PIPELINE",307052.50,308535.00,1.0048,1.0012
adpcm_enc,SOLO3_MTH_CACHE,"MTH_CACHE MTH_CACHE MTH_CACHE",307052.50,309316.50,1.0074,1.0107
adpcm_enc,SOLO3_MTH_BUS,"MTH_BUS MTH_BUS MTH_BUS",307052.50,309821.50,1.0090,1.0021
adpcm_enc,SOLO3_MTH_MEM,"MTH_MEM MTH_MEM MTH_MEM",307052.50,311469.00,1.0144,1.0687
adpcm_enc,SOLO3_MTH_POINTER,"MTH_POINTER MTH_POINTER MTH_POINTER",307052.50,313266.00,1.0202,1.0080
adpcm_enc,SOLO3_MTH_PIPELINE,"MTH_PIPELINE MTH_PIPELINE MTH_PIPELINE",307052.50,307750.00,1.0023,0.9943
adpcm_enc,SOLO3_MTH_SYSCALLS,"MTH_SYSCALLS MTH_SYSCALLS MTH_SYSCALLS",307052.50,309089.00,1.0066,0.9982
adpcm_enc,SOLO3_PR_CACHE,"PR_CACHE PR_CACHE PR_CACHE",307052.50,309277.50,1.0072,1.0289
adpcm_enc,SOLO3_PR_MEMBUS,"PR_MEMBUS PR_MEMBUS PR_MEMBUS",307052.50,309299.50,1.0073,1.0006
adpcm_enc,SOLO3_PR_ROWBUF,"PR_ROWBUF PR_ROWBUF PR_ROWBUF",307052.50,308729.50,1.0055,1.0150
adpcm_enc,SOLO3_PR_POINTER,"PR_POINTER PR_POINTER PR_POINTER",307052.50,309634.50,1.0084,1.0026
adpcm_enc,SOLO3_PR_TLB,"PR_TLB PR_TLB PR_TLB",307052.50,329716.00,1.0738,1.0594
adpcm_enc,SOLO3_PR_DISKIO,"PR_DISKIO PR_DISKIO PR_DISKIO",307052.50,314797.00,1.0252,1.0187
adpcm_enc,SOLO3_PR_FILESYS,"PR_FILESYS PR_FILESYS PR_FILESYS",307052.50,310577.50,1.0115,1.0041
adpcm_enc,SOLO3_PR_NET,"PR_NET PR_NET PR_NET",307052.50,307728.50,1.0022,0.9960
adpcm_enc,SOLO3_PR_SPAWN,"PR_SPAWN PR_SPAWN PR_SPAWN",307052.50,335248.00,1.0918,1.0782
adpcm_enc,MIX_TOP1x3,"BUS BUS BUS",307052.50,315393.50,1.0272,1.0335
adpcm_enc,MIX_TOP1_TOP2_TOP3,"BUS PR_SPAWN PR_TLB",307052.50,339060.50,1.1042,1.0891
adpcm_enc,MIX_TOP1x2_TOP2,"BUS BUS PR_SPAWN",307052.50,343027.00,1.1172,1.0944
adpcm_enc,MIX_TOP2x3,"PR_SPAWN PR_SPAWN PR_SPAWN",307052.50,339389.00,1.1053,1.0790
adpcm_enc,MIX_TOP1_TOP3x2,"BUS PR_TLB PR_TLB",307052.50,313678.50,1.0216,1.0118
ammunition,SOLO3_CACHE,"CACHE CACHE CACHE",228853644.00,229932699.00,1.0047,1.0047
ammunition,SOLO3_BUS,"BUS BUS BUS",228853644.00,229317837.00,1.0020,1.0021
ammunition,SOLO3_MEM,"MEM MEM MEM",228853644.00,230687294.50,1.0080,1.0104
ammunition,SOLO3_POINTER,"POINTER POINTER POINTER",228853644.00,230230448.00,1.0060,1.0050
ammunition,SOLO3_PIPELINE,"PIPELINE PIPELINE PIPELINE",228853644.00,229279689.00,1.0019,1.0016
ammunition,SOLO3_MTH_CACHE,"MTH_CACHE MTH_CACHE MTH_CACHE",228853644.00,229193899.50,1.0015,1.0017
ammunition,SOLO3_MTH_BUS,"MTH_BUS MTH_BUS MTH_BUS",228853644.00,230086205.00,1.0054,1.0055
ammunition,SOLO3_MTH_MEM,"MTH_MEM MTH_MEM MTH_MEM",228853644.00,231088672.00,1.0098,1.0114
ammunition,SOLO3_MTH_POINTER,"MTH_POINTER MTH_POINTER MTH_POINTER",228853644.00,229285296.00,1.0019,1.0017
ammunition,SOLO3_MTH_PIPELINE,"MTH_PIPELINE MTH_PIPELINE MTH_PIPELINE",228853644.00,229420903.00,1.0025,1.0023
ammunition,SOLO3_MTH_SYSCALLS,"MTH_SYSCALLS MTH_SYSCALLS MTH_SYSCALLS",228853644.00,229238631.00,1.0017,1.0016
ammunition,SOLO3_PR_CACHE,"PR_CACHE PR_CACHE PR_CACHE",228853644.00,230501257.50,1.0072,1.0065
ammunition,SOLO3_PR_MEMBUS,"PR_MEMBUS PR_MEMBUS PR_MEMBUS",228853644.00,229248436.00,1.0017,1.0020
ammunition,SOLO3_PR_ROWBUF,"PR_ROWBUF PR_ROWBUF PR_ROWBUF",228853644.00,229647678.50,1.0035,1.0034
ammunition,SOLO3_PR_POINTER,"PR_POINTER PR_POINTER PR_POINTER",228853644.00,229199916.00,1.0015,1.0015
ammunition,SOLO3_PR_TLB,"PR_TLB PR_TLB PR_TLB",228853644.00,230445726.00,1.0070,1.0070
ammunition,SOLO3_PR_DISKIO,"PR_DISKIO PR_DISKIO PR_DISKIO",228853644.00,229351302.00,1.0022,1.0020
ammunition,SOLO3_PR_FILESYS,"PR_FILESYS PR_FILESYS PR_FILESYS",228853644.00,229451063.00,1.0026,1.0026
ammunition,SOLO3_PR_NET,"PR_NET PR_NET PR_NET",228853644.00,229452991.00,1.0026,1.0026
ammunition,SOLO3_PR_SPAWN,"PR_SPAWN PR_SPAWN PR_SPAWN",228853644.00,229955595.50,1.0048,1.0047
ammunition,MIX_TOP1x3,"MTH_MEM MTH_MEM MTH_MEM",228853644.00,230599850.50,1.0076,1.0077
ammunition,MIX_TOP1_TOP2_TOP3,"MTH_MEM MEM PR_CACHE",228853644.00,231588373.00,1.0119,1.0125
ammunition,MIX_TOP1x2_TOP2,"MTH_MEM MTH_MEM MEM",228853644.00,231717705.50,1.0125,1.0130
ammunition,MIX_TOP2x3,"MEM MEM MEM",228853644.00,231421690.00,1.0112,1.0109
ammunition,MIX_TOP1_TOP3x2,"MTH_MEM PR_CACHE PR_CACHE",228853644.00,231377147.00,1.0110,1.0112
anagram,SOLO3_CACHE,"CACHE CACHE CACHE",0,0,0,0
anagram,SOLO3_BUS,"BUS BUS BUS",0,0,0,0
anagram,SOLO3_MEM,"MEM MEM MEM",0,0,0,0
anagram,SOLO3_POINTER,"POINTER POINTER POINTER",0,0,0,0
anagram,SOLO3_PIPELINE,"PIPELINE PIPELINE PIPELINE",0,0,0,0
anagram,SOLO3_MTH_CACHE,"MTH_CACHE MTH_CACHE MTH_CACHE",0,0,0,0
anagram,SOLO3_MTH_BUS,"MTH_BUS MTH_BUS MTH_BUS",0,0,0,0
anagram,SOLO3_MTH_MEM,"MTH_MEM MTH_MEM MTH_MEM",0,0,0,0
anagram,SOLO3_MTH_POINTER,"MTH_POINTER MTH_POINTER MTH_POINTER",0,0,0,0
anagram,SOLO3_MTH_PIPELINE,"MTH_PIPELINE MTH_PIPELINE MTH_PIPELINE",0,0,0,0
anagram,SOLO3_MTH_SYSCALLS,"MTH_SYSCALLS MTH_SYSCALLS MTH_SYSCALLS",0,0,0,0
anagram,SOLO3_PR_CACHE,"PR_CACHE PR_CACHE PR_CACHE",0,0,0,0
anagram,SOLO3_PR_MEMBUS,"PR_MEMBUS PR_MEMBUS PR_MEMBUS",0,0,0,0
anagram,SOLO3_PR_ROWBUF,"PR_ROWBUF PR_ROWBUF PR_ROWBUF",0,0,0,0
anagram,SOLO3_PR_POINTER,"PR_POINTER PR_POINTER PR_POINTER",0,0,0,0
anagram,SOLO3_PR_TLB,"PR_TLB PR_TLB PR_TLB",0,0,0,0
anagram,SOLO3_PR_DISKIO,"PR_DISKIO PR_DISKIO PR_DISKIO",0,0,0,0
anagram,SOLO3_PR_FILESYS,"PR_FILESYS PR_FILESYS PR_FILESYS",0,0,0,0
anagram,SOLO3_PR_NET,"PR_NET PR_NET PR_NET",0,0,0,0
anagram,SOLO3_PR_SPAWN,"PR_SPAWN PR_SPAWN PR_SPAWN",0,0,0,0
anagram,MIX_TOP1x3,"BUS BUS BUS",0,0,0,0
anagram,MIX_TOP1_TOP2_TOP3,"BUS CACHE MEM",0,0,0,0
anagram,MIX_TOP1x2_TOP2,"BUS BUS CACHE",0,0,0,0
anagram,MIX_TOP2x3,"CACHE CACHE CACHE",0,0,0,0
anagram,MIX_TOP1_TOP3x2,"BUS MEM MEM",0,0,0,0
audiobeam,SOLO3_CACHE,"CACHE CACHE CACHE",0,0,0,0
audiobeam,SOLO3_BUS,"BUS BUS BUS",0,0,0,0
audiobeam,SOLO3_MEM,"MEM MEM MEM",0,0,0,0
audiobeam,SOLO3_POINTER,"POINTER POINTER POINTER",0,0,0,0
audiobeam,SOLO3_PIPELINE,"PIPELINE PIPELINE PIPELINE",0,0,0,0
audiobeam,SOLO3_MTH_CACHE,"MTH_CACHE MTH_CACHE MTH_CACHE",0,0,0,0
audiobeam,SOLO3_MTH_BUS,"MTH_BUS MTH_BUS MTH_BUS",0,0,0,0
audiobeam,SOLO3_MTH_MEM,"MTH_MEM MTH_MEM MTH_MEM",0,0,0,0
audiobeam,SOLO3_MTH_POINTER,"MTH_POINTER MTH_POINTER MTH_POINTER",0,0,0,0
audiobeam,SOLO3_MTH_PIPELINE,"MTH_PIPELINE MTH_PIPELINE MTH_PIPELINE",0,0,0,0
audiobeam,SOLO3_MTH_SYSCALLS,"MTH_SYSCALLS MTH_SYSCALLS MTH_SYSCALLS",0,0,0,0
audiobeam,SOLO3_PR_CACHE,"PR_CACHE PR_CACHE PR_CACHE",0,0,0,0
audiobeam,SOLO3_PR_MEMBUS,"PR_MEMBUS PR_MEMBUS PR_MEMBUS",0,0,0,0
audiobeam,SOLO3_PR_ROWBUF,"PR_ROWBUF PR_ROWBUF PR_ROWBUF",0,0,0,0
audiobeam,SOLO3_PR_POINTER,"PR_POINTER PR_POINTER PR_POINTER",0,0,0,0
audiobeam,SOLO3_PR_TLB,"PR_TLB PR_TLB PR_TLB",0,0,0,0
audiobeam,SOLO3_PR_DISKIO,"PR_DISKIO PR_DISKIO PR_DISKIO",0,0,0,0
audiobeam,SOLO3_PR_FILESYS,"PR_FILESYS PR_FILESYS PR_FILESYS",0,0,0,0
audiobeam,SOLO3_PR_NET,"PR_NET PR_NET PR_NET",0,0,0,0
audiobeam,SOLO3_PR_SPAWN,"PR_SPAWN PR_SPAWN PR_SPAWN",0,0,0,0
audiobeam,MIX_TOP1x3,"BUS BUS BUS",0,0,0,0
audiobeam,MIX_TOP1_TOP2_TOP3,"BUS CACHE MEM",0,0,0,0
audiobeam,MIX_TOP1x2_TOP2,"BUS BUS CACHE",0,0,0,0
audiobeam,MIX_TOP2x3,"CACHE CACHE CACHE",0,0,0,0
audiobeam,MIX_TOP1_TOP3x2,"BUS MEM MEM",0,0,0,0
binarysearch,SOLO3_CACHE,"CACHE CACHE CACHE",1870.00,2023.00,1.0818,1.6311
binarysearch,SOLO3_BUS,"BUS BUS BUS",1870.00,1836.00,0.9818,1.0528
binarysearch,SOLO3_MEM,"MEM MEM MEM",1870.00,2078.50,1.1115,3.6364
binarysearch,SOLO3_POINTER,"POINTER POINTER POINTER",1870.00,1815.00,0.9706,1.1798
binarysearch,SOLO3_PIPELINE,"PIPELINE PIPELINE PIPELINE",1870.00,1982.00,1.0599,1.0552
binarysearch,SOLO3_MTH_CACHE,"MTH_CACHE MTH_CACHE MTH_CACHE",1870.00,1993.50,1.0660,1.1780
binarysearch,SOLO3_MTH_BUS,"MTH_BUS MTH_BUS MTH_BUS",1870.00,1975.50,1.0564,1.2622
binarysearch,SOLO3_MTH_MEM,"MTH_MEM MTH_MEM MTH_MEM",1870.00,2133.00,1.1406,2.7645
binarysearch,SOLO3_MTH_POINTER,"MTH_POINTER MTH_POINTER MTH_POINTER",1870.00,1874.00,1.0021,1.0451
binarysearch,SOLO3_MTH_PIPELINE,"MTH_PIPELINE MTH_PIPELINE MTH_PIPELINE",1870.00,1882.50,1.0067,1.2427
binarysearch,SOLO3_MTH_SYSCALLS,"MTH_SYSCALLS MTH_SYSCALLS MTH_SYSCALLS",1870.00,2013.00,1.0765,1.1337
binarysearch,SOLO3_PR_CACHE,"PR_CACHE PR_CACHE PR_CACHE",1870.00,1846.00,0.9872,1.3119
binarysearch,SOLO3_PR_MEMBUS,"PR_MEMBUS PR_MEMBUS PR_MEMBUS",1870.00,2033.00,1.0872,1.0899
binarysearch,SOLO3_PR_ROWBUF,"PR_ROWBUF PR_ROWBUF PR_ROWBUF",1870.00,1840.50,0.9842,1.1056
binarysearch,SOLO3_PR_POINTER,"PR_POINTER PR_POINTER PR_POINTER",1870.00,2226.50,1.1906,1.1553
binarysearch,SOLO3_PR_TLB,"PR_TLB PR_TLB PR_TLB",1870.00,2741.00,1.4658,1.9597
binarysearch,SOLO3_PR_DISKIO,"PR_DISKIO PR_DISKIO PR_DISKIO",1870.00,2189.00,1.1706,1.1136
binarysearch,SOLO3_PR_FILESYS,"PR_FILESYS PR_FILESYS PR_FILESYS",1870.00,2013.50,1.0767,1.1681
binarysearch,SOLO3_PR_NET,"PR_NET PR_NET PR_NET",1870.00,1933.00,1.0337,1.1157
binarysearch,SOLO3_PR_SPAWN,"PR_SPAWN PR_SPAWN PR_SPAWN",1870.00,4302.00,2.3005,1.8378
binarysearch,MIX_TOP1x3,"PR_SPAWN PR_SPAWN PR_SPAWN",1870.00,2276.00,1.2171,1.8706
binarysearch,MIX_TOP1_TOP2_TOP3,"PR_SPAWN PR_TLB PR_POINTER",1870.00,1851.00,0.9898,1.1479
binarysearch,MIX_TOP1x2_TOP2,"PR_SPAWN PR_SPAWN PR_TLB",1870.00,4592.00,2.4556,2.2021
binarysearch,MIX_TOP2x3,"PR_TLB PR_TLB PR_TLB",1870.00,1928.50,1.0313,1.3194
binarysearch,MIX_TOP1_TOP3x2,"PR_SPAWN PR_POINTER PR_POINTER",1870.00,2267.50,1.2126,1.2249
bitcount,SOLO3_CACHE,"CACHE CACHE CACHE",30444.50,30255.50,0.9938,0.9777
bitcount,SOLO3_BUS,"BUS BUS BUS",30444.50,30757.50,1.0103,1.0598
bitcount,SOLO3_MEM,"MEM MEM MEM",30444.50,33511.50,1.1007,1.2690
bitcount,SOLO3_POINTER,"POINTER POINTER POINTER",30444.50,36191.00,1.1888,1.1019
bitcount,SOLO3_PIPELINE,"PIPELINE PIPELINE PIPELINE",30444.50,30304.50,0.9954,0.9507
bitcount,SOLO3_MTH_CACHE,"MTH_CACHE MTH_CACHE MTH_CACHE",30444.50,31232.00,1.0259,1.0616
bitcount,SOLO3_MTH_BUS,"MTH_BUS MTH_BUS MTH_BUS",30444.50,30760.50,1.0104,1.0198
bitcount,SOLO3_MTH_MEM,"MTH_MEM MTH_MEM MTH_MEM",30444.50,35172.50,1.1553,1.3836
bitcount,SOLO3_MTH_POINTER,"MTH_POINTER MTH_POINTER MTH_POINTER",30444.50,33221.00,1.0912,1.0028
bitcount,SOLO3_MTH_PIPELINE,"MTH_PIPELINE MTH_PIPELINE MTH_PIPELINE",30444.50,30271.00,0.9943,0.9455
bitcount,SOLO3_MTH_SYSCALLS,"MTH_SYSCALLS MTH_SYSCALLS MTH_SYSCALLS",30444.50,30314.50,0.9957,0.9547
bitcount,SOLO3_PR_CACHE,"PR_CACHE PR_CACHE PR_CACHE",30444.50,30710.00,1.0087,1.1480
bitcount,SOLO3_PR_MEMBUS,"PR_MEMBUS PR_MEMBUS PR_MEMBUS",30444.50,30316.50,0.9958,0.9381
bitcount,SOLO3_PR_ROWBUF,"PR_ROWBUF PR_ROWBUF PR_ROWBUF",30444.50,30968.50,1.0172,1.0875
bitcount,SOLO3_PR_POINTER,"PR_POINTER PR_POINTER PR_POINTER",30444.50,32373.50,1.0634,1.0242
bitcount,SOLO3_PR_TLB,"PR_TLB PR_TLB PR_TLB",30444.50,31748.00,1.0428,1.0600
bitcount,SOLO3_PR_DISKIO,"PR_DISKIO PR_DISKIO PR_DISKIO",30444.50,32098.00,1.0543,0.9953
bitcount,SOLO3_PR_FILESYS,"PR_FILESYS PR_FILESYS PR_FILESYS",30444.50,30710.50,1.0087,0.9554
bitcount,SOLO3_PR_NET,"PR_NET PR_NET PR_NET",30444.50,30917.50,1.0155,0.9667
bitcount,SOLO3_PR_SPAWN,"PR_SPAWN PR_SPAWN PR_SPAWN",30444.50,38463.50,1.2634,1.1739
bitcount,MIX_TOP1x3,"PR_SPAWN PR_SPAWN PR_SPAWN",30444.50,30596.50,1.0050,0.9694
bitcount,MIX_TOP1_TOP2_TOP3,"PR_SPAWN POINTER MTH_MEM",30444.50,47420.50,1.5576,1.8095
bitcount,MIX_TOP1x2_TOP2,"PR_SPAWN PR_SPAWN POINTER",30444.50,30565.00,1.0040,1.0040
bitcount,MIX_TOP2x3,"POINTER POINTER POINTER",30444.50,30360.00,0.9972,0.9911
bitcount,MIX_TOP1_TOP3x2,"PR_SPAWN MTH_MEM MTH_MEM",30444.50,30404.50,0.9987,1.2331
bitonic,SOLO3_CACHE,"CACHE CACHE CACHE",21871.00,22416.50,1.0249,1.0599
bitonic,SOLO3_BUS,"BUS BUS BUS",21871.00,23490.50,1.0740,1.0853
bitonic,SOLO3_MEM,"MEM MEM MEM",21871.00,23021.50,1.0526,1.1854
bitonic,SOLO3_POINTER,"POINTER POINTER POINTER",21871.00,21870.50,1.0000,1.0015
bitonic,SOLO3_PIPELINE,"PIPELINE PIPELINE PIPELINE",21871.00,22305.00,1.0198,1.0210
bitonic,SOLO3_MTH_CACHE,"MTH_CACHE MTH_CACHE MTH_CACHE",21871.00,21870.50,1.0000,1.0111
bitonic,SOLO3_MTH_BUS,"MTH_BUS MTH_BUS MTH_BUS",21871.00,21794.00,0.9965,1.0261
bitonic,SOLO3_MTH_MEM,"MTH_MEM MTH_MEM MTH_MEM",21871.00,22531.50,1.0302,1.3158
bitonic,SOLO3_MTH_POINTER,"MTH_POINTER MTH_POINTER MTH_POINTER",21871.00,23321.50,1.0663,1.0830
bitonic,SOLO3_MTH_PIPELINE,"MTH_PIPELINE MTH_PIPELINE MTH_PIPELINE",21871.00,21993.50,1.0056,1.0017
bitonic,SOLO3_MTH_SYSCALLS,"MTH_SYSCALLS MTH_SYSCALLS MTH_SYSCALLS",21871.00,21779.50,0.9958,0.9970
bitonic,SOLO3_PR_CACHE,"PR_CACHE PR_CACHE PR_CACHE",21871.00,24252.00,1.1089,1.1484
bitonic,SOLO3_PR_MEMBUS,"PR_MEMBUS PR_MEMBUS PR_MEMBUS",21871.00,22154.50,1.0130,1.0260
bitonic,SOLO3_PR_ROWBUF,"PR_ROWBUF PR_ROWBUF PR_ROWBUF",21871.00,22307.00,1.0199,1.0461
bitonic,SOLO3_PR_POINTER,"PR_POINTER PR_POINTER PR_POINTER",21871.00,22967.50,1.0501,1.0643
bitonic,SOLO3_PR_TLB,"PR_TLB PR_TLB PR_TLB",21871.00,22590.50,1.0329,1.0600
bitonic,SOLO3_PR_DISKIO,"PR_DISKIO PR_DISKIO PR_DISKIO",21871.00,21760.50,0.9949,1.0142
bitonic,SOLO3_PR_FILESYS,"PR_FILESYS PR_FILESYS PR_FILESYS",21871.00,22459.00,1.0269,1.0428
bitonic,SOLO3_PR_NET,"PR_NET PR_NET PR_NET",21871.00,22252.50,1.0174,1.0179
bitonic,SOLO3_PR_SPAWN,"PR_SPAWN PR_SPAWN PR_SPAWN",21871.00,24252.00,1.1089,1.1081
bitonic,MIX_TOP1x3,"PR_CACHE PR_CACHE PR_CACHE",21871.00,26759.00,1.2235,1.2173
bitonic,MIX_TOP1_TOP2_TOP3,"PR_CACHE PR_SPAWN BUS",21871.00,22549.50,1.0310,1.1366
bitonic,MIX_TOP1x2_TOP2,"PR_CACHE PR_CACHE PR_SPAWN",21871.00,23202.00,1.0609,1.1531
bitonic,MIX_TOP2x3,"PR_SPAWN PR_SPAWN PR_SPAWN",21871.00,22023.00,1.0069,1.0137
bitonic,MIX_TOP1_TOP3x2,"PR_CACHE BUS BUS",21871.00,21780.50,0.9959,1.0610
bsort,SOLO3_CACHE,"CACHE CACHE CACHE",358009.00,358900.00,1.0025,1.0005
bsort,SOLO3_BUS,"BUS BUS BUS",358009.00,357529.50,0.9987,0.9972
bsort,SOLO3_MEM,"MEM MEM MEM",358009.00,359071.50,1.0030,1.0131
bsort,SOLO3_POINTER,"POINTER POINTER POINTER",358009.00,359042.50,1.0029,0.9999
bsort,SOLO3_PIPELINE,"PIPELINE PIPELINE PIPELINE",358009.00,357583.50,0.9988,0.9970
bsort,SOLO3_MTH_CACHE,"MTH_CACHE MTH_CACHE MTH_CACHE",358009.00,360537.50,1.0071,1.0014
bsort,SOLO3_MTH_BUS,"MTH_BUS MTH_BUS MTH_BUS",358009.00,358137.50,1.0004,0.9985
bsort,SOLO3_MTH_MEM,"MTH_MEM MTH_MEM MTH_MEM",358009.00,358398.00,1.0011,1.0107
bsort,SOLO3_MTH_POINTER,"MTH_POINTER MTH_POINTER MTH_POINTER",358009.00,358438.50,1.0012,0.9976
bsort,SOLO3_MTH_PIPELINE,"MTH_PIPELINE MTH_PIPELINE MTH_PIPELINE",358009.00,357889.50,0.9997,1.0021
bsort,SOLO3_MTH_SYSCALLS,"MTH_SYSCALLS MTH_SYSCALLS MTH_SYSCALLS",358009.00,357871.00,0.9996,0.9963
bsort,SOLO3_PR_CACHE,"PR_CACHE PR_CACHE PR_CACHE",358009.00,359826.00,1.0051,1.0077
bsort,SOLO3_PR_MEMBUS,"PR_MEMBUS PR_MEMBUS PR_MEMBUS",358009.00,357271.00,0.9979,0.9945
bsort,SOLO3_PR_ROWBUF,"PR_ROWBUF PR_ROWBUF PR_ROWBUF",358009.00,357808.50,0.9994,0.9972
bsort,SOLO3_PR_POINTER,"PR_POINTER PR_POINTER PR_POINTER",358009.00,357970.50,0.9999,0.9987
bsort,SOLO3_PR_TLB,"PR_TLB PR_TLB PR_TLB",358009.00,360630.00,1.0073,1.0065
bsort,SOLO3_PR_DISKIO,"PR_DISKIO PR_DISKIO PR_DISKIO",358009.00,358913.50,1.0025,1.0024
bsort,SOLO3_PR_FILESYS,"PR_FILESYS PR_FILESYS PR_FILESYS",358009.00,357823.00,0.9995,0.9957
bsort,SOLO3_PR_NET,"PR_NET PR_NET PR_NET",358009.00,357873.50,0.9996,0.9962
bsort,SOLO3_PR_SPAWN,"PR_SPAWN PR_SPAWN PR_SPAWN",358009.00,362898.50,1.0137,1.0143
bsort,MIX_TOP1x3,"PR_SPAWN PR_SPAWN PR_SPAWN",358009.00,363365.50,1.0150,1.0103
bsort,MIX_TOP1_TOP2_TOP3,"PR_SPAWN PR_TLB MTH_CACHE",358009.00,360121.50,1.0059,1.0040
bsort,MIX_TOP1x2_TOP2,"PR_SPAWN PR_SPAWN PR_TLB",358009.00,362079.50,1.0114,1.0059
bsort,MIX_TOP2x3,"PR_TLB PR_TLB PR_TLB",358009.00,359745.00,1.0048,1.0010
bsort,MIX_TOP1_TOP3x2,"PR_SPAWN MTH_CACHE MTH_CACHE",358009.00,359715.50,1.0048,1.0013
cjpeg_transupp,SOLO3_CACHE,"CACHE CACHE CACHE",7206056.00,7219712.00,1.0019,1.0025
cjpeg_transupp,SOLO3_BUS,"BUS BUS BUS",7206056.00,7224237.50,1.0025,1.0017
cjpeg_transupp,SOLO3_MEM,"MEM MEM MEM",7206056.00,7381579.50,1.0244,1.0475
cjpeg_transupp,SOLO3_POINTER,"POINTER POINTER POINTER",7206056.00,7216300.50,1.0014,1.0013
cjpeg_transupp,SOLO3_PIPELINE,"PIPELINE PIPELINE PIPELINE",7206056.00,7173739.50,0.9955,0.9954
cjpeg_transupp,SOLO3_MTH_CACHE,"MTH_CACHE MTH_CACHE MTH_CACHE",7206056.00,7214462.50,1.0012,1.0010
cjpeg_transupp,SOLO3_MTH_BUS,"MTH_BUS MTH_BUS MTH_BUS",7206056.00,7235785.00,1.0041,1.0078
cjpeg_transupp,SOLO3_MTH_MEM,"MTH_MEM MTH_MEM MTH_MEM",7206056.00,7393329.00,1.0260,1.0538
cjpeg_transupp,SOLO3_MTH_POINTER,"MTH_POINTER MTH_POINTER MTH_POINTER",7206056.00,7192403.50,0.9981,0.9989
cjpeg_transupp,SOLO3_MTH_PIPELINE,"MTH_PIPELINE MTH_PIPELINE MTH_PIPELINE",7206056.00,7183633.50,0.9969,0.9970
cjpeg_transupp,SOLO3_MTH_SYSCALLS,"MTH_SYSCALLS MTH_SYSCALLS MTH_SYSCALLS",7206056.00,7185885.50,0.9972,0.9972
cjpeg_transupp,SOLO3_PR_CACHE,"PR_CACHE PR_CACHE PR_CACHE",7206056.00,7275481.00,1.0096,1.0093
cjpeg_transupp,SOLO3_PR_MEMBUS,"PR_MEMBUS PR_MEMBUS PR_MEMBUS",7206056.00,7194305.50,0.9984,0.9982
cjpeg_transupp,SOLO3_PR_ROWBUF,"PR_ROWBUF PR_ROWBUF PR_ROWBUF",7206056.00,7219077.00,1.0018,1.0010
cjpeg_transupp,SOLO3_PR_POINTER,"PR_POINTER PR_POINTER PR_POINTER",7206056.00,7200066.50,0.9992,1.0003
cjpeg_transupp,SOLO3_PR_TLB,"PR_TLB PR_TLB PR_TLB",7206056.00,7280179.00,1.0103,1.0092
cjpeg_transupp,SOLO3_PR_DISKIO,"PR_DISKIO PR_DISKIO PR_DISKIO",7206056.00,7202601.00,0.9995,1.0000
cjpeg_transupp,SOLO3_PR_FILESYS,"PR_FILESYS PR_FILESYS PR_FILESYS",7206056.00,7209837.00,1.0005,1.0000
cjpeg_transupp,SOLO3_PR_NET,"PR_NET PR_NET PR_NET",7206056.00,7166030.50,0.9944,0.9950
cjpeg_transupp,SOLO3_PR_SPAWN,"PR_SPAWN PR_SPAWN PR_SPAWN",7206056.00,7227459.50,1.0030,1.0028
cjpeg_transupp,MIX_TOP1x3,"MTH_MEM MTH_MEM MTH_MEM",7206056.00,7343067.00,1.0190,1.0185
cjpeg_transupp,MIX_TOP1_TOP2_TOP3,"MTH_MEM MEM PR_TLB",7206056.00,7337491.00,1.0182,1.0188
cjpeg_transupp,MIX_TOP1x2_TOP2,"MTH_MEM MTH_MEM MEM",7206056.00,7287010.00,1.0112,1.0235
cjpeg_transupp,MIX_TOP2x3,"MEM MEM MEM",7206056.00,7347903.50,1.0197,1.0246
cjpeg_transupp,MIX_TOP1_TOP3x2,"MTH_MEM PR_TLB PR_TLB",7206056.00,7332039.50,1.0175,1.0171
cjpeg_wrbmp,SOLO3_CACHE,"CACHE CACHE CACHE",267650.50,275159.00,1.0281,1.0265
cjpeg_wrbmp,SOLO3_BUS,"BUS BUS BUS",267650.50,269090.00,1.0054,1.0148
cjpeg_wrbmp,SOLO3_MEM,"MEM MEM MEM",267650.50,273411.00,1.0215,1.0767
cjpeg_wrbmp,SOLO3_POINTER,"POINTER POINTER POINTER",267650.50,270125.50,1.0092,1.0071
cjpeg_wrbmp,SOLO3_PIPELINE,"PIPELINE PIPELINE PIPELINE",267650.50,267952.50,1.0011,1.0005
cjpeg_wrbmp,SOLO3_MTH_CACHE,"MTH_CACHE MTH_CACHE MTH_CACHE",267650.50,273215.00,1.0208,1.0197
cjpeg_wrbmp,SOLO3_MTH_BUS,"MTH_BUS MTH_BUS MTH_BUS",267650.50,267459.00,0.9993,1.0104
cjpeg_wrbmp,SOLO3_MTH_MEM,"MTH_MEM MTH_MEM MTH_MEM",267650.50,271925.50,1.0160,1.0439
cjpeg_wrbmp,SOLO3_MTH_POINTER,"MTH_POINTER MTH_POINTER MTH_POINTER",267650.50,268824.50,1.0044,1.0069
cjpeg_wrbmp,SOLO3_MTH_PIPELINE,"MTH_PIPELINE MTH_PIPELINE MTH_PIPELINE",267650.50,268365.50,1.0027,1.0054
cjpeg_wrbmp,SOLO3_MTH_SYSCALLS,"MTH_SYSCALLS MTH_SYSCALLS MTH_SYSCALLS",267650.50,273679.50,1.0225,1.0164
cjpeg_wrbmp,SOLO3_PR_CACHE,"PR_CACHE PR_CACHE PR_CACHE",267650.50,267168.00,0.9982,1.0335
cjpeg_wrbmp,SOLO3_PR_MEMBUS,"PR_MEMBUS PR_MEMBUS PR_MEMBUS",267650.50,268449.00,1.0030,1.0046
cjpeg_wrbmp,SOLO3_PR_ROWBUF,"PR_ROWBUF PR_ROWBUF PR_ROWBUF",267650.50,269584.50,1.0072,1.0075
cjpeg_wrbmp,SOLO3_PR_POINTER,"PR_POINTER PR_POINTER PR_POINTER",267650.50,269237.50,1.0059,1.0088
cjpeg_wrbmp,SOLO3_PR_TLB,"PR_TLB PR_TLB PR_TLB",267650.50,270237.00,1.0097,1.0181
cjpeg_wrbmp,SOLO3_PR_DISKIO,"PR_DISKIO PR_DISKIO PR_DISKIO",267650.50,269746.00,1.0078,1.0076
cjpeg_wrbmp,SOLO3_PR_FILESYS,"PR_FILESYS PR_FILESYS PR_FILESYS",267650.50,269878.50,1.0083,1.0091
cjpeg_wrbmp,SOLO3_PR_NET,"PR_NET PR_NET PR_NET",267650.50,284454.00,1.0628,1.0726
cjpeg_wrbmp,SOLO3_PR_SPAWN,"PR_SPAWN PR_SPAWN PR_SPAWN",267650.50,279394.00,1.0439,1.0371
cjpeg_wrbmp,MIX_TOP1x3,"PR_NET PR_NET PR_NET",267650.50,268134.00,1.0018,1.0014
cjpeg_wrbmp,MIX_TOP1_TOP2_TOP3,"PR_NET PR_SPAWN CACHE",267650.50,269722.50,1.0077,1.0118
cjpeg_wrbmp,MIX_TOP1x2_TOP2,"PR_NET PR_NET PR_SPAWN",267650.50,270814.50,1.0118,1.0117
cjpeg_wrbmp,MIX_TOP2x3,"PR_SPAWN PR_SPAWN PR_SPAWN",267650.50,280803.00,1.0491,1.0448
cjpeg_wrbmp,MIX_TOP1_TOP3x2,"PR_NET CACHE CACHE",267650.50,272625.50,1.0186,1.0174
complex_updates,SOLO3_CACHE,"CACHE CACHE CACHE",3576.00,3918.00,1.0956,1.1472
complex_updates,SOLO3_BUS,"BUS BUS BUS",3576.00,3681.00,1.0294,1.2413
complex_updates,SOLO3_MEM,"MEM MEM MEM",3576.00,3739.50,1.0457,1.8734
complex_updates,SOLO3_POINTER,"POINTER POINTER POINTER",3576.00,8462.00,2.3663,1.8663
complex_updates,SOLO3_PIPELINE,"PIPELINE PIPELINE PIPELINE",3576.00,3612.50,1.0102,1.0024
complex_updates,SOLO3_MTH_CACHE,"MTH_CACHE MTH_CACHE MTH_CACHE",3576.00,3634.00,1.0162,0.9372
complex_updates,SOLO3_MTH_BUS,"MTH_BUS MTH_BUS MTH_BUS",3576.00,3860.00,1.0794,1.0821
complex_updates,SOLO3_MTH_MEM,"MTH_MEM MTH_MEM MTH_MEM",3576.00,4370.00,1.2220,2.4193
complex_updates,SOLO3_MTH_POINTER,"MTH_POINTER MTH_POINTER MTH_POINTER",3576.00,3607.50,1.0088,0.8936
complex_updates,SOLO3_MTH_PIPELINE,"MTH_PIPELINE MTH_PIPELINE MTH_PIPELINE",3576.00,3573.50,0.9993,0.9048
complex_updates,SOLO3_MTH_SYSCALLS,"MTH_SYSCALLS MTH_SYSCALLS MTH_SYSCALLS",3576.00,5970.50,1.6696,1.2930
complex_updates,SOLO3_PR_CACHE,"PR_CACHE PR_CACHE PR_CACHE",3576.00,3621.00,1.0126,1.3649
complex_updates,SOLO3_PR_MEMBUS,"PR_MEMBUS PR_MEMBUS PR_MEMBUS",3576.00,3684.50,1.0303,1.0134
complex_updates,SOLO3_PR_ROWBUF,"PR_ROWBUF PR_ROWBUF PR_ROWBUF",3576.00,3872.00,1.0828,1.2867
complex_updates,SOLO3_PR_POINTER,"PR_POINTER PR_POINTER PR_POINTER",3576.00,3572.50,0.9990,0.9059
complex_updates,SOLO3_PR_TLB,"PR_TLB PR_TLB PR_TLB",3576.00,4340.50,1.2138,1.3163
complex_updates,SOLO3_PR_DISKIO,"PR_DISKIO PR_DISKIO PR_DISKIO",3576.00,3605.00,1.0081,0.9071
complex_updates,SOLO3_PR_FILESYS,"PR_FILESYS PR_FILESYS PR_FILESYS",3576.00,6481.00,1.8124,1.2026
complex_updates,SOLO3_PR_NET,"PR_NET PR_NET PR_NET",3576.00,3879.50,1.0849,0.9952
complex_updates,SOLO3_PR_SPAWN,"PR_SPAWN PR_SPAWN PR_SPAWN",3576.00,5604.00,1.5671,1.4702
complex_updates,MIX_TOP1x3,"POINTER POINTER POINTER",3576.00,7176.50,2.0069,1.6955
complex_updates,MIX_TOP1_TOP2_TOP3,"POINTER PR_FILESYS MTH_SYSCALLS",3576.00,3565.50,0.9971,0.9357
complex_updates,MIX_TOP1x2_TOP2,"POINTER POINTER PR_FILESYS",3576.00,5766.50,1.6126,1.3799
complex_updates,MIX_TOP2x3,"PR_FILESYS PR_FILESYS PR_FILESYS",3576.00,3585.00,1.0025,0.9415
complex_updates,MIX_TOP1_TOP3x2,"POINTER MTH_SYSCALLS MTH_SYSCALLS",3576.00,3586.00,1.0028,0.9153
cosf,SOLO3_CACHE,"CACHE CACHE CACHE",31066.00,31195.00,1.0042,0.9781
cosf,SOLO3_BUS,"BUS BUS BUS",31066.00,31124.50,1.0019,0.9832
cosf,SOLO3_MEM,"MEM MEM MEM",31066.00,34261.00,1.1028,1.2720
cosf,SOLO3_POINTER,"POINTER POINTER POINTER",31066.00,38887.50,1.2518,1.1135
cosf,SOLO3_PIPELINE,"PIPELINE PIPELINE PIPELINE",31066.00,31463.00,1.0128,0.9648
cosf,SOLO3_MTH_CACHE,"MTH_CACHE MTH_CACHE MTH_CACHE",31066.00,31261.00,1.0063,0.9814
cosf,SOLO3_MTH_BUS,"MTH_BUS MTH_BUS MTH_BUS",31066.00,32157.00,1.0351,1.0188
cosf,SOLO3_MTH_MEM,"MTH_MEM MTH_MEM MTH_MEM",31066.00,31551.50,1.0156,1.1341
cosf,SOLO3_MTH_POINTER,"MTH_POINTER MTH_POINTER MTH_POINTER",31066.00,32699.50,1.0526,0.9943
cosf,SOLO3_MTH_PIPELINE,"MTH_PIPELINE MTH_PIPELINE MTH_PIPELINE",31066.00,31311.50,1.0079,0.9641
cosf,SOLO3_MTH_SYSCALLS,"MTH_SYSCALLS MTH_SYSCALLS MTH_SYSCALLS",31066.00,31046.00,0.9994,0.9765
cosf,SOLO3_PR_CACHE,"PR_CACHE PR_CACHE PR_CACHE",31066.00,60062.00,1.9334,1.5618
cosf,SOLO3_PR_MEMBUS,"PR_MEMBUS PR_MEMBUS PR_MEMBUS",31066.00,32530.00,1.0471,1.0121
cosf,SOLO3_PR_ROWBUF,"PR_ROWBUF PR_ROWBUF PR_ROWBUF",31066.00,33602.50,1.0816,1.0331
cosf,SOLO3_PR_POINTER,"PR_POINTER PR_POINTER PR_POINTER",31066.00,33007.00,1.0625,1.0044
cosf,SOLO3_PR_TLB,"PR_TLB PR_TLB PR_TLB",31066.00,32167.50,1.0355,1.0389
cosf,SOLO3_PR_DISKIO,"PR_DISKIO PR_DISKIO PR_DISKIO",31066.00,31082.00,1.0005,0.9666
cosf,SOLO3_PR_FILESYS,"PR_FILESYS PR_FILESYS PR_FILESYS",31066.00,33291.00,1.0716,1.0477
cosf,SOLO3_PR_NET,"PR_NET PR_NET PR_NET",31066.00,31312.50,1.0079,0.9670
cosf,SOLO3_PR_SPAWN,"PR_SPAWN PR_SPAWN PR_SPAWN",31066.00,38984.00,1.2549,1.1471
cosf,MIX_TOP1x3,"PR_CACHE PR_CACHE PR_CACHE",31066.00,31935.50,1.0280,1.3242
cosf,MIX_TOP1_TOP2_TOP3,"PR_CACHE PR_SPAWN POINTER",31066.00,31125.50,1.0019,1.0275
cosf,MIX_TOP1x2_TOP2,"PR_CACHE PR_CACHE PR_SPAWN",31066.00,51086.00,1.6444,1.4001
cosf,MIX_TOP2x3,"PR_SPAWN PR_SPAWN PR_SPAWN",31066.00,40670.00,1.3091,1.2369
cosf,MIX_TOP1_TOP3x2,"PR_CACHE POINTER POINTER",31066.00,31127.00,1.0020,1.0900
countnegative,SOLO3_CACHE,"CACHE CACHE CACHE",33976.00,33828.50,0.9957,1.0044
countnegative,SOLO3_BUS,"BUS BUS BUS",33976.00,35237.50,1.0371,1.0551
countnegative,SOLO3_MEM,"MEM MEM MEM",33976.00,34316.50,1.0100,1.1509
countnegative,SOLO3_POINTER,"POINTER POINTER POINTER",33976.00,37981.00,1.1179,1.1275
countnegative,SOLO3_PIPELINE,"PIPELINE PIPELINE PIPELINE",33976.00,33838.50,0.9960,0.9954
countnegative,SOLO3_MTH_CACHE,"MTH_CACHE MTH_CACHE MTH_CACHE",33976.00,35008.50,1.0304,1.0580
countnegative,SOLO3_MTH_BUS,"MTH_BUS MTH_BUS MTH_BUS",33976.00,34075.50,1.0029,1.0305
countnegative,SOLO3_MTH_MEM,"MTH_MEM MTH_MEM MTH_MEM",33976.00,35097.00,1.0330,1.1500
countnegative,SOLO3_MTH_POINTER,"MTH_POINTER MTH_POINTER MTH_POINTER",33976.00,35000.50,1.0302,1.0300
countnegative,SOLO3_MTH_PIPELINE,"MTH_PIPELINE MTH_PIPELINE MTH_PIPELINE",33976.00,34015.50,1.0012,1.0019
countnegative,SOLO3_MTH_SYSCALLS,"MTH_SYSCALLS MTH_SYSCALLS MTH_SYSCALLS",33976.00,36101.50,1.0626,1.0632
countnegative,SOLO3_PR_CACHE,"PR_CACHE PR_CACHE PR_CACHE",33976.00,33931.00,0.9987,1.1133
countnegative,SOLO3_PR_MEMBUS,"PR_MEMBUS PR_MEMBUS PR_MEMBUS",33976.00,34082.00,1.0031,0.9989
countnegative,SOLO3_PR_ROWBUF,"PR_ROWBUF PR_ROWBUF PR_ROWBUF",33976.00,33845.50,0.9962,1.0204
countnegative,SOLO3_PR_POINTER,"PR_POINTER PR_POINTER PR_POINTER",33976.00,33853.50,0.9964,0.9987
countnegative,SOLO3_PR_TLB,"PR_TLB PR_TLB PR_TLB",33976.00,35459.50,1.0437,1.0466
countnegative,SOLO3_PR_DISKIO,"PR_DISKIO PR_DISKIO PR_DISKIO",33976.00,34393.00,1.0123,1.0155
countnegative,SOLO3_PR_FILESYS,"PR_FILESYS PR_FILESYS PR_FILESYS",33976.00,33866.50,0.9968,1.0157
countnegative,SOLO3_PR_NET,"PR_NET PR_NET PR_NET",33976.00,34028.00,1.0015,1.0058
countnegative,SOLO3_PR_SPAWN,"PR_SPAWN PR_SPAWN PR_SPAWN",33976.00,37292.50,1.0976,1.1231
countnegative,MIX_TOP1x3,"POINTER POINTER POINTER",33976.00,39917.50,1.1749,1.1563
countnegative,MIX_TOP1_TOP2_TOP3,"POINTER PR_SPAWN MTH_SYSCALLS",33976.00,35070.50,1.0322,1.0611
countnegative,MIX_TOP1x2_TOP2,"POINTER POINTER PR_SPAWN",33976.00,35371.50,1.0411,1.0619
countnegative,MIX_TOP2x3,"PR_SPAWN PR_SPAWN PR_SPAWN",33976.00,39931.50,1.1753,1.1649
countnegative,MIX_TOP1_TOP3x2,"POINTER MTH_SYSCALLS MTH_SYSCALLS",33976.00,34781.00,1.0237,1.0401
cover,SOLO3_CACHE,"CACHE CACHE CACHE",6232.50,6153.00,0.9872,0.8714
cover,SOLO3_BUS,"BUS BUS BUS",6232.50,6211.00,0.9966,0.8168
cover,SOLO3_MEM,"MEM MEM MEM",6232.50,13893.00,2.2291,2.0361
cover,SOLO3_POINTER,"POINTER POINTER POINTER",6232.50,19803.00,3.1774,1.7614
cover,SOLO3_PIPELINE,"PIPELINE PIPELINE PIPELINE",6232.50,6170.50,0.9901,0.6741
cover,SOLO3_MTH_CACHE,"MTH_CACHE MTH_CACHE MTH_CACHE",6232.50,12848.00,2.0615,1.1832
cover,SOLO3_MTH_BUS,"MTH_BUS MTH_BUS MTH_BUS",6232.50,6127.00,0.9831,0.7538
cover,SOLO3_MTH_MEM,"MTH_MEM MTH_MEM MTH_MEM",6232.50,9217.00,1.4789,1.8411
cover,SOLO3_MTH_POINTER,"MTH_POINTER MTH_POINTER MTH_POINTER",6232.50,8416.50,1.3504,0.8712
cover,SOLO3_MTH_PIPELINE,"MTH_PIPELINE MTH_PIPELINE MTH_PIPELINE",6232.50,6544.50,1.0501,0.7161
cover,SOLO3_MTH_SYSCALLS,"MTH_SYSCALLS MTH_SYSCALLS MTH_SYSCALLS",6232.50,6097.00,0.9783,0.7902
cover,SOLO3_PR_CACHE,"PR_CACHE PR_CACHE PR_CACHE",6232.50,6139.50,0.9851,1.0426
cover,SOLO3_PR_MEMBUS,"PR_MEMBUS PR_MEMBUS PR_MEMBUS",6232.50,7879.00,1.2642,0.9086
cover,SOLO3_PR_ROWBUF,"PR_ROWBUF PR_ROWBUF PR_ROWBUF",6232.50,7188.00,1.1533,1.0542
cover,SOLO3_PR_POINTER,"PR_POINTER PR_POINTER PR_POINTER",6232.50,6160.00,0.9884,0.6772
cover,SOLO3_PR_TLB,"PR_TLB PR_TLB PR_TLB",6232.50,8093.50,1.2986,0.9016
cover,SOLO3_PR_DISKIO,"PR_DISKIO PR_DISKIO PR_DISKIO",6232.50,8156.00,1.3086,1.0310
cover,SOLO3_PR_FILESYS,"PR_FILESYS PR_FILESYS PR_FILESYS",6232.50,10897.50,1.7485,1.1499
cover,SOLO3_PR_NET,"PR_NET PR_NET PR_NET",6232.50,8826.50,1.4162,1.0330
cover,SOLO3_PR_SPAWN,"PR_SPAWN PR_SPAWN PR_SPAWN",6232.50,12153.00,1.9499,1.3495
cover,MIX_TOP1x3,"POINTER POINTER POINTER",6232.50,6113.00,0.9808,0.7653
cover,MIX_TOP1_TOP2_TOP3,"POINTER MEM MTH_CACHE",6232.50,7702.00,1.2358,1.9047
cover,MIX_TOP1x2_TOP2,"POINTER POINTER MEM",6232.50,40188.50,6.4482,4.4047
cover,MIX_TOP2x3,"MEM MEM MEM",6232.50,11472.00,1.8407,2.0235
cover,MIX_TOP1_TOP3x2,"POINTER MTH_CACHE MTH_CACHE",6232.50,6157.50,0.9880,0.7194
cubic,SOLO3_CACHE,"CACHE CACHE CACHE",2162194.00,2173622.00,1.0053,1.0072
cubic,SOLO3_BUS,"BUS BUS BUS",2162194.00,2165546.00,1.0016,1.0157
cubic,SOLO3_MEM,"MEM MEM MEM",2162194.00,2142707.50,0.9910,1.0092
cubic,SOLO3_POINTER,"POINTER POINTER POINTER",2162194.00,2194711.50,1.0150,1.0186
cubic,SOLO3_PIPELINE,"PIPELINE PIPELINE PIPELINE",2162194.00,2121880.00,0.9814,0.9875
cubic,SOLO3_MTH_CACHE,"MTH_CACHE MTH_CACHE MTH_CACHE",2162194.00,2155148.00,0.9967,1.0006
cubic,SOLO3_MTH_BUS,"MTH_BUS MTH_BUS MTH_BUS",2162194.00,2176243.50,1.0065,1.0183
cubic,SOLO3_MTH_MEM,"MTH_MEM MTH_MEM MTH_MEM",2162194.00,2152269.00,0.9954,1.0119
cubic,SOLO3_MTH_POINTER,"MTH_POINTER MTH_POINTER MTH_POINTER",2162194.00,2128733.00,0.9845,0.9890
cubic,SOLO3_MTH_PIPELINE,"MTH_PIPELINE MTH_PIPELINE MTH_PIPELINE",2162194.00,2121610.50,0.9812,0.9881
cubic,SOLO3_MTH_SYSCALLS,"MTH_SYSCALLS MTH_SYSCALLS MTH_SYSCALLS",2162194.00,2151370.50,0.9950,0.9992
cubic,SOLO3_PR_CACHE,"PR_CACHE PR_CACHE PR_CACHE",2162194.00,2223685.00,1.0284,1.0415
cubic,SOLO3_PR_MEMBUS,"PR_MEMBUS PR_MEMBUS PR_MEMBUS",2162194.00,2135519.00,0.9877,0.9926
cubic,SOLO3_PR_ROWBUF,"PR_ROWBUF PR_ROWBUF PR_ROWBUF",2162194.00,2161505.50,0.9997,1.0036
cubic,SOLO3_PR_POINTER,"PR_POINTER PR_POINTER PR_POINTER",2162194.00,2127214.00,0.9838,0.9906
cubic,SOLO3_PR_TLB,"PR_TLB PR_TLB PR_TLB",2162194.00,2182296.50,1.0093,1.0164
cubic,SOLO3_PR_DISKIO,"PR_DISKIO PR_DISKIO PR_DISKIO",2162194.00,2149520.00,0.9941,0.9994
cubic,SOLO3_PR_FILESYS,"PR_FILESYS PR_FILESYS PR_FILESYS",2162194.00,2152958.00,0.9957,0.9988
cubic,SOLO3_PR_NET,"PR_NET PR_NET PR_NET",2162194.00,2142298.50,0.9908,0.9938
cubic,SOLO3_PR_SPAWN,"PR_SPAWN PR_SPAWN PR_SPAWN",2162194.00,2173910.50,1.0054,1.0098
cubic,MIX_TOP1x3,"PR_CACHE PR_CACHE PR_CACHE",2162194.00,2224604.50,1.0289,1.0338
cubic,MIX_TOP1_TOP2_TOP3,"PR_CACHE POINTER PR_TLB",2162194.00,2197985.50,1.0166,1.0214
cubic,MIX_TOP1x2_TOP2,"PR_CACHE PR_CACHE POINTER",2162194.00,2224607.50,1.0289,1.0403
cubic,MIX_TOP2x3,"POINTER POINTER POINTER",2162194.00,2180102.50,1.0083,1.0138
cubic,MIX_TOP1_TOP3x2,"PR_CACHE PR_TLB PR_TLB",2162194.00,2183545.50,1.0099,1.0143
deg2rad,SOLO3_CACHE,"CACHE CACHE CACHE",17223.00,17189.50,0.9981,1.0002
deg2rad,SOLO3_BUS,"BUS BUS BUS",17223.00,17307.50,1.0049,1.0279
deg2rad,SOLO3_MEM,"MEM MEM MEM",17223.00,17567.50,1.0200,1.1275
deg2rad,SOLO3_POINTER,"POINTER POINTER POINTER",17223.00,19478.50,1.1310,1.0735
deg2rad,SOLO3_PIPELINE,"PIPELINE PIPELINE PIPELINE",17223.00,17313.00,1.0052,0.9918
deg2rad,SOLO3_MTH_CACHE,"MTH_CACHE MTH_CACHE MTH_CACHE",17223.00,17203.00,0.9988,1.0119
deg2rad,SOLO3_MTH_BUS,"MTH_BUS MTH_BUS MTH_BUS",17223.00,18078.50,1.0497,1.0457
deg2rad,SOLO3_MTH_MEM,"MTH_MEM MTH_MEM MTH_MEM",17223.00,17686.00,1.0269,1.3594
deg2rad,SOLO3_MTH_POINTER,"MTH_POINTER MTH_POINTER MTH_POINTER",17223.00,17962.00,1.0429,1.0287
deg2rad,SOLO3_MTH_PIPELINE,"MTH_PIPELINE MTH_PIPELINE MTH_PIPELINE",17223.00,17335.00,1.0065,0.9961
deg2rad,SOLO3_MTH_SYSCALLS,"MTH_SYSCALLS MTH_SYSCALLS MTH_SYSCALLS",17223.00,17793.00,1.0331,1.0150
deg2rad,SOLO3_PR_CACHE,"PR_CACHE PR_CACHE PR_CACHE",17223.00,17329.50,1.0062,1.0407
deg2rad,SOLO3_PR_MEMBUS,"PR_MEMBUS PR_MEMBUS PR_MEMBUS",17223.00,17200.00,0.9987,0.9778
deg2rad,SOLO3_PR_ROWBUF,"PR_ROWBUF PR_ROWBUF PR_ROWBUF",17223.00,17362.00,1.0081,1.0157
deg2rad,SOLO3_PR_POINTER,"PR_POINTER PR_POINTER PR_POINTER",17223.00,17779.00,1.0323,1.0321
deg2rad,SOLO3_PR_TLB,"PR_TLB PR_TLB PR_TLB",17223.00,17379.00,1.0091,1.0077
deg2rad,SOLO3_PR_DISKIO,"PR_DISKIO PR_DISKIO PR_DISKIO",17223.00,18288.50,1.0619,1.0536
deg2rad,SOLO3_PR_FILESYS,"PR_FILESYS PR_FILESYS PR_FILESYS",17223.00,18034.50,1.0471,1.0273
deg2rad,SOLO3_PR_NET,"PR_NET PR_NET PR_NET",17223.00,17321.00,1.0057,0.9823
deg2rad,SOLO3_PR_SPAWN,"PR_SPAWN PR_SPAWN PR_SPAWN",17223.00,18398.00,1.0682,1.0746
deg2rad,MIX_TOP1x3,"POINTER POINTER POINTER",17223.00,21334.00,1.2387,1.1886
deg2rad,MIX_TOP1_TOP2_TOP3,"POINTER PR_SPAWN PR_DISKIO",17223.00,17483.50,1.0151,1.0363
deg2rad,MIX_TOP1x2_TOP2,"POINTER POINTER PR_SPAWN",17223.00,18188.00,1.0560,1.0487
deg2rad,MIX_TOP2x3,"PR_SPAWN PR_SPAWN PR_SPAWN",17223.00,18542.00,1.0766,1.0580
deg2rad,MIX_TOP1_TOP3x2,"POINTER PR_DISKIO PR_DISKIO",17223.00,18409.50,1.0689,1.0524
dijkstra,SOLO3_CACHE,"CACHE CACHE CACHE",108748619.50,108719308.00,0.9997,1.0005
dijkstra,SOLO3_BUS,"BUS BUS BUS",108748619.50,108816348.50,1.0006,1.0018
dijkstra,SOLO3_MEM,"MEM MEM MEM",108748619.50,111574939.00,1.0260,1.0233
dijkstra,SOLO3_POINTER,"POINTER POINTER POINTER",108748619.50,109302445.50,1.0051,1.0059
dijkstra,SOLO3_PIPELINE,"PIPELINE PIPELINE PIPELINE",108748619.50,108342926.00,0.9963,0.9976
dijkstra,SOLO3_MTH_CACHE,"MTH_CACHE MTH_CACHE MTH_CACHE",108748619.50,108887403.00,1.0013,1.0022
dijkstra,SOLO3_MTH_BUS,"MTH_BUS MTH_BUS MTH_BUS",108748619.50,109218871.00,1.0043,1.0061
dijkstra,SOLO3_MTH_MEM,"MTH_MEM MTH_MEM MTH_MEM",108748619.50,110401574.50,1.0152,1.0199
dijkstra,SOLO3_MTH_POINTER,"MTH_POINTER MTH_POINTER MTH_POINTER",108748619.50,108660325.00,0.9992,1.0002
dijkstra,SOLO3_MTH_PIPELINE,"MTH_PIPELINE MTH_PIPELINE MTH_PIPELINE",108748619.50,108336260.50,0.9962,0.9971
dijkstra,SOLO3_MTH_SYSCALLS,"MTH_SYSCALLS MTH_SYSCALLS MTH_SYSCALLS",108748619.50,108547870.00,0.9982,0.9993
dijkstra,SOLO3_PR_CACHE,"PR_CACHE PR_CACHE PR_CACHE",108748619.50,109182707.00,1.0040,1.0056
dijkstra,SOLO3_PR_MEMBUS,"PR_MEMBUS PR_MEMBUS PR_MEMBUS",108748619.50,108635735.00,0.9990,0.9996
dijkstra,SOLO3_PR_ROWBUF,"PR_ROWBUF PR_ROWBUF PR_ROWBUF",108748619.50,108824450.00,1.0007,1.0016
dijkstra,SOLO3_PR_POINTER,"PR_POINTER PR_POINTER PR_POINTER",108748619.50,108541174.00,0.9981,0.9987
dijkstra,SOLO3_PR_TLB,"PR_TLB PR_TLB PR_TLB",108748619.50,110329636.50,1.0145,1.0149
dijkstra,SOLO3_PR_DISKIO,"PR_DISKIO PR_DISKIO PR_DISKIO",108748619.50,108639236.00,0.9990,1.0002
dijkstra,SOLO3_PR_FILESYS,"PR_FILESYS PR_FILESYS PR_FILESYS",108748619.50,108572342.00,0.9984,0.9993
dijkstra,SOLO3_PR_NET,"PR_NET PR_NET PR_NET",108748619.50,108414541.50,0.9969,0.9975
dijkstra,SOLO3_PR_SPAWN,"PR_SPAWN PR_SPAWN PR_SPAWN",108748619.50,109518492.50,1.0071,1.0079
dijkstra,MIX_TOP1x3,"MEM MEM MEM",108748619.50,110705699.50,1.0180,1.0203
dijkstra,MIX_TOP1_TOP2_TOP3,"MEM MTH_MEM PR_TLB",108748619.50,111050308.50,1.0212,1.0261
dijkstra,MIX_TOP1x2_TOP2,"MEM MEM MTH_MEM",108748619.50,110599913.00,1.0170,1.0161
dijkstra,MIX_TOP2x3,"MTH_MEM MTH_MEM MTH_MEM",108748619.50,110242248.00,1.0137,1.0151
dijkstra,MIX_TOP1_TOP3x2,"MEM PR_TLB PR_TLB",108748619.50,111106969.50,1.0217,1.0244
duff,SOLO3_CACHE,"CACHE CACHE CACHE",4789.50,4783.00,0.9986,0.9706
duff,SOLO3_BUS,"BUS BUS BUS",4789.50,4775.50,0.9971,0.9179
duff,SOLO3_MEM,"MEM MEM MEM",4789.50,5379.50,1.1232,1.5471
duff,SOLO3_POINTER,"POINTER POINTER POINTER",4789.50,4766.00,0.9951,0.8779
duff,SOLO3_PIPELINE,"PIPELINE PIPELINE PIPELINE",4789.50,4782.00,0.9984,0.8357
duff,SOLO3_MTH_CACHE,"MTH_CACHE MTH_CACHE MTH_CACHE",4789.50,5795.00,1.2099,1.0447
duff,SOLO3_MTH_BUS,"MTH_BUS MTH_BUS MTH_BUS",4789.50,4756.00,0.9930,0.8962
duff,SOLO3_MTH_MEM,"MTH_MEM MTH_MEM MTH_MEM",4789.50,10303.50,2.1513,2.6426
duff,SOLO3_MTH_POINTER,"MTH_POINTER MTH_POINTER MTH_POINTER",4789.50,5533.50,1.1553,0.9717
duff,SOLO3_MTH_PIPELINE,"MTH_PIPELINE MTH_PIPELINE MTH_PIPELINE",4789.50,4740.00,0.9897,0.9383
duff,SOLO3_MTH_SYSCALLS,"MTH_SYSCALLS MTH_SYSCALLS MTH_SYSCALLS",4789.50,4792.00,1.0005,0.8639
duff,SOLO3_PR_CACHE,"PR_CACHE PR_CACHE PR_CACHE",4789.50,5027.00,1.0496,1.4134
duff,SOLO3_PR_MEMBUS,"PR_MEMBUS PR_MEMBUS PR_MEMBUS",4789.50,4795.00,1.0011,0.8480
duff,SOLO3_PR_ROWBUF,"PR_ROWBUF PR_ROWBUF PR_ROWBUF",4789.50,4826.50,1.0077,0.8984
duff,SOLO3_PR_POINTER,"PR_POINTER PR_POINTER PR_POINTER",4789.50,4862.00,1.0151,0.9058
duff,SOLO3_PR_TLB,"PR_TLB PR_TLB PR_TLB",4789.50,4847.00,1.0120,0.8694
duff,SOLO3_PR_DISKIO,"PR_DISKIO PR_DISKIO PR_DISKIO",4789.50,4717.00,0.9849,1.0443
duff,SOLO3_PR_FILESYS,"PR_FILESYS PR_FILESYS PR_FILESYS",4789.50,4838.50,1.0102,0.8740
duff,SOLO3_PR_NET,"PR_NET PR_NET PR_NET",4789.50,4750.50,0.9919,0.9345
duff,SOLO3_PR_SPAWN,"PR_SPAWN PR_SPAWN PR_SPAWN",4789.50,4878.00,1.0185,1.0817
duff,MIX_TOP1x3,"MTH_MEM MTH_MEM MTH_MEM",4789.50,5797.00,1.2104,1.4497
duff,MIX_TOP1_TOP2_TOP3,"MTH_MEM MTH_CACHE MTH_POINTER",4789.50,8428.00,1.7597,2.1760
duff,MIX_TOP1x2_TOP2,"MTH_MEM MTH_MEM MTH_CACHE",4789.50,7560.00,1.5785,1.9698
duff,MIX_TOP2x3,"MTH_CACHE MTH_CACHE MTH_CACHE",4789.50,4804.00,1.0030,1.0030
duff,MIX_TOP1_TOP3x2,"MTH_MEM MTH_POINTER MTH_POINTER",4789.50,4831.50,1.0088,0.8674
epic,SOLO3_CACHE,"CACHE CACHE CACHE",5562163.00,5635665.50,1.0132,1.0133
epic,SOLO3_BUS,"BUS BUS BUS",5562163.00,5563965.50,1.0003,1.0030
epic,SOLO3_MEM,"MEM MEM MEM",5562163.00,5681252.50,1.0214,1.0281
epic,SOLO3_POINTER,"POINTER POINTER POINTER",5562163.00,5650374.00,1.0159,1.0174
epic,SOLO3_PIPELINE,"PIPELINE PIPELINE PIPELINE",5562163.00,5562452.50,1.0001,1.0005
epic,SOLO3_MTH_CACHE,"MTH_CACHE MTH_CACHE MTH_CACHE",5562163.00,5630190.50,1.0122,1.0142
epic,SOLO3_MTH_BUS,"MTH_BUS MTH_BUS MTH_BUS",5562163.00,5675786.50,1.0204,1.0207
epic,SOLO3_MTH_MEM,"MTH_MEM MTH_MEM MTH_MEM",5562163.00,5717753.00,1.0280,1.0499
epic,SOLO3_MTH_POINTER,"MTH_POINTER MTH_POINTER MTH_POINTER",5562163.00,5555927.00,0.9989,1.0021
epic,SOLO3_MTH_PIPELINE,"MTH_PIPELINE MTH_PIPELINE MTH_PIPELINE",5562163.00,5520068.00,0.9924,0.9934
epic,SOLO3_MTH_SYSCALLS,"MTH_SYSCALLS MTH_SYSCALLS MTH_SYSCALLS",5562163.00,5564072.50,1.0003,1.0007
epic,SOLO3_PR_CACHE,"PR_CACHE PR_CACHE PR_CACHE",5562163.00,5650649.50,1.0159,1.0206
epic,SOLO3_PR_MEMBUS,"PR_MEMBUS PR_MEMBUS PR_MEMBUS",5562163.00,5542609.50,0.9965,0.9992
epic,SOLO3_PR_ROWBUF,"PR_ROWBUF PR_ROWBUF PR_ROWBUF",5562163.00,5585968.00,1.0043,1.0059
epic,SOLO3_PR_POINTER,"PR_POINTER PR_POINTER PR_POINTER",5562163.00,5535654.50,0.9952,0.9964
epic,SOLO3_PR_TLB,"PR_TLB PR_TLB PR_TLB",5562163.00,5632784.00,1.0127,1.0158
epic,SOLO3_PR_DISKIO,"PR_DISKIO PR_DISKIO PR_DISKIO",5562163.00,5559453.00,0.9995,1.0011
epic,SOLO3_PR_FILESYS,"PR_FILESYS PR_FILESYS PR_FILESYS",5562163.00,5559794.00,0.9996,1.0000
epic,SOLO3_PR_NET,"PR_NET PR_NET PR_NET",5562163.00,5530660.50,0.9943,0.9957
epic,SOLO3_PR_SPAWN,"PR_SPAWN PR_SPAWN PR_SPAWN",5562163.00,5618184.00,1.0101,1.0091
epic,MIX_TOP1x3,"MTH_MEM MTH_MEM MTH_MEM",5562163.00,5706818.00,1.0260,1.0286
epic,MIX_TOP1_TOP2_TOP3,"MTH_MEM MEM MTH_BUS",5562163.00,5793952.00,1.0417,1.0564
epic,MIX_TOP1x2_TOP2,"MTH_MEM MTH_MEM MEM",5562163.00,5657994.50,1.0172,1.0227
epic,MIX_TOP2x3,"MEM MEM MEM",5562163.00,5616621.00,1.0098,1.0160
epic,MIX_TOP1_TOP3x2,"MTH_MEM MTH_BUS MTH_BUS",5562163.00,5667863.00,1.0190,1.0264
fac,SOLO3_CACHE,"CACHE CACHE CACHE",741.00,1132.00,1.5277,1.7681
fac,SOLO3_BUS,"BUS BUS BUS",741.00,791.50,1.0682,2.6314
fac,SOLO3_MEM,"MEM MEM MEM",741.00,1526.00,2.0594,3.6097
fac,SOLO3_POINTER,"POINTER POINTER POINTER",741.00,1585.50,2.1397,2.1118
fac,SOLO3_PIPELINE,"PIPELINE PIPELINE PIPELINE",741.00,786.00,1.0607,0.9470
fac,SOLO3_MTH_CACHE,"MTH_CACHE MTH_CACHE MTH_CACHE",741.00,729.50,0.9845,1.3071
fac,SOLO3_MTH_BUS,"MTH_BUS MTH_BUS MTH_BUS",741.00,724.00,0.9771,3.4619
fac,SOLO3_MTH_MEM,"MTH_MEM MTH_MEM MTH_MEM",741.00,1571.50,2.1208,4.3542
fac,SOLO3_MTH_POINTER,"MTH_POINTER MTH_POINTER MTH_POINTER",741.00,766.50,1.0344,1.0411
fac,SOLO3_MTH_PIPELINE,"MTH_PIPELINE MTH_PIPELINE MTH_PIPELINE",741.00,848.00,1.1444,1.4879
fac,SOLO3_MTH_SYSCALLS,"MTH_SYSCALLS MTH_SYSCALLS MTH_SYSCALLS",741.00,800.00,1.0796,1.1520
fac,SOLO3_PR_CACHE,"PR_CACHE PR_CACHE PR_CACHE",741.00,789.00,1.0648,1.6407
fac,SOLO3_PR_MEMBUS,"PR_MEMBUS PR_MEMBUS PR_MEMBUS",741.00,823.00,1.1107,1.2672
fac,SOLO3_PR_ROWBUF,"PR_ROWBUF PR_ROWBUF PR_ROWBUF",741.00,907.00,1.2240,1.4437
fac,SOLO3_PR_POINTER,"PR_POINTER PR_POINTER PR_POINTER",741.00,1435.00,1.9366,1.3518
fac,SOLO3_PR_TLB,"PR_TLB PR_TLB PR_TLB",741.00,865.00,1.1673,1.6174
fac,SOLO3_PR_DISKIO,"PR_DISKIO PR_DISKIO PR_DISKIO",741.00,1132.50,1.5283,1.5653
fac,SOLO3_PR_FILESYS,"PR_FILESYS PR_FILESYS PR_FILESYS",741.00,765.00,1.0324,1.1657
fac,SOLO3_PR_NET,"PR_NET PR_NET PR_NET",741.00,864.50,1.1667,1.3544
fac,SOLO3_PR_SPAWN,"PR_SPAWN PR_SPAWN PR_SPAWN",741.00,1300.50,1.7551,2.1009
fac,MIX_TOP1x3,"POINTER POINTER POINTER",741.00,3847.00,5.1916,3.2061
fac,MIX_TOP1_TOP2_TOP3,"POINTER MTH_MEM MEM",741.00,2909.00,3.9258,5.7954
fac,MIX_TOP1x2_TOP2,"POINTER POINTER MTH_MEM",741.00,967.00,1.3050,3.9696
fac,MIX_TOP2x3,"MTH_MEM MTH_MEM MTH_MEM",741.00,1117.50,1.5081,3.4718
fac,MIX_TOP1_TOP3x2,"POINTER MEM MEM",741.00,900.00,1.2146,3.3464
fft,SOLO3_CACHE,"CACHE CACHE CACHE",979871.00,986805.50,1.0071,1.0055
fft,SOLO3_BUS,"BUS BUS BUS",979871.00,990384.50,1.0107,1.0117
fft,SOLO3_MEM,"MEM MEM MEM",979871.00,994967.00,1.0154,1.0212
fft,SOLO3_POINTER,"POINTER POINTER POINTER",979871.00,1000572.00,1.0211,1.0177
fft,SOLO3_PIPELINE,"PIPELINE PIPELINE PIPELINE",979871.00,971111.00,0.9911,0.9900
fft,SOLO3_MTH_CACHE,"MTH_CACHE MTH_CACHE MTH_CACHE",979871.00,991539.50,1.0119,1.0053
fft,SOLO3_MTH_BUS,"MTH_BUS MTH_BUS MTH_BUS",979871.00,980726.00,1.0009,1.0040
fft,SOLO3_MTH_MEM,"MTH_MEM MTH_MEM MTH_MEM",979871.00,995378.00,1.0158,1.0404
fft,SOLO3_MTH_POINTER,"MTH_POINTER MTH_POINTER MTH_POINTER",979871.00,976868.50,0.9969,0.9946
fft,SOLO3_MTH_PIPELINE,"MTH_PIPELINE MTH_PIPELINE MTH_PIPELINE",979871.00,974486.00,0.9945,0.9929
fft,SOLO3_MTH_SYSCALLS,"MTH_SYSCALLS MTH_SYSCALLS MTH_SYSCALLS",979871.00,983531.50,1.0037,1.0002
fft,SOLO3_PR_CACHE,"PR_CACHE PR_CACHE PR_CACHE",979871.00,1013344.00,1.0342,1.0321
fft,SOLO3_PR_MEMBUS,"PR_MEMBUS PR_MEMBUS PR_MEMBUS",979871.00,976680.50,0.9967,0.9940
fft,SOLO3_PR_ROWBUF,"PR_ROWBUF PR_ROWBUF PR_ROWBUF",979871.00,975453.00,0.9955,0.9996
fft,SOLO3_PR_POINTER,"PR_POINTER PR_POINTER PR_POINTER",979871.00,976437.50,0.9965,0.9952
fft,SOLO3_PR_TLB,"PR_TLB PR_TLB PR_TLB",979871.00,1019145.50,1.0401,1.0434
fft,SOLO3_PR_DISKIO,"PR_DISKIO PR_DISKIO PR_DISKIO",979871.00,976023.00,0.9961,0.9961
fft,SOLO3_PR_FILESYS,"PR_FILESYS PR_FILESYS PR_FILESYS",979871.00,986435.50,1.0067,1.0040
fft,SOLO3_PR_NET,"PR_NET PR_NET PR_NET",979871.00,971242.50,0.9912,0.9903
fft,SOLO3_PR_SPAWN,"PR_SPAWN PR_SPAWN PR_SPAWN",979871.00,995271.50,1.0157,1.0126
fft,MIX_TOP1x3,"PR_TLB PR_TLB PR_TLB",979871.00,1020125.00,1.0411,1.0400
fft,MIX_TOP1_TOP2_TOP3,"PR_TLB PR_CACHE POINTER",979871.00,1007927.50,1.0286,1.0272
fft,MIX_TOP1x2_TOP2,"PR_TLB PR_TLB PR_CACHE",979871.00,1034307.00,1.0556,1.0420
fft,MIX_TOP2x3,"PR_CACHE PR_CACHE PR_CACHE",979871.00,1005840.00,1.0265,1.0285
fft,MIX_TOP1_TOP3x2,"PR_TLB POINTER POINTER",979871.00,1011373.50,1.0321,1.0358
filterbank,SOLO3_CACHE,"CACHE CACHE CACHE",15631621.50,15617215.00,0.9991,0.9990
filterbank,SOLO3_BUS,"BUS BUS BUS",15631621.50,15637989.00,1.0004,1.0028
filterbank,SOLO3_MEM,"MEM MEM MEM",15631621.50,15732631.00,1.0065,1.0070
filterbank,SOLO3_POINTER,"POINTER POINTER POINTER",15631621.50,15645955.00,1.0009,1.0007
filterbank,SOLO3_PIPELINE,"PIPELINE PIPELINE PIPELINE",15631621.50,15614563.50,0.9989,0.9988
filterbank,SOLO3_MTH_CACHE,"MTH_CACHE MTH_CACHE MTH_CACHE",15631621.50,15645987.00,1.0009,1.0006
filterbank,SOLO3_MTH_BUS,"MTH_BUS MTH_BUS MTH_BUS",15631621.50,15641478.50,1.0006,1.0007
filterbank,SOLO3_MTH_MEM,"MTH_MEM MTH_MEM MTH_MEM",15631621.50,15773828.00,1.0091,1.0165
filterbank,SOLO3_MTH_POINTER,"MTH_POINTER MTH_POINTER MTH_POINTER",15631621.50,15614887.00,0.9989,0.9995
filterbank,SOLO3_MTH_PIPELINE,"MTH_PIPELINE MTH_PIPELINE MTH_PIPELINE",15631621.50,15606811.00,0.9984,0.9985
filterbank,SOLO3_MTH_SYSCALLS,"MTH_SYSCALLS MTH_SYSCALLS MTH_SYSCALLS",15631621.50,15630332.50,0.9999,1.0001
filterbank,SOLO3_PR_CACHE,"PR_CACHE PR_CACHE PR_CACHE",15631621.50,15669014.50,1.0024,1.0023
filterbank,SOLO3_PR_MEMBUS,"PR_MEMBUS PR_MEMBUS PR_MEMBUS",15631621.50,15611954.00,0.9987,0.9989
filterbank,SOLO3_PR_ROWBUF,"PR_ROWBUF PR_ROWBUF PR_ROWBUF",15631621.50,15627056.00,0.9997,1.0001
filterbank,SOLO3_PR_POINTER,"PR_POINTER PR_POINTER PR_POINTER",15631621.50,15610865.50,0.9987,0.9992
filterbank,SOLO3_PR_TLB,"PR_TLB PR_TLB PR_TLB",15631621.50,15689406.50,1.0037,1.0039
filterbank,SOLO3_PR_DISKIO,"PR_DISKIO PR_DISKIO PR_DISKIO",15631621.50,15611210.00,0.9987,0.9988
filterbank,SOLO3_PR_FILESYS,"PR_FILESYS PR_FILESYS PR_FILESYS",15631621.50,15624076.50,0.9995,0.9994
filterbank,SOLO3_PR_NET,"PR_NET PR_NET PR_NET",15631621.50,15607920.00,0.9985,0.9985
filterbank,SOLO3_PR_SPAWN,"PR_SPAWN PR_SPAWN PR_SPAWN",15631621.50,15666186.00,1.0022,1.0026
filterbank,MIX_TOP1x3,"MTH_MEM MTH_MEM MTH_MEM",15631621.50,15697393.00,1.0042,1.0087
filterbank,MIX_TOP1_TOP2_TOP3,"MTH_MEM MEM PR_TLB",15631621.50,15655519.50,1.0015,1.0016
filterbank,MIX_TOP1x2_TOP2,"MTH_MEM MTH_MEM MEM",15631621.50,15719639.50,1.0056,1.0091
filterbank,MIX_TOP2x3,"MEM MEM MEM",15631621.50,15625569.50,0.9996,0.9995
filterbank,MIX_TOP1_TOP3x2,"MTH_MEM PR_TLB PR_TLB",15631621.50,15841921.50,1.0135,1.0156
fir2dim,SOLO3_CACHE,"CACHE CACHE CACHE",13017.50,13100.50,1.0064,0.9921
fir2dim,SOLO3_BUS,"BUS BUS BUS",13017.50,13079.00,1.0047,1.1257
fir2dim,SOLO3_MEM,"MEM MEM MEM",13017.50,14454.50,1.1104,1.6269
fir2dim,SOLO3_POINTER,"POINTER POINTER POINTER",13017.50,21410.50,1.6447,1.3578
fir2dim,SOLO3_PIPELINE,"PIPELINE PIPELINE PIPELINE",13017.50,13005.00,0.9990,1.0101
fir2dim,SOLO3_MTH_CACHE,"MTH_CACHE MTH_CACHE MTH_CACHE",13017.50,14402.50,1.1064,1.2038
fir2dim,SOLO3_MTH_BUS,"MTH_BUS MTH_BUS MTH_BUS",13017.50,12998.50,0.9985,1.0247
fir2dim,SOLO3_MTH_MEM,"MTH_MEM MTH_MEM MTH_MEM",13017.50,17082.00,1.3122,1.6834
fir2dim,SOLO3_MTH_POINTER,"MTH_POINTER MTH_POINTER MTH_POINTER",13017.50,13085.00,1.0052,0.9335
fir2dim,SOLO3_MTH_PIPELINE,"MTH_PIPELINE MTH_PIPELINE MTH_PIPELINE",13017.50,13016.50,0.9999,0.9724
fir2dim,SOLO3_MTH_SYSCALLS,"MTH_SYSCALLS MTH_SYSCALLS MTH_SYSCALLS",13017.50,13168.50,1.0116,0.9920
fir2dim,SOLO3_PR_CACHE,"PR_CACHE PR_CACHE PR_CACHE",13017.50,12995.00,0.9983,1.1125
fir2dim,SOLO3_PR_MEMBUS,"PR_MEMBUS PR_MEMBUS PR_MEMBUS",13017.50,13069.00,1.0040,1.0215
fir2dim,SOLO3_PR_ROWBUF,"PR_ROWBUF PR_ROWBUF PR_ROWBUF",13017.50,13034.00,1.0013,0.9562
fir2dim,SOLO3_PR_POINTER,"PR_POINTER PR_POINTER PR_POINTER",13017.50,14837.00,1.1398,1.0358
fir2dim,SOLO3_PR_TLB,"PR_TLB PR_TLB PR_TLB",13017.50,13122.50,1.0081,0.9411
fir2dim,SOLO3_PR_DISKIO,"PR_DISKIO PR_DISKIO PR_DISKIO",13017.50,13040.00,1.0017,0.9911
fir2dim,SOLO3_PR_FILESYS,"PR_FILESYS PR_FILESYS PR_FILESYS",13017.50,16023.50,1.2309,1.1309
fir2dim,SOLO3_PR_NET,"PR_NET PR_NET PR_NET",13017.50,13067.50,1.0038,0.9197
fir2dim,SOLO3_PR_SPAWN,"PR_SPAWN PR_SPAWN PR_SPAWN",13017.50,18510.00,1.4219,1.2480
fir2dim,MIX_TOP1x3,"POINTER POINTER POINTER",13017.50,14589.50,1.1208,1.0837
fir2dim,MIX_TOP1_TOP2_TOP3,"POINTER PR_SPAWN MTH_MEM",13017.50,13990.00,1.0747,1.4255
fir2dim,MIX_TOP1x2_TOP2,"POINTER POINTER PR_SPAWN",13017.50,16827.50,1.2927,1.1505
fir2dim,MIX_TOP2x3,"PR_SPAWN PR_SPAWN PR_SPAWN",13017.50,19116.50,1.4685,1.2667
fir2dim,MIX_TOP1_TOP3x2,"POINTER MTH_MEM MTH_MEM",13017.50,20879.50,1.6040,1.8332
fmref,SOLO3_CACHE,"CACHE CACHE CACHE",654084.50,673171.50,1.0292,1.0243
fmref,SOLO3_BUS,"BUS BUS BUS",654084.50,661255.00,1.0110,1.0232
fmref,SOLO3_MEM,"MEM MEM MEM",654084.50,663846.50,1.0149,1.0363
fmref,SOLO3_POINTER,"POINTER POINTER POINTER",654084.50,688145.50,1.0521,1.0422
fmref,SOLO3_PIPELINE,"PIPELINE PIPELINE PIPELINE",654084.50,654495.00,1.0006,1.0005
fmref,SOLO3_MTH_CACHE,"MTH_CACHE MTH_CACHE MTH_CACHE",654084.50,679196.50,1.0384,1.0247
fmref,SOLO3_MTH_BUS,"MTH_BUS MTH_BUS MTH_BUS",654084.50,662570.50,1.0130,1.0748
fmref,SOLO3_MTH_MEM,"MTH_MEM MTH_MEM MTH_MEM",654084.50,668080.00,1.0214,1.0934
fmref,SOLO3_MTH_POINTER,"MTH_POINTER MTH_POINTER MTH_POINTER",654084.50,656708.00,1.0040,0.9996
fmref,SOLO3_MTH_PIPELINE,"MTH_PIPELINE MTH_PIPELINE MTH_PIPELINE",654084.50,654403.50,1.0005,1.0030
fmref,SOLO3_MTH_SYSCALLS,"MTH_SYSCALLS MTH_SYSCALLS MTH_SYSCALLS",654084.50,670187.00,1.0246,1.0172
fmref,SOLO3_PR_CACHE,"PR_CACHE PR_CACHE PR_CACHE",654084.50,714877.50,1.0929,1.0791
fmref,SOLO3_PR_MEMBUS,"PR_MEMBUS PR_MEMBUS PR_MEMBUS",654084.50,662080.00,1.0122,1.0118
fmref,SOLO3_PR_ROWBUF,"PR_ROWBUF PR_ROWBUF PR_ROWBUF",654084.50,679583.00,1.0390,1.0214
fmref,SOLO3_PR_POINTER,"PR_POINTER PR_POINTER PR_POINTER",654084.50,656848.50,1.0042,0.9999
fmref,SOLO3_PR_TLB,"PR_TLB PR_TLB PR_TLB",654084.50,685631.00,1.0482,1.0386
fmref,SOLO3_PR_DISKIO,"PR_DISKIO PR_DISKIO PR_DISKIO",654084.50,665572.50,1.0176,1.0109
fmref,SOLO3_PR_FILESYS,"PR_FILESYS PR_FILESYS PR_FILESYS",654084.50,666123.00,1.0184,1.0105
fmref,SOLO3_PR_NET,"PR_NET PR_NET PR_NET",654084.50,658694.00,1.0070,1.0064
fmref,SOLO3_PR_SPAWN,"PR_SPAWN PR_SPAWN PR_SPAWN",654084.50,686423.50,1.0494,1.0391
fmref,MIX_TOP1x3,"PR_CACHE PR_CACHE PR_CACHE",654084.50,706262.00,1.0798,1.0576
fmref,MIX_TOP1_TOP2_TOP3,"PR_CACHE POINTER PR_SPAWN",654084.50,676968.50,1.0350,1.0338
fmref,MIX_TOP1x2_TOP2,"PR_CACHE PR_CACHE POINTER",654084.50,715825.00,1.0944,1.0706
fmref,MIX_TOP2x3,"POINTER POINTER POINTER",654084.50,688627.50,1.0528,1.0456
fmref,MIX_TOP1_TOP3x2,"PR_CACHE PR_SPAWN PR_SPAWN",654084.50,697052.00,1.0657,1.0582
g723_enc,SOLO3_CACHE,"CACHE CACHE CACHE",1033081.00,1065658.00,1.0315,1.0223
g723_enc,SOLO3_BUS,"BUS BUS BUS",1033081.00,1053873.00,1.0201,1.0130
g723_enc,SOLO3_MEM,"MEM MEM MEM",1033081.00,1045776.50,1.0123,1.0203
g723_enc,SOLO3_POINTER,"POINTER POINTER POINTER",1033081.00,1067159.50,1.0330,1.0239
g723_enc,SOLO3_PIPELINE,"PIPELINE PIPELINE PIPELINE",1033081.00,1033737.50,1.0006,1.0002
g723_enc,SOLO3_MTH_CACHE,"MTH_CACHE MTH_CACHE MTH_CACHE",1033081.00,1050720.50,1.0171,1.0045
g723_enc,SOLO3_MTH_BUS,"MTH_BUS MTH_BUS MTH_BUS",1033081.00,1037977.00,1.0047,1.0026
g723_enc,SOLO3_MTH_MEM,"MTH_MEM MTH_MEM MTH_MEM",1033081.00,1049308.00,1.0157,1.0229
g723_enc,SOLO3_MTH_POINTER,"MTH_POINTER MTH_POINTER MTH_POINTER",1033081.00,1039377.50,1.0061,1.0019
g723_enc,SOLO3_MTH_PIPELINE,"MTH_PIPELINE MTH_PIPELINE MTH_PIPELINE",1033081.00,1030093.00,0.9971,0.9930
g723_enc,SOLO3_MTH_SYSCALLS,"MTH_SYSCALLS MTH_SYSCALLS MTH_SYSCALLS",1033081.00,1044120.50,1.0107,1.0039
g723_enc,SOLO3_PR_CACHE,"PR_CACHE PR_CACHE PR_CACHE",1033081.00,1103243.50,1.0679,1.0612
g723_enc,SOLO3_PR_MEMBUS,"PR_MEMBUS PR_MEMBUS PR_MEMBUS",1033081.00,1030580.00,0.9976,0.9935
g723_enc,SOLO3_PR_ROWBUF,"PR_ROWBUF PR_ROWBUF PR_ROWBUF",1033081.00,1052197.00,1.0185,1.0157
g723_enc,SOLO3_PR_POINTER,"PR_POINTER PR_POINTER PR_POINTER",1033081.00,1034960.50,1.0018,0.9971
g723_enc,SOLO3_PR_TLB,"PR_TLB PR_TLB PR_TLB",1033081.00,1060895.50,1.0269,1.0228
g723_enc,SOLO3_PR_DISKIO,"PR_DISKIO PR_DISKIO PR_DISKIO",1033081.00,1059903.50,1.0260,1.0178
g723_enc,SOLO3_PR_FILESYS,"PR_FILESYS PR_FILESYS PR_FILESYS",1033081.00,1054245.00,1.0205,1.0133
g723_enc,SOLO3_PR_NET,"PR_NET PR_NET PR_NET",1033081.00,1029476.50,0.9965,0.9938
g723_enc,SOLO3_PR_SPAWN,"PR_SPAWN PR_SPAWN PR_SPAWN",1033081.00,1061713.00,1.0277,1.0217
g723_enc,MIX_TOP1x3,"PR_CACHE PR_CACHE PR_CACHE",1033081.00,1089675.00,1.0548,1.0641
g723_enc,MIX_TOP1_TOP2_TOP3,"PR_CACHE POINTER CACHE",1033081.00,1057788.00,1.0239,1.0201
g723_enc,MIX_TOP1x2_TOP2,"PR_CACHE PR_CACHE POINTER",1033081.00,1069035.00,1.0348,1.0275
g723_enc,MIX_TOP2x3,"POINTER POINTER POINTER",1033081.00,1057514.50,1.0237,1.0164
g723_enc,MIX_TOP1_TOP3x2,"PR_CACHE CACHE CACHE",1033081.00,1047803.00,1.0143,1.0145
gsm_dec,SOLO3_CACHE,"CACHE CACHE CACHE",3777224.50,3852436.00,1.0199,1.0236
gsm_dec,SOLO3_BUS,"BUS BUS BUS",3777224.50,3864599.50,1.0231,1.0202
gsm_dec,SOLO3_MEM,"MEM MEM MEM",3777224.50,3791900.50,1.0039,1.0227
gsm_dec,SOLO3_POINTER,"POINTER POINTER POINTER",3777224.50,3811024.50,1.0089,1.0101
gsm_dec,SOLO3_PIPELINE,"PIPELINE PIPELINE PIPELINE",3777224.50,3739685.00,0.9901,0.9938
gsm_dec,SOLO3_MTH_CACHE,"MTH_CACHE MTH_CACHE MTH_CACHE",3777224.50,3798932.00,1.0057,1.0054
gsm_dec,SOLO3_MTH_BUS,"MTH_BUS MTH_BUS MTH_BUS",3777224.50,3818028.50,1.0108,1.0136
gsm_dec,SOLO3_MTH_MEM,"MTH_MEM MTH_MEM MTH_MEM",3777224.50,3925661.00,1.0393,1.0397
gsm_dec,SOLO3_MTH_POINTER,"MTH_POINTER MTH_POINTER MTH_POINTER",3777224.50,3745475.50,0.9916,0.9931
gsm_dec,SOLO3_MTH_PIPELINE,"MTH_PIPELINE MTH_PIPELINE MTH_PIPELINE",3777224.50,3736956.50,0.9893,0.9912
gsm_dec,SOLO3_MTH_SYSCALLS,"MTH_SYSCALLS MTH_SYSCALLS MTH_SYSCALLS",3777224.50,3774743.50,0.9993,1.0008
gsm_dec,SOLO3_PR_CACHE,"PR_CACHE PR_CACHE PR_CACHE",3777224.50,3853127.00,1.0201,1.0315
gsm_dec,SOLO3_PR_MEMBUS,"PR_MEMBUS PR_MEMBUS PR_MEMBUS",3777224.50,3784874.00,1.0020,1.0017
gsm_dec,SOLO3_PR_ROWBUF,"PR_ROWBUF PR_ROWBUF PR_ROWBUF",3777224.50,3807313.00,1.0080,1.0130
gsm_dec,SOLO3_PR_POINTER,"PR_POINTER PR_POINTER PR_POINTER",3777224.50,3787745.00,1.0028,1.0128
gsm_dec,SOLO3_PR_TLB,"PR_TLB PR_TLB PR_TLB",3777224.50,3836080.00,1.0156,1.0156
gsm_dec,SOLO3_PR_DISKIO,"PR_DISKIO PR_DISKIO PR_DISKIO",3777224.50,3787593.50,1.0027,1.0048
gsm_dec,SOLO3_PR_FILESYS,"PR_FILESYS PR_FILESYS PR_FILESYS",3777224.50,3787089.50,1.0026,1.0038
gsm_dec,SOLO3_PR_NET,"PR_NET PR_NET PR_NET",3777224.50,3739030.50,0.9899,0.9936
gsm_dec,SOLO3_PR_SPAWN,"PR_SPAWN PR_SPAWN PR_SPAWN",3777224.50,3829564.00,1.0139,1.0162
gsm_dec,MIX_TOP1x3,"MTH_MEM MTH_MEM MTH_MEM",3777224.50,3982624.00,1.0544,1.0532
gsm_dec,MIX_TOP1_TOP2_TOP3,"MTH_MEM BUS PR_CACHE",3777224.50,4041359.00,1.0699,1.0822
gsm_dec,MIX_TOP1x2_TOP2,"MTH_MEM MTH_MEM BUS",3777224.50,4044726.50,1.0708,1.0719
gsm_dec,MIX_TOP2x3,"BUS BUS BUS",3777224.50,3811119.00,1.0090,1.0106
gsm_dec,MIX_TOP1_TOP3x2,"MTH_MEM PR_CACHE PR_CACHE",3777224.50,4015424.00,1.0631,1.0718
gsm_enc,SOLO3_CACHE,"CACHE CACHE CACHE",11827671.50,12060324.00,1.0197,1.0163
gsm_enc,SOLO3_BUS,"BUS BUS BUS",11827671.50,12004245.50,1.0149,1.0123
gsm_enc,SOLO3_MEM,"MEM MEM MEM",11827671.50,11935656.50,1.0091,1.0100
gsm_enc,SOLO3_POINTER,"POINTER POINTER POINTER",11827671.50,12021363.00,1.0164,1.0124
gsm_enc,SOLO3_PIPELINE,"PIPELINE PIPELINE PIPELINE",11827671.50,11817746.50,0.9992,0.9964
gsm_enc,SOLO3_MTH_CACHE,"MTH_CACHE MTH_CACHE MTH_CACHE",11827671.50,11919550.00,1.0078,1.0083
gsm_enc,SOLO3_MTH_BUS,"MTH_BUS MTH_BUS MTH_BUS",11827671.50,11981365.50,1.0130,1.0204
gsm_enc,SOLO3_MTH_MEM,"MTH_MEM MTH_MEM MTH_MEM",11827671.50,12146928.00,1.0270,1.0241
gsm_enc,SOLO3_MTH_POINTER,"MTH_POINTER MTH_POINTER MTH_POINTER",11827671.50,11763331.50,0.9946,0.9959
gsm_enc,SOLO3_MTH_PIPELINE,"MTH_PIPELINE MTH_PIPELINE MTH_PIPELINE",11827671.50,11710296.00,0.9901,0.9902
gsm_enc,SOLO3_MTH_SYSCALLS,"MTH_SYSCALLS MTH_SYSCALLS MTH_SYSCALLS",11827671.50,11840551.50,1.0011,1.0021
gsm_enc,SOLO3_PR_CACHE,"PR_CACHE PR_CACHE PR_CACHE",11827671.50,12264104.50,1.0369,1.0344
gsm_enc,SOLO3_PR_MEMBUS,"PR_MEMBUS PR_MEMBUS PR_MEMBUS",11827671.50,11840866.50,1.0011,0.9988
gsm_enc,SOLO3_PR_ROWBUF,"PR_ROWBUF PR_ROWBUF PR_ROWBUF",11827671.50,11963746.00,1.0115,1.0130
gsm_enc,SOLO3_PR_POINTER,"PR_POINTER PR_POINTER PR_POINTER",11827671.50,11971212.50,1.0121,1.0119
gsm_enc,SOLO3_PR_TLB,"PR_TLB PR_TLB PR_TLB",11827671.50,12070784.50,1.0206,1.0201
gsm_enc,SOLO3_PR_DISKIO,"PR_DISKIO PR_DISKIO PR_DISKIO",11827671.50,11852298.50,1.0021,1.0011
gsm_enc,SOLO3_PR_FILESYS,"PR_FILESYS PR_FILESYS PR_FILESYS",11827671.50,11875786.00,1.0041,1.0059
gsm_enc,SOLO3_PR_NET,"PR_NET PR_NET PR_NET",11827671.50,11717619.50,0.9907,0.9899
gsm_enc,SOLO3_PR_SPAWN,"PR_SPAWN PR_SPAWN PR_SPAWN",11827671.50,12017900.00,1.0161,1.0137
gsm_enc,MIX_TOP1x3,"PR_CACHE PR_CACHE PR_CACHE",11827671.50,12391788.50,1.0477,1.0512
gsm_enc,MIX_TOP1_TOP2_TOP3,"PR_CACHE MTH_MEM PR_TLB",11827671.50,12909001.50,1.0914,1.0892
gsm_enc,MIX_TOP1x2_TOP2,"PR_CACHE PR_CACHE MTH_MEM",11827671.50,12476321.50,1.0548,1.0578
gsm_enc,MIX_TOP2x3,"MTH_MEM MTH_MEM MTH_MEM",11827671.50,12447737.50,1.0524,1.0462
gsm_enc,MIX_TOP1_TOP3x2,"PR_CACHE PR_TLB PR_TLB",11827671.50,12274367.00,1.0378,1.0411
h264_dec,SOLO3_CACHE,"CACHE CACHE CACHE",522207.00,532204.50,1.0191,1.0204
h264_dec,SOLO3_BUS,"BUS BUS BUS",522207.00,528122.50,1.0113,1.0122
h264_dec,SOLO3_MEM,"MEM MEM MEM",522207.00,539945.50,1.0340,1.0527
h264_dec,SOLO3_POINTER,"POINTER POINTER POINTER",522207.00,538453.00,1.0311,1.0279
h264_dec,SOLO3_PIPELINE,"PIPELINE PIPELINE PIPELINE",522207.00,522396.50,1.0004,1.0002
h264_dec,SOLO3_MTH_CACHE,"MTH_CACHE MTH_CACHE MTH_CACHE",522207.00,545331.50,1.0443,1.0348
h264_dec,SOLO3_MTH_BUS,"MTH_BUS MTH_BUS MTH_BUS",522207.00,541880.50,1.0377,1.0323
h264_dec,SOLO3_MTH_MEM,"MTH_MEM MTH_MEM MTH_MEM",522207.00,540234.00,1.0345,1.0675
h264_dec,SOLO3_MTH_POINTER,"MTH_POINTER MTH_POINTER MTH_POINTER",522207.00,527181.50,1.0095,1.0115
h264_dec,SOLO3_MTH_PIPELINE,"MTH_PIPELINE MTH_PIPELINE MTH_PIPELINE",522207.00,522967.50,1.0015,1.0064
h264_dec,SOLO3_MTH_SYSCALLS,"MTH_SYSCALLS MTH_SYSCALLS MTH_SYSCALLS",522207.00,532942.50,1.0206,1.0167
h264_dec,SOLO3_PR_CACHE,"PR_CACHE PR_CACHE PR_CACHE",522207.00,560371.50,1.0731,1.0716
h264_dec,SOLO3_PR_MEMBUS,"PR_MEMBUS PR_MEMBUS PR_MEMBUS",522207.00,532514.50,1.0197,1.0149
h264_dec,SOLO3_PR_ROWBUF,"PR_ROWBUF PR_ROWBUF PR_ROWBUF",522207.00,531636.00,1.0181,1.0220
h264_dec,SOLO3_PR_POINTER,"PR_POINTER PR_POINTER PR_POINTER",522207.00,528536.50,1.0121,1.0101
h264_dec,SOLO3_PR_TLB,"PR_TLB PR_TLB PR_TLB",522207.00,560947.00,1.0742,1.0743
h264_dec,SOLO3_PR_DISKIO,"PR_DISKIO PR_DISKIO PR_DISKIO",522207.00,542457.50,1.0388,1.0332
h264_dec,SOLO3_PR_FILESYS,"PR_FILESYS PR_FILESYS PR_FILESYS",522207.00,541212.00,1.0364,1.0338
h264_dec,SOLO3_PR_NET,"PR_NET PR_NET PR_NET",522207.00,523293.50,1.0021,1.0022
h264_dec,SOLO3_PR_SPAWN,"PR_SPAWN PR_SPAWN PR_SPAWN",522207.00,552136.50,1.0573,1.0523
h264_dec,MIX_TOP1x3,"PR_TLB PR_TLB PR_TLB",522207.00,530312.00,1.0155,1.0292
h264_dec,MIX_TOP1_TOP2_TOP3,"PR_TLB PR_CACHE PR_SPAWN",522207.00,561334.50,1.0749,1.0855
h264_dec,MIX_TOP1x2_TOP2,"PR_TLB PR_TLB PR_CACHE",522207.00,566974.50,1.0857,1.0945
h264_dec,MIX_TOP2x3,"PR_CACHE PR_CACHE PR_CACHE",522207.00,557347.50,1.0673,1.0680
h264_dec,MIX_TOP1_TOP3x2,"PR_TLB PR_SPAWN PR_SPAWN",522207.00,552464.50,1.0579,1.0706
huff_enc,SOLO3_CACHE,"CACHE CACHE CACHE",1495374.00,1508875.00,1.0090,1.0098
huff_enc,SOLO3_BUS,"BUS BUS BUS",1495374.00,1515508.00,1.0135,1.0145
huff_enc,SOLO3_MEM,"MEM MEM MEM",1495374.00,1539095.00,1.0292,1.0390
huff_enc,SOLO3_POINTER,"POINTER POINTER POINTER",1495374.00,1502932.50,1.0051,1.0081
huff_enc,SOLO3_PIPELINE,"PIPELINE PIPELINE PIPELINE",1495374.00,1481815.00,0.9909,1.0005
huff_enc,SOLO3_MTH_CACHE,"MTH_CACHE MTH_CACHE MTH_CACHE",1495374.00,1506452.50,1.0074,1.0110
huff_enc,SOLO3_MTH_BUS,"MTH_BUS MTH_BUS MTH_BUS",1495374.00,1506971.00,1.0078,1.0120
huff_enc,SOLO3_MTH_MEM,"MTH_MEM MTH_MEM MTH_MEM",1495374.00,1518570.50,1.0155,1.0272
huff_enc,SOLO3_MTH_POINTER,"MTH_POINTER MTH_POINTER MTH_POINTER",1495374.00,1512789.00,1.0116,1.0181
huff_enc,SOLO3_MTH_PIPELINE,"MTH_PIPELINE MTH_PIPELINE MTH_PIPELINE",1495374.00,1481409.00,0.9907,0.9951
huff_enc,SOLO3_MTH_SYSCALLS,"MTH_SYSCALLS MTH_SYSCALLS MTH_SYSCALLS",1495374.00,1500380.50,1.0033,1.0050
huff_enc,SOLO3_PR_CACHE,"PR_CACHE PR_CACHE PR_CACHE",1495374.00,1549654.50,1.0363,1.0367
huff_enc,SOLO3_PR_MEMBUS,"PR_MEMBUS PR_MEMBUS PR_MEMBUS",1495374.00,1498189.50,1.0019,1.0036
huff_enc,SOLO3_PR_ROWBUF,"PR_ROWBUF PR_ROWBUF PR_ROWBUF",1495374.00,1511866.50,1.0110,1.0225
huff_enc,SOLO3_PR_POINTER,"PR_POINTER PR_POINTER PR_POINTER",1495374.00,1487098.00,0.9945,0.9981
huff_enc,SOLO3_PR_TLB,"PR_TLB PR_TLB PR_TLB",1495374.00,1519986.00,1.0165,1.0182
huff_enc,SOLO3_PR_DISKIO,"PR_DISKIO PR_DISKIO PR_DISKIO",1495374.00,1509532.50,1.0095,1.0097
huff_enc,SOLO3_PR_FILESYS,"PR_FILESYS PR_FILESYS PR_FILESYS",1495374.00,1496922.00,1.0010,1.0034
huff_enc,SOLO3_PR_NET,"PR_NET PR_NET PR_NET",1495374.00,1484205.00,0.9925,0.9952
huff_enc,SOLO3_PR_SPAWN,"PR_SPAWN PR_SPAWN PR_SPAWN",1495374.00,1514274.50,1.0126,1.0170
huff_enc,MIX_TOP1x3,"PR_CACHE PR_CACHE PR_CACHE",1495374.00,1516809.50,1.0143,1.0144
huff_enc,MIX_TOP1_TOP2_TOP3,"PR_CACHE MEM PR_TLB",1495374.00,1608515.00,1.0757,1.0787
huff_enc,MIX_TOP1x2_TOP2,"PR_CACHE PR_CACHE MEM",1495374.00,1606005.00,1.0740,1.1144
huff_enc,MIX_TOP2x3,"MEM MEM MEM",1495374.00,1507832.50,1.0083,1.0400
huff_enc,MIX_TOP1_TOP3x2,"PR_CACHE PR_TLB PR_TLB",1495374.00,1525407.00,1.0201,1.0386
iir,SOLO3_CACHE,"CACHE CACHE CACHE",3671.50,3649.00,0.9939,1.1761
iir,SOLO3_BUS,"BUS BUS BUS",3671.50,3530.00,0.9615,1.0334
iir,SOLO3_MEM,"MEM MEM MEM",3671.50,4085.00,1.1126,1.7169
iir,SOLO3_POINTER,"POINTER POINTER POINTER",3671.50,3529.00,0.9612,1.0320
iir,SOLO3_PIPELINE,"PIPELINE PIPELINE PIPELINE",3671.50,3631.00,0.9890,1.1213
iir,SOLO3_MTH_CACHE,"MTH_CACHE MTH_CACHE MTH_CACHE",3671.50,6267.50,1.7071,1.4208
iir,SOLO3_MTH_BUS,"MTH_BUS MTH_BUS MTH_BUS",3671.50,3497.00,0.9525,1.6347
iir,SOLO3_MTH_MEM,"MTH_MEM MTH_MEM MTH_MEM",3671.50,3942.50,1.0738,1.8046
iir,SOLO3_MTH_POINTER,"MTH_POINTER MTH_POINTER MTH_POINTER",3671.50,3987.50,1.0861,1.1624
iir,SOLO3_MTH_PIPELINE,"MTH_PIPELINE MTH_PIPELINE MTH_PIPELINE",3671.50,3495.00,0.9519,0.9801
iir,SOLO3_MTH_SYSCALLS,"MTH_SYSCALLS MTH_SYSCALLS MTH_SYSCALLS",3671.50,3498.00,0.9527,1.1115
iir,SOLO3_PR_CACHE,"PR_CACHE PR_CACHE PR_CACHE",3671.50,13800.50,3.7588,2.8954
iir,SOLO3_PR_MEMBUS,"PR_MEMBUS PR_MEMBUS PR_MEMBUS",3671.50,3554.50,0.9681,0.9660
iir,SOLO3_PR_ROWBUF,"PR_ROWBUF PR_ROWBUF PR_ROWBUF",3671.50,3558.50,0.9692,1.0674
iir,SOLO3_PR_POINTER,"PR_POINTER PR_POINTER PR_POINTER",3671.50,3930.00,1.0704,1.3872
iir,SOLO3_PR_TLB,"PR_TLB PR_TLB PR_TLB",3671.50,3533.00,0.9623,0.9915
iir,SOLO3_PR_DISKIO,"PR_DISKIO PR_DISKIO PR_DISKIO",3671.50,3497.50,0.9526,1.0935
iir,SOLO3_PR_FILESYS,"PR_FILESYS PR_FILESYS PR_FILESYS",3671.50,4213.50,1.1476,1.1642
iir,SOLO3_PR_NET,"PR_NET PR_NET PR_NET",3671.50,3654.50,0.9954,1.0056
iir,SOLO3_PR_SPAWN,"PR_SPAWN PR_SPAWN PR_SPAWN",3671.50,4942.50,1.3462,1.5290
iir,MIX_TOP1x3,"PR_CACHE PR_CACHE PR_CACHE",3671.50,3523.50,0.9597,1.4436
iir,MIX_TOP1_TOP2_TOP3,"PR_CACHE MTH_CACHE PR_SPAWN",3671.50,3596.00,0.9794,1.2175
iir,MIX_TOP1x2_TOP2,"PR_CACHE PR_CACHE MTH_CACHE",3671.50,3543.50,0.9651,1.0027
iir,MIX_TOP2x3,"MTH_CACHE MTH_CACHE MTH_CACHE",3671.50,6379.50,1.7376,1.6497
iir,MIX_TOP1_TOP3x2,"PR_CACHE PR_SPAWN PR_SPAWN",3671.50,3735.00,1.0173,1.1625
insertsort,SOLO3_CACHE,"CACHE CACHE CACHE",4276.50,4522.00,1.0574,1.1771
insertsort,SOLO3_BUS,"BUS BUS BUS",4276.50,4231.50,0.9895,1.0711
insertsort,SOLO3_MEM,"MEM MEM MEM",4276.50,4556.50,1.0655,1.6511
insertsort,SOLO3_POINTER,"POINTER POINTER POINTER",4276.50,4643.50,1.0858,1.1855
insertsort,SOLO3_PIPELINE,"PIPELINE PIPELINE PIPELINE",4276.50,4471.00,1.0455,0.8978
insertsort,SOLO3_MTH_CACHE,"MTH_CACHE MTH_CACHE MTH_CACHE",4276.50,6990.00,1.6345,1.4544
insertsort,SOLO3_MTH_BUS,"MTH_BUS MTH_BUS MTH_BUS",4276.50,4859.50,1.1363,2.3091
insertsort,SOLO3_MTH_MEM,"MTH_MEM MTH_MEM MTH_MEM",4276.50,5292.00,1.2375,2.1856
insertsort,SOLO3_MTH_POINTER,"MTH_POINTER MTH_POINTER MTH_POINTER",4276.50,4234.50,0.9902,1.1197
insertsort,SOLO3_MTH_PIPELINE,"MTH_PIPELINE MTH_PIPELINE MTH_PIPELINE",4276.50,4235.00,0.9903,0.8621
insertsort,SOLO3_MTH_SYSCALLS,"MTH_SYSCALLS MTH_SYSCALLS MTH_SYSCALLS",4276.50,4214.00,0.9854,0.8591
insertsort,SOLO3_PR_CACHE,"PR_CACHE PR_CACHE PR_CACHE",4276.50,20862.00,4.8783,3.5661
insertsort,SOLO3_PR_MEMBUS,"PR_MEMBUS PR_MEMBUS PR_MEMBUS",4276.50,5058.50,1.1829,0.9512
insertsort,SOLO3_PR_ROWBUF,"PR_ROWBUF PR_ROWBUF PR_ROWBUF",4276.50,4575.00,1.0698,0.8977
insertsort,SOLO3_PR_POINTER,"PR_POINTER PR_POINTER PR_POINTER",4276.50,5734.00,1.3408,1.4045
insertsort,SOLO3_PR_TLB,"PR_TLB PR_TLB PR_TLB",4276.50,4290.00,1.0032,0.9674
insertsort,SOLO3_PR_DISKIO,"PR_DISKIO PR_DISKIO PR_DISKIO",4276.50,4833.50,1.1302,0.9856
insertsort,SOLO3_PR_FILESYS,"PR_FILESYS PR_FILESYS PR_FILESYS",4276.50,4227.00,0.9884,0.9950
insertsort,SOLO3_PR_NET,"PR_NET PR_NET PR_NET",4276.50,4248.00,0.9933,0.8619
insertsort,SOLO3_PR_SPAWN,"PR_SPAWN PR_SPAWN PR_SPAWN",4276.50,7565.00,1.7690,1.3368
insertsort,MIX_TOP1x3,"PR_CACHE PR_CACHE PR_CACHE",4276.50,4296.50,1.0047,1.0626
insertsort,MIX_TOP1_TOP2_TOP3,"PR_CACHE PR_SPAWN MTH_CACHE",4276.50,14300.00,3.3439,2.1688
insertsort,MIX_TOP1x2_TOP2,"PR_CACHE PR_CACHE PR_SPAWN",4276.50,7738.00,1.8094,1.4235
insertsort,MIX_TOP2x3,"PR_SPAWN PR_SPAWN PR_SPAWN",4276.50,7541.50,1.7635,1.2508
insertsort,MIX_TOP1_TOP3x2,"PR_CACHE MTH_CACHE MTH_CACHE",4276.50,4200.00,0.9821,1.0666
isqrt,SOLO3_CACHE,"CACHE CACHE CACHE",1433754.00,1438161.00,1.0031,1.0033
isqrt,SOLO3_BUS,"BUS BUS BUS",1433754.00,1439648.00,1.0041,1.0046
isqrt,SOLO3_MEM,"MEM MEM MEM",1433754.00,1436883.50,1.0022,1.0067
isqrt,SOLO3_POINTER,"POINTER POINTER POINTER",1433754.00,1440843.50,1.0049,1.0059
isqrt,SOLO3_PIPELINE,"PIPELINE PIPELINE PIPELINE",1433754.00,1433569.50,0.9999,1.0000
isqrt,SOLO3_MTH_CACHE,"MTH_CACHE MTH_CACHE MTH_CACHE",1433754.00,1438754.50,1.0035,1.0044
isqrt,SOLO3_MTH_BUS,"MTH_BUS MTH_BUS MTH_BUS",1433754.00,1435580.00,1.0013,1.0018
isqrt,SOLO3_MTH_MEM,"MTH_MEM MTH_MEM MTH_MEM",1433754.00,1439869.50,1.0043,1.0081
isqrt,SOLO3_MTH_POINTER,"MTH_POINTER MTH_POINTER MTH_POINTER",1433754.00,1434037.00,1.0002,1.0002
isqrt,SOLO3_MTH_PIPELINE,"MTH_PIPELINE MTH_PIPELINE MTH_PIPELINE",1433754.00,1433775.00,1.0000,1.0001
isqrt,SOLO3_MTH_SYSCALLS,"MTH_SYSCALLS MTH_SYSCALLS MTH_SYSCALLS",1433754.00,1437148.00,1.0024,1.0028
isqrt,SOLO3_PR_CACHE,"PR_CACHE PR_CACHE PR_CACHE",1433754.00,1448069.50,1.0100,1.0122
isqrt,SOLO3_PR_MEMBUS,"PR_MEMBUS PR_MEMBUS PR_MEMBUS",1433754.00,1435947.50,1.0015,1.0017
isqrt,SOLO3_PR_ROWBUF,"PR_ROWBUF PR_ROWBUF PR_ROWBUF",1433754.00,1437996.00,1.0030,1.0030
isqrt,SOLO3_PR_POINTER,"PR_POINTER PR_POINTER PR_POINTER",1433754.00,1434887.00,1.0008,1.0011
isqrt,SOLO3_PR_TLB,"PR_TLB PR_TLB PR_TLB",1433754.00,1450248.50,1.0115,1.0093
isqrt,SOLO3_PR_DISKIO,"PR_DISKIO PR_DISKIO PR_DISKIO",1433754.00,1433722.00,1.0000,1.0009
isqrt,SOLO3_PR_FILESYS,"PR_FILESYS PR_FILESYS PR_FILESYS",1433754.00,1435166.50,1.0010,1.0019
isqrt,SOLO3_PR_NET,"PR_NET PR_NET PR_NET",1433754.00,1434164.50,1.0003,1.0003
isqrt,SOLO3_PR_SPAWN,"PR_SPAWN PR_SPAWN PR_SPAWN",1433754.00,1441533.00,1.0054,1.0054
isqrt,MIX_TOP1x3,"PR_TLB PR_TLB PR_TLB",1433754.00,1449800.00,1.0112,1.0097
isqrt,MIX_TOP1_TOP2_TOP3,"PR_TLB PR_CACHE PR_SPAWN",1433754.00,1445817.50,1.0084,1.0082
isqrt,MIX_TOP1x2_TOP2,"PR_TLB PR_TLB PR_CACHE",1433754.00,1443705.50,1.0069,1.0084
isqrt,MIX_TOP2x3,"PR_CACHE PR_CACHE PR_CACHE",1433754.00,1444303.00,1.0074,1.0063
isqrt,MIX_TOP1_TOP3x2,"PR_TLB PR_SPAWN PR_SPAWN",1433754.00,1443006.00,1.0065,1.0064
jfdctint,SOLO3_CACHE,"CACHE CACHE CACHE",8565.50,8714.50,1.0174,1.2389
jfdctint,SOLO3_BUS,"BUS BUS BUS",8565.50,8528.50,0.9957,0.9590
jfdctint,SOLO3_MEM,"MEM MEM MEM",8565.50,12335.50,1.4401,2.3057
jfdctint,SOLO3_POINTER,"POINTER POINTER POINTER",8565.50,11179.00,1.3051,1.3155
jfdctint,SOLO3_PIPELINE,"PIPELINE PIPELINE PIPELINE",8565.50,8583.50,1.0021,1.0411
jfdctint,SOLO3_MTH_CACHE,"MTH_CACHE MTH_CACHE MTH_CACHE",8565.50,8629.00,1.0074,0.9795
jfdctint,SOLO3_MTH_BUS,"MTH_BUS MTH_BUS MTH_BUS",8565.50,9171.50,1.0707,1.2111
jfdctint,SOLO3_MTH_MEM,"MTH_MEM MTH_MEM MTH_MEM",8565.50,9999.00,1.1674,1.8223
jfdctint,SOLO3_MTH_POINTER,"MTH_POINTER MTH_POINTER MTH_POINTER",8565.50,8512.50,0.9938,1.0032
jfdctint,SOLO3_MTH_PIPELINE,"MTH_PIPELINE MTH_PIPELINE MTH_PIPELINE",8565.50,8650.00,1.0099,0.9481
jfdctint,SOLO3_MTH_SYSCALLS,"MTH_SYSCALLS MTH_SYSCALLS MTH_SYSCALLS",8565.50,11617.00,1.3563,1.2161
jfdctint,SOLO3_PR_CACHE,"PR_CACHE PR_CACHE PR_CACHE",8565.50,8531.00,0.9960,1.1181
jfdctint,SOLO3_PR_MEMBUS,"PR_MEMBUS PR_MEMBUS PR_MEMBUS",8565.50,8499.00,0.9922,0.9379
jfdctint,SOLO3_PR_ROWBUF,"PR_ROWBUF PR_ROWBUF PR_ROWBUF",8565.50,8615.50,1.0058,1.0899
jfdctint,SOLO3_PR_POINTER,"PR_POINTER PR_POINTER PR_POINTER",8565.50,9877.50,1.1532,1.0493
jfdctint,SOLO3_PR_TLB,"PR_TLB PR_TLB PR_TLB",8565.50,8969.00,1.0471,1.1055
jfdctint,SOLO3_PR_DISKIO,"PR_DISKIO PR_DISKIO PR_DISKIO",8565.50,8526.00,0.9954,1.1464
jfdctint,SOLO3_PR_FILESYS,"PR_FILESYS PR_FILESYS PR_FILESYS",8565.50,12923.50,1.5088,1.3104
jfdctint,SOLO3_PR_NET,"PR_NET PR_NET PR_NET",8565.50,8918.00,1.0412,1.0024
jfdctint,SOLO3_PR_SPAWN,"PR_SPAWN PR_SPAWN PR_SPAWN",8565.50,15057.00,1.7579,1.5017
jfdctint,MIX_TOP1x3,"PR_SPAWN PR_SPAWN PR_SPAWN",8565.50,20511.50,2.3947,2.0130
jfdctint,MIX_TOP1_TOP2_TOP3,"PR_SPAWN PR_FILESYS MEM",8565.50,14940.50,1.7443,1.4678
jfdctint,MIX_TOP1x2_TOP2,"PR_SPAWN PR_SPAWN PR_FILESYS",8565.50,15962.00,1.8635,1.6210
jfdctint,MIX_TOP2x3,"PR_FILESYS PR_FILESYS PR_FILESYS",8565.50,8584.00,1.0022,0.9597
jfdctint,MIX_TOP1_TOP3x2,"PR_SPAWN MEM MEM",8565.50,12357.00,1.4426,2.1510
lift,SOLO3_CACHE,"CACHE CACHE CACHE",1410045.50,1414279.50,1.0030,1.0057
lift,SOLO3_BUS,"BUS BUS BUS",1410045.50,1414093.00,1.0029,1.0060
lift,SOLO3_MEM,"MEM MEM MEM",1410045.50,1402076.00,0.9943,1.0158
lift,SOLO3_POINTER,"POINTER POINTER POINTER",1410045.50,1415559.50,1.0039,1.0068
lift,SOLO3_PIPELINE,"PIPELINE PIPELINE PIPELINE",1410045.50,1395768.00,0.9899,0.9942
lift,SOLO3_MTH_CACHE,"MTH_CACHE MTH_CACHE MTH_CACHE",1410045.50,1407272.00,0.9980,0.9986
lift,SOLO3_MTH_BUS,"MTH_BUS MTH_BUS MTH_BUS",1410045.50,1410991.00,1.0007,1.0064
lift,SOLO3_MTH_MEM,"MTH_MEM MTH_MEM MTH_MEM",1410045.50,1398449.00,0.9918,1.0030
lift,SOLO3_MTH_POINTER,"MTH_POINTER MTH_POINTER MTH_POINTER",1410045.50,1426618.00,1.0118,1.0156
lift,SOLO3_MTH_PIPELINE,"MTH_PIPELINE MTH_PIPELINE MTH_PIPELINE",1410045.50,1395918.50,0.9900,0.9938
lift,SOLO3_MTH_SYSCALLS,"MTH_SYSCALLS MTH_SYSCALLS MTH_SYSCALLS",1410045.50,1399187.50,0.9923,0.9965
lift,SOLO3_PR_CACHE,"PR_CACHE PR_CACHE PR_CACHE",1410045.50,1428914.50,1.0134,1.0207
lift,SOLO3_PR_MEMBUS,"PR_MEMBUS PR_MEMBUS PR_MEMBUS",1410045.50,1404576.00,0.9961,0.9993
lift,SOLO3_PR_ROWBUF,"PR_ROWBUF PR_ROWBUF PR_ROWBUF",1410045.50,1402228.00,0.9945,0.9972
lift,SOLO3_PR_POINTER,"PR_POINTER PR_POINTER PR_POINTER",1410045.50,1398014.50,0.9915,0.9956
lift,SOLO3_PR_TLB,"PR_TLB PR_TLB PR_TLB",1410045.50,1419297.50,1.0066,1.0093
lift,SOLO3_PR_DISKIO,"PR_DISKIO PR_DISKIO PR_DISKIO",1410045.50,1400964.00,0.9936,0.9987
lift,SOLO3_PR_FILESYS,"PR_FILESYS PR_FILESYS PR_FILESYS",1410045.50,1404398.50,0.9960,0.9997
lift,SOLO3_PR_NET,"PR_NET PR_NET PR_NET",1410045.50,1396353.50,0.9903,0.9943
lift,SOLO3_PR_SPAWN,"PR_SPAWN PR_SPAWN PR_SPAWN",1410045.50,1419488.50,1.0067,1.0090
lift,MIX_TOP1x3,"PR_CACHE PR_CACHE PR_CACHE",1410045.50,1427658.50,1.0125,1.0149
lift,MIX_TOP1_TOP2_TOP3,"PR_CACHE MTH_POINTER PR_SPAWN",1410045.50,1423860.50,1.0098,1.0115
lift,MIX_TOP1x2_TOP2,"PR_CACHE PR_CACHE MTH_POINTER",1410045.50,1418168.00,1.0058,1.0073
lift,MIX_TOP2x3,"MTH_POINTER MTH_POINTER MTH_POINTER",1410045.50,1400394.00,0.9932,0.9976
lift,MIX_TOP1_TOP3x2,"PR_CACHE PR_SPAWN PR_SPAWN",1410045.50,1430302.50,1.0144,1.0166
lms,SOLO3_CACHE,"CACHE CACHE CACHE",460561.00,465687.50,1.0111,1.0120
lms,SOLO3_BUS,"BUS BUS BUS",460561.00,460656.50,1.0002,1.0026
lms,SOLO3_MEM,"MEM MEM MEM",460561.00,461883.50,1.0029,1.0165
lms,SOLO3_POINTER,"POINTER POINTER POINTER",460561.00,473803.50,1.0288,1.0219
lms,SOLO3_PIPELINE,"PIPELINE PIPELINE PIPELINE",460561.00,460752.50,1.0004,1.0028
lms,SOLO3_MTH_CACHE,"MTH_CACHE MTH_CACHE MTH_CACHE",460561.00,466745.00,1.0134,1.0140
lms,SOLO3_MTH_BUS,"MTH_BUS MTH_BUS MTH_BUS",460561.00,461625.00,1.0023,1.0069
lms,SOLO3_MTH_MEM,"MTH_MEM MTH_MEM MTH_MEM",460561.00,461682.50,1.0024,1.0398
lms,SOLO3_MTH_POINTER,"MTH_POINTER MTH_POINTER MTH_POINTER",460561.00,461248.00,1.0015,1.0019
lms,SOLO3_MTH_PIPELINE,"MTH_PIPELINE MTH_PIPELINE MTH_PIPELINE",460561.00,460754.50,1.0004,1.0003
lms,SOLO3_MTH_SYSCALLS,"MTH_SYSCALLS MTH_SYSCALLS MTH_SYSCALLS",460561.00,462348.00,1.0039,1.0041
lms,SOLO3_PR_CACHE,"PR_CACHE PR_CACHE PR_CACHE",460561.00,481057.00,1.0445,1.0442
lms,SOLO3_PR_MEMBUS,"PR_MEMBUS PR_MEMBUS PR_MEMBUS",460561.00,463103.50,1.0055,1.0061
lms,SOLO3_PR_ROWBUF,"PR_ROWBUF PR_ROWBUF PR_ROWBUF",460561.00,462855.50,1.0050,1.0063
lms,SOLO3_PR_POINTER,"PR_POINTER PR_POINTER PR_POINTER",460561.00,463575.50,1.0065,1.0096
lms,SOLO3_PR_TLB,"PR_TLB PR_TLB PR_TLB",460561.00,466900.50,1.0138,1.0123
lms,SOLO3_PR_DISKIO,"PR_DISKIO PR_DISKIO PR_DISKIO",460561.00,463397.50,1.0062,1.0050
lms,SOLO3_PR_FILESYS,"PR_FILESYS PR_FILESYS PR_FILESYS",460561.00,466536.00,1.0130,1.0117
lms,SOLO3_PR_NET,"PR_NET PR_NET PR_NET",460561.00,461695.50,1.0025,1.0030
lms,SOLO3_PR_SPAWN,"PR_SPAWN PR_SPAWN PR_SPAWN",460561.00,472057.50,1.0250,1.0208
lms,MIX_TOP1x3,"PR_CACHE PR_CACHE PR_CACHE",460561.00,470598.00,1.0218,1.0245
lms,MIX_TOP1_TOP2_TOP3,"PR_CACHE POINTER PR_SPAWN",460561.00,471737.00,1.0243,1.0280
lms,MIX_TOP1x2_TOP2,"PR_CACHE PR_CACHE POINTER",460561.00,484656.00,1.0523,1.0498
lms,MIX_TOP2x3,"POINTER POINTER POINTER",460561.00,470290.50,1.0211,1.0183
lms,MIX_TOP1_TOP3x2,"PR_CACHE PR_SPAWN PR_SPAWN",460561.00,474966.00,1.0313,1.0344
ludcmp,SOLO3_CACHE,"CACHE CACHE CACHE",10767.00,10796.50,1.0027,1.0956
ludcmp,SOLO3_BUS,"BUS BUS BUS",10767.00,11113.00,1.0321,1.3061
ludcmp,SOLO3_MEM,"MEM MEM MEM",10767.00,12478.00,1.1589,1.6484
ludcmp,SOLO3_POINTER,"POINTER POINTER POINTER",10767.00,18588.00,1.7264,1.5710
ludcmp,SOLO3_PIPELINE,"PIPELINE PIPELINE PIPELINE",10767.00,11111.00,1.0319,1.0082
ludcmp,SOLO3_MTH_CACHE,"MTH_CACHE MTH_CACHE MTH_CACHE",10767.00,11087.50,1.0298,1.1199
ludcmp,SOLO3_MTH_BUS,"MTH_BUS MTH_BUS MTH_BUS",10767.00,10846.00,1.0073,1.2222
ludcmp,SOLO3_MTH_MEM,"MTH_MEM MTH_MEM MTH_MEM",10767.00,12293.00,1.1417,1.8523
ludcmp,SOLO3_MTH_POINTER,"MTH_POINTER MTH_POINTER MTH_POINTER",10767.00,12338.00,1.1459,1.1211
ludcmp,SOLO3_MTH_PIPELINE,"MTH_PIPELINE MTH_PIPELINE MTH_PIPELINE",10767.00,11087.50,1.0298,0.9935
ludcmp,SOLO3_MTH_SYSCALLS,"MTH_SYSCALLS MTH_SYSCALLS MTH_SYSCALLS",10767.00,11603.50,1.0777,1.1076
ludcmp,SOLO3_PR_CACHE,"PR_CACHE PR_CACHE PR_CACHE",10767.00,10618.00,0.9862,1.1902
ludcmp,SOLO3_PR_MEMBUS,"PR_MEMBUS PR_MEMBUS PR_MEMBUS",10767.00,10860.00,1.0086,0.9908
ludcmp,SOLO3_PR_ROWBUF,"PR_ROWBUF PR_ROWBUF PR_ROWBUF",10767.00,10748.50,0.9983,0.9968
ludcmp,SOLO3_PR_POINTER,"PR_POINTER PR_POINTER PR_POINTER",10767.00,12306.50,1.1430,1.0615
ludcmp,SOLO3_PR_TLB,"PR_TLB PR_TLB PR_TLB",10767.00,10832.50,1.0061,1.0238
ludcmp,SOLO3_PR_DISKIO,"PR_DISKIO PR_DISKIO PR_DISKIO",10767.00,16499.00,1.5324,1.3923
ludcmp,SOLO3_PR_FILESYS,"PR_FILESYS PR_FILESYS PR_FILESYS",10767.00,10795.00,1.0026,0.9843
ludcmp,SOLO3_PR_NET,"PR_NET PR_NET PR_NET",10767.00,11026.00,1.0241,0.9988
ludcmp,SOLO3_PR_SPAWN,"PR_SPAWN PR_SPAWN PR_SPAWN",10767.00,10773.00,1.0006,1.0242
ludcmp,MIX_TOP1x3,"POINTER POINTER POINTER",10767.00,12368.50,1.1487,1.1960
ludcmp,MIX_TOP1_TOP2_TOP3,"POINTER PR_DISKIO MEM",10767.00,13595.00,1.2627,4.5512
ludcmp,MIX_TOP1x2_TOP2,"POINTER POINTER PR_DISKIO",10767.00,12669.00,1.1767,1.2187
ludcmp,MIX_TOP2x3,"PR_DISKIO PR_DISKIO PR_DISKIO",10767.00,10846.50,1.0074,1.1062
ludcmp,MIX_TOP1_TOP3x2,"POINTER MEM MEM",10767.00,12101.00,1.1239,1.7676
matrix1,SOLO3_CACHE,"CACHE CACHE CACHE",20701.50,20864.00,1.0078,1.0093
matrix1,SOLO3_BUS,"BUS BUS BUS",20701.50,20835.50,1.0065,0.9970
matrix1,SOLO3_MEM,"MEM MEM MEM",20701.50,20741.50,1.0019,1.0926
matrix1,SOLO3_POINTER,"POINTER POINTER POINTER",20701.50,24513.50,1.1841,1.1613
matrix1,SOLO3_PIPELINE,"PIPELINE PIPELINE PIPELINE",20701.50,20718.50,1.0008,0.9772
matrix1,SOLO3_MTH_CACHE,"MTH_CACHE MTH_CACHE MTH_CACHE",20701.50,20687.50,0.9993,0.9967
matrix1,SOLO3_MTH_BUS,"MTH_BUS MTH_BUS MTH_BUS",20701.50,20685.50,0.9992,1.0029
matrix1,SOLO3_MTH_MEM,"MTH_MEM MTH_MEM MTH_MEM",20701.50,21231.00,1.0256,1.1289
matrix1,SOLO3_MTH_POINTER,"MTH_POINTER MTH_POINTER MTH_POINTER",20701.50,21682.00,1.0474,1.0408
matrix1,SOLO3_MTH_PIPELINE,"MTH_PIPELINE MTH_PIPELINE MTH_PIPELINE",20701.50,20814.50,1.0055,1.0081
matrix1,SOLO3_MTH_SYSCALLS,"MTH_SYSCALLS MTH_SYSCALLS MTH_SYSCALLS",20701.50,20869.00,1.0081,0.9867
matrix1,SOLO3_PR_CACHE,"PR_CACHE PR_CACHE PR_CACHE",20701.50,30358.50,1.4665,1.3814
matrix1,SOLO3_PR_MEMBUS,"PR_MEMBUS PR_MEMBUS PR_MEMBUS",20701.50,20748.00,1.0022,0.9998
matrix1,SOLO3_PR_ROWBUF,"PR_ROWBUF PR_ROWBUF PR_ROWBUF",20701.50,20810.50,1.0053,1.0099
matrix1,SOLO3_PR_POINTER,"PR_POINTER PR_POINTER PR_POINTER",20701.50,20665.00,0.9982,0.9918
matrix1,SOLO3_PR_TLB,"PR_TLB PR_TLB PR_TLB",20701.50,20844.00,1.0069,1.0290
matrix1,SOLO3_PR_DISKIO,"PR_DISKIO PR_DISKIO PR_DISKIO",20701.50,20895.50,1.0094,1.0018
matrix1,SOLO3_PR_FILESYS,"PR_FILESYS PR_FILESYS PR_FILESYS",20701.50,20680.00,0.9990,0.9806
matrix1,SOLO3_PR_NET,"PR_NET PR_NET PR_NET",20701.50,20797.50,1.0046,0.9710
matrix1,SOLO3_PR_SPAWN,"PR_SPAWN PR_SPAWN PR_SPAWN",20701.50,20921.50,1.0106,0.9879
matrix1,MIX_TOP1x3,"PR_CACHE PR_CACHE PR_CACHE",20701.50,31584.50,1.5257,1.4330
matrix1,MIX_TOP1_TOP2_TOP3,"PR_CACHE POINTER MTH_POINTER",20701.50,20696.50,0.9998,0.9849
matrix1,MIX_TOP1x2_TOP2,"PR_CACHE PR_CACHE POINTER",20701.50,20669.50,0.9985,1.0631
matrix1,MIX_TOP2x3,"POINTER POINTER POINTER",20701.50,20693.00,0.9996,0.9823
matrix1,MIX_TOP1_TOP3x2,"PR_CACHE MTH_POINTER MTH_POINTER",20701.50,20682.50,0.9991,0.9762
md5,SOLO3_CACHE,"CACHE CACHE CACHE",36046736.00,36148182.00,1.0028,1.0018
md5,SOLO3_BUS,"BUS BUS BUS",36046736.00,36155224.00,1.0030,1.0026
md5,SOLO3_MEM,"MEM MEM MEM",36046736.00,36240443.00,1.0054,1.0050
md5,SOLO3_POINTER,"POINTER POINTER POINTER",36046736.00,36146653.50,1.0028,1.0029
md5,SOLO3_PIPELINE,"PIPELINE PIPELINE PIPELINE",36046736.00,35979808.00,0.9981,0.9975
md5,SOLO3_MTH_CACHE,"MTH_CACHE MTH_CACHE MTH_CACHE",36046736.00,36085242.50,1.0011,1.0021
md5,SOLO3_MTH_BUS,"MTH_BUS MTH_BUS MTH_BUS",36046736.00,36054526.00,1.0002,1.0008
md5,SOLO3_MTH_MEM,"MTH_MEM MTH_MEM MTH_MEM",36046736.00,36772207.50,1.0201,1.0195
md5,SOLO3_MTH_POINTER,"MTH_POINTER MTH_POINTER MTH_POINTER",36046736.00,35989696.50,0.9984,1.0000
md5,SOLO3_MTH_PIPELINE,"MTH_PIPELINE MTH_PIPELINE MTH_PIPELINE",36046736.00,35946013.00,0.9972,0.9968
md5,SOLO3_MTH_SYSCALLS,"MTH_SYSCALLS MTH_SYSCALLS MTH_SYSCALLS",36046736.00,36023369.00,0.9994,0.9989
md5,SOLO3_PR_CACHE,"PR_CACHE PR_CACHE PR_CACHE",36046736.00,36172708.50,1.0035,1.0029
md5,SOLO3_PR_MEMBUS,"PR_MEMBUS PR_MEMBUS PR_MEMBUS",36046736.00,36004286.50,0.9988,0.9981
md5,SOLO3_PR_ROWBUF,"PR_ROWBUF PR_ROWBUF PR_ROWBUF",36046736.00,36040174.50,0.9998,0.9997
md5,SOLO3_PR_POINTER,"PR_POINTER PR_POINTER PR_POINTER",36046736.00,36199565.50,1.0042,1.0021
md5,SOLO3_PR_TLB,"PR_TLB PR_TLB PR_TLB",36046736.00,36162234.00,1.0032,1.0039
md5,SOLO3_PR_DISKIO,"PR_DISKIO PR_DISKIO PR_DISKIO",36046736.00,35987589.50,0.9984,0.9984
md5,SOLO3_PR_FILESYS,"PR_FILESYS PR_FILESYS PR_FILESYS",36046736.00,35991038.50,0.9985,0.9983
md5,SOLO3_PR_NET,"PR_NET PR_NET PR_NET",36046736.00,36040372.50,0.9998,0.9985
md5,SOLO3_PR_SPAWN,"PR_SPAWN PR_SPAWN PR_SPAWN",36046736.00,36065176.00,1.0005,1.0015
md5,MIX_TOP1x3,"MTH_MEM MTH_MEM MTH_MEM",36046736.00,36311394.50,1.0073,1.0087
md5,MIX_TOP1_TOP2_TOP3,"MTH_MEM MEM PR_POINTER",36046736.00,36123839.00,1.0021,1.0048
md5,MIX_TOP1x2_TOP2,"MTH_MEM MTH_MEM MEM",36046736.00,36547455.50,1.0139,1.0127
md5,MIX_TOP2x3,"MEM MEM MEM",36046736.00,36571386.00,1.0146,1.0149
md5,MIX_TOP1_TOP3x2,"MTH_MEM PR_POINTER PR_POINTER",36046736.00,36416997.00,1.0103,1.0098
minver,SOLO3_CACHE,"CACHE CACHE CACHE",6780.00,6937.50,1.0232,1.1033
minver,SOLO3_BUS,"BUS BUS BUS",6780.00,7685.50,1.1336,1.7973
minver,SOLO3_MEM,"MEM MEM MEM",6780.00,22969.00,3.3878,4.5453
minver,SOLO3_POINTER,"POINTER POINTER POINTER",6780.00,20400.50,3.0089,2.6222
minver,SOLO3_PIPELINE,"PIPELINE PIPELINE PIPELINE",6780.00,7183.50,1.0595,1.0508
minver,SOLO3_MTH_CACHE,"MTH_CACHE MTH_CACHE MTH_CACHE",6780.00,6946.00,1.0245,1.2309
minver,SOLO3_MTH_BUS,"MTH_BUS MTH_BUS MTH_BUS",6780.00,8573.00,1.2645,2.2214
minver,SOLO3_MTH_MEM,"MTH_MEM MTH_MEM MTH_MEM",6780.00,12534.00,1.8487,3.3762
minver,SOLO3_MTH_POINTER,"MTH_POINTER MTH_POINTER MTH_POINTER",6780.00,10367.50,1.5291,1.3762
minver,SOLO3_MTH_PIPELINE,"MTH_PIPELINE MTH_PIPELINE MTH_PIPELINE",6780.00,6933.00,1.0226,0.9924
minver,SOLO3_MTH_SYSCALLS,"MTH_SYSCALLS MTH_SYSCALLS MTH_SYSCALLS",6780.00,6844.00,1.0094,1.2430
minver,SOLO3_PR_CACHE,"PR_CACHE PR_CACHE PR_CACHE",6780.00,6833.50,1.0079,1.4330
minver,SOLO3_PR_MEMBUS,"PR_MEMBUS PR_MEMBUS PR_MEMBUS",6780.00,6806.00,1.0038,1.0543
minver,SOLO3_PR_ROWBUF,"PR_ROWBUF PR_ROWBUF PR_ROWBUF",6780.00,7900.50,1.1653,1.4227
minver,SOLO3_PR_POINTER,"PR_POINTER PR_POINTER PR_POINTER",6780.00,6691.00,0.9869,1.0053
minver,SOLO3_PR_TLB,"PR_TLB PR_TLB PR_TLB",6780.00,6792.50,1.0018,1.0065
minver,SOLO3_PR_DISKIO,"PR_DISKIO PR_DISKIO PR_DISKIO",6780.00,8294.50,1.2234,1.2693
minver,SOLO3_PR_FILESYS,"PR_FILESYS PR_FILESYS PR_FILESYS",6780.00,11946.50,1.7620,1.5086
minver,SOLO3_PR_NET,"PR_NET PR_NET PR_NET",6780.00,7703.00,1.1361,1.1375
minver,SOLO3_PR_SPAWN,"PR_SPAWN PR_SPAWN PR_SPAWN",6780.00,21502.00,3.1714,2.4465
minver,MIX_TOP1x3,"MEM MEM MEM",6780.00,11205.00,1.6527,2.4387
minver,MIX_TOP1_TOP2_TOP3,"MEM PR_SPAWN POINTER",6780.00,12519.00,1.8465,1.6971
minver,MIX_TOP1x2_TOP2,"MEM MEM PR_SPAWN",6780.00,7761.50,1.1448,2.8091
minver,MIX_TOP2x3,"PR_SPAWN PR_SPAWN PR_SPAWN",6780.00,7389.50,1.0899,1.2190
minver,MIX_TOP1_TOP3x2,"MEM POINTER POINTER",6780.00,66241.00,9.7701,7.6744
mpeg2,SOLO3_CACHE,"CACHE CACHE CACHE",566236650.50,571849446.00,1.0099,1.0094
mpeg2,SOLO3_BUS,"BUS BUS BUS",566236650.50,571591488.00,1.0095,1.0086
mpeg2,SOLO3_MEM,"MEM MEM MEM",566236650.50,578453144.00,1.0216,1.0209
mpeg2,SOLO3_POINTER,"POINTER POINTER POINTER",566236650.50,570154452.00,1.0069,1.0068
mpeg2,SOLO3_PIPELINE,"PIPELINE PIPELINE PIPELINE",566236650.50,566246383.00,1.0000,0.9995
mpeg2,SOLO3_MTH_CACHE,"MTH_CACHE MTH_CACHE MTH_CACHE",566236650.50,569778592.50,1.0063,1.0053
mpeg2,SOLO3_MTH_BUS,"MTH_BUS MTH_BUS MTH_BUS",566236650.50,575541089.00,1.0164,1.0149
mpeg2,SOLO3_MTH_MEM,"MTH_MEM MTH_MEM MTH_MEM",566236650.50,583129835.00,1.0298,1.0289
mpeg2,SOLO3_MTH_POINTER,"MTH_POINTER MTH_POINTER MTH_POINTER",566236650.50,567889797.00,1.0029,1.0024
mpeg2,SOLO3_MTH_PIPELINE,"MTH_PIPELINE MTH_PIPELINE MTH_PIPELINE",566236650.50,566104766.50,0.9998,0.9995
mpeg2,SOLO3_MTH_SYSCALLS,"MTH_SYSCALLS MTH_SYSCALLS MTH_SYSCALLS",566236650.50,568033049.00,1.0032,1.0022
mpeg2,SOLO3_PR_CACHE,"PR_CACHE PR_CACHE PR_CACHE",566236650.50,577379874.50,1.0197,1.0184
mpeg2,SOLO3_PR_MEMBUS,"PR_MEMBUS PR_MEMBUS PR_MEMBUS",566236650.50,567687297.50,1.0026,1.0021
mpeg2,SOLO3_PR_ROWBUF,"PR_ROWBUF PR_ROWBUF PR_ROWBUF",566236650.50,569530230.00,1.0058,1.0051
mpeg2,SOLO3_PR_POINTER,"PR_POINTER PR_POINTER PR_POINTER",566236650.50,568190174.50,1.0035,1.0027
mpeg2,SOLO3_PR_TLB,"PR_TLB PR_TLB PR_TLB",566236650.50,573940505.50,1.0136,1.0128
mpeg2,SOLO3_PR_DISKIO,"PR_DISKIO PR_DISKIO PR_DISKIO",566236650.50,570183277.00,1.0070,1.0057
mpeg2,SOLO3_PR_FILESYS,"PR_FILESYS PR_FILESYS PR_FILESYS",566236650.50,568366490.50,1.0038,1.0032
mpeg2,SOLO3_PR_NET,"PR_NET PR_NET PR_NET",566236650.50,567328434.50,1.0019,1.0007
mpeg2,SOLO3_PR_SPAWN,"PR_SPAWN PR_SPAWN PR_SPAWN",566236650.50,571816981.00,1.0099,1.0100
mpeg2,MIX_TOP1x3,"MTH_MEM MTH_MEM MTH_MEM",566236650.50,584303727.00,1.0319,1.0313
mpeg2,MIX_TOP1_TOP2_TOP3,"MTH_MEM MEM PR_CACHE",566236650.50,584804597.00,1.0328,1.0321
mpeg2,MIX_TOP1x2_TOP2,"MTH_MEM MTH_MEM MEM",566236650.50,584010833.50,1.0314,1.0295
mpeg2,MIX_TOP2x3,"MEM MEM MEM",566236650.50,583538465.50,1.0306,1.0302
mpeg2,MIX_TOP1_TOP3x2,"MTH_MEM PR_CACHE PR_CACHE",566236650.50,585367963.50,1.0338,1.0311
ndes,SOLO3_CACHE,"CACHE CACHE CACHE",105587.50,105461.00,0.9988,0.9835
ndes,SOLO3_BUS,"BUS BUS BUS",105587.50,105643.50,1.0005,1.0573
ndes,SOLO3_MEM,"MEM MEM MEM",105587.50,109110.50,1.0334,1.1153
ndes,SOLO3_POINTER,"POINTER POINTER POINTER",105587.50,105575.00,0.9999,1.0082
ndes,SOLO3_PIPELINE,"PIPELINE PIPELINE PIPELINE",105587.50,105370.50,0.9979,0.9704
ndes,SOLO3_MTH_CACHE,"MTH_CACHE MTH_CACHE MTH_CACHE",105587.50,106327.50,1.0070,0.9969
ndes,SOLO3_MTH_BUS,"MTH_BUS MTH_BUS MTH_BUS",105587.50,105538.50,0.9995,0.9741
ndes,SOLO3_MTH_MEM,"MTH_MEM MTH_MEM MTH_MEM",105587.50,117851.50,1.1162,1.3942
ndes,SOLO3_MTH_POINTER,"MTH_POINTER MTH_POINTER MTH_POINTER",105587.50,114191.50,1.0815,1.0854
ndes,SOLO3_MTH_PIPELINE,"MTH_PIPELINE MTH_PIPELINE MTH_PIPELINE",105587.50,105422.50,0.9984,1.0295
ndes,SOLO3_MTH_SYSCALLS,"MTH_SYSCALLS MTH_SYSCALLS MTH_SYSCALLS",105587.50,105705.00,1.0011,1.0258
ndes,SOLO3_PR_CACHE,"PR_CACHE PR_CACHE PR_CACHE",105587.50,106439.50,1.0081,1.0258
ndes,SOLO3_PR_MEMBUS,"PR_MEMBUS PR_MEMBUS PR_MEMBUS",105587.50,106288.50,1.0066,0.9781
ndes,SOLO3_PR_ROWBUF,"PR_ROWBUF PR_ROWBUF PR_ROWBUF",105587.50,105650.00,1.0006,0.9855
ndes,SOLO3_PR_POINTER,"PR_POINTER PR_POINTER PR_POINTER",105587.50,105652.00,1.0006,0.9846
ndes,SOLO3_PR_TLB,"PR_TLB PR_TLB PR_TLB",105587.50,106843.50,1.0119,0.9974
ndes,SOLO3_PR_DISKIO,"PR_DISKIO PR_DISKIO PR_DISKIO",105587.50,114098.50,1.0806,1.0595
ndes,SOLO3_PR_FILESYS,"PR_FILESYS PR_FILESYS PR_FILESYS",105587.50,105599.00,1.0001,0.9664
ndes,SOLO3_PR_NET,"PR_NET PR_NET PR_NET",105587.50,105274.50,0.9970,0.9930
ndes,SOLO3_PR_SPAWN,"PR_SPAWN PR_SPAWN PR_SPAWN",105587.50,128263.50,1.2148,1.1293
ndes,MIX_TOP1x3,"PR_SPAWN PR_SPAWN PR_SPAWN",105587.50,128408.00,1.2161,1.1485
ndes,MIX_TOP1_TOP2_TOP3,"PR_SPAWN MTH_MEM MTH_POINTER",105587.50,115487.00,1.0938,1.2689
ndes,MIX_TOP1x2_TOP2,"PR_SPAWN PR_SPAWN MTH_MEM",105587.50,133664.50,1.2659,1.3006
ndes,MIX_TOP2x3,"MTH_MEM MTH_MEM MTH_MEM",105587.50,113659.00,1.0764,1.3117
ndes,MIX_TOP1_TOP3x2,"PR_SPAWN MTH_POINTER MTH_POINTER",105587.50,106074.50,1.0046,0.9808
petrinet,SOLO3_CACHE,"CACHE CACHE CACHE",3426.00,5315.00,1.5514,1.6932
petrinet,SOLO3_BUS,"BUS BUS BUS",3426.00,3456.00,1.0088,0.8969
petrinet,SOLO3_MEM,"MEM MEM MEM",3426.00,4693.00,1.3698,3.2778
petrinet,SOLO3_POINTER,"POINTER POINTER POINTER",3426.00,3468.00,1.0123,1.0182
petrinet,SOLO3_PIPELINE,"PIPELINE PIPELINE PIPELINE",3426.00,3705.50,1.0816,1.1786
petrinet,SOLO3_MTH_CACHE,"MTH_CACHE MTH_CACHE MTH_CACHE",3426.00,3378.50,0.9861,0.8341
petrinet,SOLO3_MTH_BUS,"MTH_BUS MTH_BUS MTH_BUS",3426.00,5205.00,1.5193,2.7257
petrinet,SOLO3_MTH_MEM,"MTH_MEM MTH_MEM MTH_MEM",3426.00,5686.00,1.6597,4.5387
petrinet,SOLO3_MTH_POINTER,"MTH_POINTER MTH_POINTER MTH_POINTER",3426.00,3421.50,0.9987,0.8231
petrinet,SOLO3_MTH_PIPELINE,"MTH_PIPELINE MTH_PIPELINE MTH_PIPELINE",3426.00,3939.00,1.1497,0.7921
petrinet,SOLO3_MTH_SYSCALLS,"MTH_SYSCALLS MTH_SYSCALLS MTH_SYSCALLS",3426.00,3987.00,1.1637,1.1467
petrinet,SOLO3_PR_CACHE,"PR_CACHE PR_CACHE PR_CACHE",3426.00,4716.50,1.3767,2.1109
petrinet,SOLO3_PR_MEMBUS,"PR_MEMBUS PR_MEMBUS PR_MEMBUS",3426.00,7229.50,2.1102,1.2760
petrinet,SOLO3_PR_ROWBUF,"PR_ROWBUF PR_ROWBUF PR_ROWBUF",3426.00,19257.00,5.6208,2.3902
petrinet,SOLO3_PR_POINTER,"PR_POINTER PR_POINTER PR_POINTER",3426.00,6934.50,2.0241,1.1734
petrinet,SOLO3_PR_TLB,"PR_TLB PR_TLB PR_TLB",3426.00,5725.00,1.6710,1.3063
petrinet,SOLO3_PR_DISKIO,"PR_DISKIO PR_DISKIO PR_DISKIO",3426.00,3501.00,1.0219,1.0591
petrinet,SOLO3_PR_FILESYS,"PR_FILESYS PR_FILESYS PR_FILESYS",3426.00,3466.00,1.0117,0.8913
petrinet,SOLO3_PR_NET,"PR_NET PR_NET PR_NET",3426.00,4365.50,1.2742,1.0699
petrinet,SOLO3_PR_SPAWN,"PR_SPAWN PR_SPAWN PR_SPAWN",3426.00,4123.00,1.2034,1.0756
petrinet,MIX_TOP1x3,"PR_ROWBUF PR_ROWBUF PR_ROWBUF",3426.00,3429.50,1.0010,1.0884
petrinet,MIX_TOP1_TOP2_TOP3,"PR_ROWBUF PR_MEMBUS PR_POINTER",3426.00,5197.50,1.5171,1.2040
petrinet,MIX_TOP1x2_TOP2,"PR_ROWBUF PR_ROWBUF PR_MEMBUS",3426.00,4010.00,1.1705,1.0884
petrinet,MIX_TOP2x3,"PR_MEMBUS PR_MEMBUS PR_MEMBUS",3426.00,4538.50,1.3247,1.2662
petrinet,MIX_TOP1_TOP3x2,"PR_ROWBUF PR_POINTER PR_POINTER",3426.00,5545.00,1.6185,1.0076
pm,SOLO3_CACHE,"CACHE CACHE CACHE",21330830.50,21335605.00,1.0002,1.0009
pm,SOLO3_BUS,"BUS BUS BUS",21330830.50,21334488.00,1.0002,1.0016
pm,SOLO3_MEM,"MEM MEM MEM",21330830.50,21661532.00,1.0155,1.0238
pm,SOLO3_POINTER,"POINTER POINTER POINTER",21330830.50,21376569.50,1.0021,1.0024
pm,SOLO3_PIPELINE,"PIPELINE PIPELINE PIPELINE",21330830.50,21329338.50,0.9999,1.0005
pm,SOLO3_MTH_CACHE,"MTH_CACHE MTH_CACHE MTH_CACHE",21330830.50,21316025.00,0.9993,0.9999
pm,SOLO3_MTH_BUS,"MTH_BUS MTH_BUS MTH_BUS",21330830.50,21422973.50,1.0043,1.0057
pm,SOLO3_MTH_MEM,"MTH_MEM MTH_MEM MTH_MEM",21330830.50,21508845.50,1.0083,1.0111
pm,SOLO3_MTH_POINTER,"MTH_POINTER MTH_POINTER MTH_POINTER",21330830.50,21307512.00,0.9989,1.0001
pm,SOLO3_MTH_PIPELINE,"MTH_PIPELINE MTH_PIPELINE MTH_PIPELINE",21330830.50,21279761.50,0.9976,0.9980
pm,SOLO3_MTH_SYSCALLS,"MTH_SYSCALLS MTH_SYSCALLS MTH_SYSCALLS",21330830.50,21301485.50,0.9986,0.9990
pm,SOLO3_PR_CACHE,"PR_CACHE PR_CACHE PR_CACHE",21330830.50,21484845.50,1.0072,1.0084
pm,SOLO3_PR_MEMBUS,"PR_MEMBUS PR_MEMBUS PR_MEMBUS",21330830.50,21318733.50,0.9994,0.9998
pm,SOLO3_PR_ROWBUF,"PR_ROWBUF PR_ROWBUF PR_ROWBUF",21330830.50,21364955.00,1.0016,1.0016
pm,SOLO3_PR_POINTER,"PR_POINTER PR_POINTER PR_POINTER",21330830.50,21275833.00,0.9974,0.9991
pm,SOLO3_PR_TLB,"PR_TLB PR_TLB PR_TLB",21330830.50,21489040.50,1.0074,1.0091
pm,SOLO3_PR_DISKIO,"PR_DISKIO PR_DISKIO PR_DISKIO",21330830.50,21330393.00,1.0000,1.0003
pm,SOLO3_PR_FILESYS,"PR_FILESYS PR_FILESYS PR_FILESYS",21330830.50,21315000.50,0.9993,0.9997
pm,SOLO3_PR_NET,"PR_NET PR_NET PR_NET",21330830.50,21252669.50,0.9963,0.9972
pm,SOLO3_PR_SPAWN,"PR_SPAWN PR_SPAWN PR_SPAWN",21330830.50,21479743.50,1.0070,1.0077
pm,MIX_TOP1x3,"MEM MEM MEM",21330830.50,21351034.50,1.0009,1.0025
pm,MIX_TOP1_TOP2_TOP3,"MEM MTH_MEM PR_TLB",21330830.50,21862177.00,1.0249,1.0278
pm,MIX_TOP1x2_TOP2,"MEM MEM MTH_MEM",21330830.50,21444211.00,1.0053,1.0062
pm,MIX_TOP2x3,"MTH_MEM MTH_MEM MTH_MEM",21330830.50,21600593.50,1.0126,1.0168
pm,MIX_TOP1_TOP3x2,"MEM PR_TLB PR_TLB",21330830.50,21507838.50,1.0083,1.0085
powerwindow,SOLO3_CACHE,"CACHE CACHE CACHE",2934370.00,3023033.00,1.0302,1.0210
powerwindow,SOLO3_BUS,"BUS BUS BUS",2934370.00,3012471.50,1.0266,1.0331
powerwindow,SOLO3_MEM,"MEM MEM MEM",2934370.00,3012325.50,1.0266,1.0476
powerwindow,SOLO3_POINTER,"POINTER POINTER POINTER",2934370.00,3039781.00,1.0359,1.0316
powerwindow,SOLO3_PIPELINE,"PIPELINE PIPELINE PIPELINE",2934370.00,2870293.00,0.9782,0.9737
powerwindow,SOLO3_MTH_CACHE,"MTH_CACHE MTH_CACHE MTH_CACHE",2934370.00,3002259.50,1.0231,1.0105
powerwindow,SOLO3_MTH_BUS,"MTH_BUS MTH_BUS MTH_BUS",2934370.00,3010525.50,1.0260,1.0322
powerwindow,SOLO3_MTH_MEM,"MTH_MEM MTH_MEM MTH_MEM",2934370.00,3322484.00,1.1323,1.1371
powerwindow,SOLO3_MTH_POINTER,"MTH_POINTER MTH_POINTER MTH_POINTER",2934370.00,2890220.50,0.9850,0.9782
powerwindow,SOLO3_MTH_PIPELINE,"MTH_PIPELINE MTH_PIPELINE MTH_PIPELINE",2934370.00,2870192.00,0.9781,0.9727
powerwindow,SOLO3_MTH_SYSCALLS,"MTH_SYSCALLS MTH_SYSCALLS MTH_SYSCALLS",2934370.00,2935378.00,1.0003,0.9929
powerwindow,SOLO3_PR_CACHE,"PR_CACHE PR_CACHE PR_CACHE",2934370.00,3077349.50,1.0487,1.0409
powerwindow,SOLO3_PR_MEMBUS,"PR_MEMBUS PR_MEMBUS PR_MEMBUS",2934370.00,2899211.50,0.9880,0.9854
powerwindow,SOLO3_PR_ROWBUF,"PR_ROWBUF PR_ROWBUF PR_ROWBUF",2934370.00,2944616.50,1.0035,1.0055
powerwindow,SOLO3_PR_POINTER,"PR_POINTER PR_POINTER PR_POINTER",2934370.00,2892930.50,0.9859,0.9804
powerwindow,SOLO3_PR_TLB,"PR_TLB PR_TLB PR_TLB",2934370.00,3026842.50,1.0315,1.0228
powerwindow,SOLO3_PR_DISKIO,"PR_DISKIO PR_DISKIO PR_DISKIO",2934370.00,2986342.50,1.0177,1.0133
powerwindow,SOLO3_PR_FILESYS,"PR_FILESYS PR_FILESYS PR_FILESYS",2934370.00,2953613.50,1.0066,1.0018
powerwindow,SOLO3_PR_NET,"PR_NET PR_NET PR_NET",2934370.00,2890070.50,0.9849,0.9846
powerwindow,SOLO3_PR_SPAWN,"PR_SPAWN PR_SPAWN PR_SPAWN",2934370.00,3051388.50,1.0399,1.0301
powerwindow,MIX_TOP1x3,"MTH_MEM MTH_MEM MTH_MEM",2934370.00,3217344.50,1.0964,1.1405
powerwindow,MIX_TOP1_TOP2_TOP3,"MTH_MEM PR_CACHE PR_SPAWN",2934370.00,3066530.50,1.0450,1.0659
powerwindow,MIX_TOP1x2_TOP2,"MTH_MEM MTH_MEM PR_CACHE",2934370.00,3221698.00,1.0979,1.1537
powerwindow,MIX_TOP2x3,"PR_CACHE PR_CACHE PR_CACHE",2934370.00,3226717.00,1.0996,1.1028
powerwindow,MIX_TOP1_TOP3x2,"MTH_MEM PR_SPAWN PR_SPAWN",2934370.00,3070227.00,1.0463,1.0451
prime,SOLO3_CACHE,"CACHE CACHE CACHE",1058.50,1554.00,1.4681,2.2299
prime,SOLO3_BUS,"BUS BUS BUS",1058.50,1800.50,1.7010,1.7008
prime,SOLO3_MEM,"MEM MEM MEM",1058.50,2264.50,2.1393,5.2861
prime,SOLO3_POINTER,"POINTER POINTER POINTER",1058.50,5034.00,4.7558,2.9358
prime,SOLO3_PIPELINE,"PIPELINE PIPELINE PIPELINE",1058.50,1087.00,1.0269,1.2843
prime,SOLO3_MTH_CACHE,"MTH_CACHE MTH_CACHE MTH_CACHE",1058.50,1123.50,1.0614,1.8405
prime,SOLO3_MTH_BUS,"MTH_BUS MTH_BUS MTH_BUS",1058.50,1238.50,1.1701,3.0719
prime,SOLO3_MTH_MEM,"MTH_MEM MTH_MEM MTH_MEM",1058.50,1846.50,1.7444,4.2589
prime,SOLO3_MTH_POINTER,"MTH_POINTER MTH_POINTER MTH_POINTER",1058.50,1065.50,1.0066,1.0214
prime,SOLO3_MTH_PIPELINE,"MTH_PIPELINE MTH_PIPELINE MTH_PIPELINE",1058.50,1124.00,1.0619,1.0388
prime,SOLO3_MTH_SYSCALLS,"MTH_SYSCALLS MTH_SYSCALLS MTH_SYSCALLS",1058.50,2519.00,2.3798,1.7568
prime,SOLO3_PR_CACHE,"PR_CACHE PR_CACHE PR_CACHE",1058.50,1015.50,0.9594,2.3830
prime,SOLO3_PR_MEMBUS,"PR_MEMBUS PR_MEMBUS PR_MEMBUS",1058.50,1577.00,1.4898,1.8873
prime,SOLO3_PR_ROWBUF,"PR_ROWBUF PR_ROWBUF PR_ROWBUF",1058.50,1016.50,0.9603,1.0104
prime,SOLO3_PR_POINTER,"PR_POINTER PR_POINTER PR_POINTER",1058.50,1739.00,1.6429,1.3350
prime,SOLO3_PR_TLB,"PR_TLB PR_TLB PR_TLB",1058.50,1246.50,1.1776,1.6986
prime,SOLO3_PR_DISKIO,"PR_DISKIO PR_DISKIO PR_DISKIO",1058.50,1037.00,0.9797,1.4064
prime,SOLO3_PR_FILESYS,"PR_FILESYS PR_FILESYS PR_FILESYS",1058.50,1051.00,0.9929,1.3205
prime,SOLO3_PR_NET,"PR_NET PR_NET PR_NET",1058.50,1042.50,0.9849,0.9825
prime,SOLO3_PR_SPAWN,"PR_SPAWN PR_SPAWN PR_SPAWN",1058.50,2631.00,2.4856,1.8924
prime,MIX_TOP1x3,"POINTER POINTER POINTER",1058.50,1031.50,0.9745,1.1541
prime,MIX_TOP1_TOP2_TOP3,"POINTER PR_SPAWN MTH_SYSCALLS",1058.50,4107.00,3.8800,2.6311
prime,MIX_TOP1x2_TOP2,"POINTER POINTER PR_SPAWN",1058.50,2117.50,2.0005,1.9411
prime,MIX_TOP2x3,"PR_SPAWN PR_SPAWN PR_SPAWN",1058.50,4424.50,4.1800,2.3016
prime,MIX_TOP1_TOP3x2,"POINTER MTH_SYSCALLS MTH_SYSCALLS",1058.50,3031.50,2.8640,1.8596
quicksort,SOLO3_CACHE,"CACHE CACHE CACHE",6052417.00,6177947.00,1.0207,1.0202
quicksort,SOLO3_BUS,"BUS BUS BUS",6052417.00,6129117.00,1.0127,1.0126
quicksort,SOLO3_MEM,"MEM MEM MEM",6052417.00,6344661.00,1.0483,1.0447
quicksort,SOLO3_POINTER,"POINTER POINTER POINTER",6052417.00,6147155.00,1.0157,1.0149
quicksort,SOLO3_PIPELINE,"PIPELINE PIPELINE PIPELINE",6052417.00,6003706.00,0.9920,0.9930
quicksort,SOLO3_MTH_CACHE,"MTH_CACHE MTH_CACHE MTH_CACHE",6052417.00,6114331.50,1.0102,1.0112
quicksort,SOLO3_MTH_BUS,"MTH_BUS MTH_BUS MTH_BUS",6052417.00,6173676.00,1.0200,1.0244
quicksort,SOLO3_MTH_MEM,"MTH_MEM MTH_MEM MTH_MEM",6052417.00,6317948.00,1.0439,1.0503
quicksort,SOLO3_MTH_POINTER,"MTH_POINTER MTH_POINTER MTH_POINTER",6052417.00,6026771.00,0.9958,0.9959
quicksort,SOLO3_MTH_PIPELINE,"MTH_PIPELINE MTH_PIPELINE MTH_PIPELINE",6052417.00,6004313.00,0.9921,0.9923
quicksort,SOLO3_MTH_SYSCALLS,"MTH_SYSCALLS MTH_SYSCALLS MTH_SYSCALLS",6052417.00,6056722.00,1.0007,1.0010
quicksort,SOLO3_PR_CACHE,"PR_CACHE PR_CACHE PR_CACHE",6052417.00,6205319.50,1.0253,1.0266
quicksort,SOLO3_PR_MEMBUS,"PR_MEMBUS PR_MEMBUS PR_MEMBUS",6052417.00,6059300.50,1.0011,1.0009
quicksort,SOLO3_PR_ROWBUF,"PR_ROWBUF PR_ROWBUF PR_ROWBUF",6052417.00,6153740.50,1.0167,1.0160
quicksort,SOLO3_PR_POINTER,"PR_POINTER PR_POINTER PR_POINTER",6052417.00,6024964.50,0.9955,0.9959
quicksort,SOLO3_PR_TLB,"PR_TLB PR_TLB PR_TLB",6052417.00,6297565.50,1.0405,1.0398
quicksort,SOLO3_PR_DISKIO,"PR_DISKIO PR_DISKIO PR_DISKIO",6052417.00,6095179.00,1.0071,1.0079
quicksort,SOLO3_PR_FILESYS,"PR_FILESYS PR_FILESYS PR_FILESYS",6052417.00,6075400.50,1.0038,1.0033
quicksort,SOLO3_PR_NET,"PR_NET PR_NET PR_NET",6052417.00,6028009.50,0.9960,0.9960
quicksort,SOLO3_PR_SPAWN,"PR_SPAWN PR_SPAWN PR_SPAWN",6052417.00,6163977.00,1.0184,1.0175
quicksort,MIX_TOP1x3,"MEM MEM MEM",6052417.00,6214043.50,1.0267,1.0287
quicksort,MIX_TOP1_TOP2_TOP3,"MEM MTH_MEM PR_TLB",6052417.00,6412409.00,1.0595,1.0563
quicksort,MIX_TOP1x2_TOP2,"MEM MEM MTH_MEM",6052417.00,6103041.00,1.0084,1.0129
quicksort,MIX_TOP2x3,"MTH_MEM MTH_MEM MTH_MEM",6052417.00,6263043.50,1.0348,1.0552
quicksort,MIX_TOP1_TOP3x2,"MEM PR_TLB PR_TLB",6052417.00,6275086.00,1.0368,1.0409
rad2deg,SOLO3_CACHE,"CACHE CACHE CACHE",17559.50,17257.00,0.9828,0.9825
rad2deg,SOLO3_BUS,"BUS BUS BUS",17559.50,17248.50,0.9823,0.9905
rad2deg,SOLO3_MEM,"MEM MEM MEM",17559.50,21064.00,1.1996,1.2857
rad2deg,SOLO3_POINTER,"POINTER POINTER POINTER",17559.50,19906.00,1.1336,1.0869
rad2deg,SOLO3_PIPELINE,"PIPELINE PIPELINE PIPELINE",17559.50,17283.50,0.9843,0.9656
rad2deg,SOLO3_MTH_CACHE,"MTH_CACHE MTH_CACHE MTH_CACHE",17559.50,17249.00,0.9823,0.9900
rad2deg,SOLO3_MTH_BUS,"MTH_BUS MTH_BUS MTH_BUS",17559.50,17237.00,0.9816,0.9892
rad2deg,SOLO3_MTH_MEM,"MTH_MEM MTH_MEM MTH_MEM",17559.50,17589.50,1.0017,1.2144
rad2deg,SOLO3_MTH_POINTER,"MTH_POINTER MTH_POINTER MTH_POINTER",17559.50,17196.50,0.9793,0.9556
rad2deg,SOLO3_MTH_PIPELINE,"MTH_PIPELINE MTH_PIPELINE MTH_PIPELINE",17559.50,17264.50,0.9832,0.9531
rad2deg,SOLO3_MTH_SYSCALLS,"MTH_SYSCALLS MTH_SYSCALLS MTH_SYSCALLS",17559.50,17200.00,0.9795,0.9588
rad2deg,SOLO3_PR_CACHE,"PR_CACHE PR_CACHE PR_CACHE",17559.50,17202.00,0.9796,1.0081
rad2deg,SOLO3_PR_MEMBUS,"PR_MEMBUS PR_MEMBUS PR_MEMBUS",17559.50,17206.50,0.9799,0.9582
rad2deg,SOLO3_PR_ROWBUF,"PR_ROWBUF PR_ROWBUF PR_ROWBUF",17559.50,17169.50,0.9778,0.9603
rad2deg,SOLO3_PR_POINTER,"PR_POINTER PR_POINTER PR_POINTER",17559.50,17253.50,0.9826,0.9580
rad2deg,SOLO3_PR_TLB,"PR_TLB PR_TLB PR_TLB",17559.50,17295.50,0.9850,0.9590
rad2deg,SOLO3_PR_DISKIO,"PR_DISKIO PR_DISKIO PR_DISKIO",17559.50,17212.00,0.9802,0.9868
rad2deg,SOLO3_PR_FILESYS,"PR_FILESYS PR_FILESYS PR_FILESYS",17559.50,17228.00,0.9811,0.9686
rad2deg,SOLO3_PR_NET,"PR_NET PR_NET PR_NET",17559.50,17478.50,0.9954,1.0147
rad2deg,SOLO3_PR_SPAWN,"PR_SPAWN PR_SPAWN PR_SPAWN",17559.50,19005.50,1.0823,1.0431
rad2deg,MIX_TOP1x3,"MEM MEM MEM",17559.50,18016.00,1.0260,1.1258
rad2deg,MIX_TOP1_TOP2_TOP3,"MEM POINTER PR_SPAWN",17559.50,17523.50,0.9979,1.0824
rad2deg,MIX_TOP1x2_TOP2,"MEM MEM POINTER",17559.50,18852.00,1.0736,1.1790
rad2deg,MIX_TOP2x3,"POINTER POINTER POINTER",17559.50,17209.00,0.9800,0.9877
rad2deg,MIX_TOP1_TOP3x2,"MEM PR_SPAWN PR_SPAWN",17559.50,17515.00,0.9975,1.1638
recursion,SOLO3_CACHE,"CACHE CACHE CACHE",4554.50,4391.00,0.9641,0.9933
recursion,SOLO3_BUS,"BUS BUS BUS",4554.50,4360.50,0.9574,0.9698
recursion,SOLO3_MEM,"MEM MEM MEM",4554.50,4834.50,1.0615,1.5286
recursion,SOLO3_POINTER,"POINTER POINTER POINTER",4554.50,5226.50,1.1475,1.3228
recursion,SOLO3_PIPELINE,"PIPELINE PIPELINE PIPELINE",4554.50,4283.50,0.9405,0.8888
recursion,SOLO3_MTH_CACHE,"MTH_CACHE MTH_CACHE MTH_CACHE",4554.50,6262.50,1.3750,1.2833
recursion,SOLO3_MTH_BUS,"MTH_BUS MTH_BUS MTH_BUS",4554.50,4363.50,0.9581,1.0894
recursion,SOLO3_MTH_MEM,"MTH_MEM MTH_MEM MTH_MEM",4554.50,6393.00,1.4037,1.7960
recursion,SOLO3_MTH_POINTER,"MTH_POINTER MTH_POINTER MTH_POINTER",4554.50,4363.50,0.9581,0.9183
recursion,SOLO3_MTH_PIPELINE,"MTH_PIPELINE MTH_PIPELINE MTH_PIPELINE",4554.50,4332.00,0.9511,0.9233
recursion,SOLO3_MTH_SYSCALLS,"MTH_SYSCALLS MTH_SYSCALLS MTH_SYSCALLS",4554.50,4773.50,1.0481,0.9957
recursion,SOLO3_PR_CACHE,"PR_CACHE PR_CACHE PR_CACHE",4554.50,4396.50,0.9653,1.0732
recursion,SOLO3_PR_MEMBUS,"PR_MEMBUS PR_MEMBUS PR_MEMBUS",4554.50,4703.50,1.0327,1.0451
recursion,SOLO3_PR_ROWBUF,"PR_ROWBUF PR_ROWBUF PR_ROWBUF",4554.50,4289.00,0.9417,1.0711
recursion,SOLO3_PR_POINTER,"PR_POINTER PR_POINTER PR_POINTER",4554.50,4730.00,1.0385,0.9781
recursion,SOLO3_PR_TLB,"PR_TLB PR_TLB PR_TLB",4554.50,4502.50,0.9886,1.0463
recursion,SOLO3_PR_DISKIO,"PR_DISKIO PR_DISKIO PR_DISKIO",4554.50,4240.50,0.9311,0.8765
recursion,SOLO3_PR_FILESYS,"PR_FILESYS PR_FILESYS PR_FILESYS",4554.50,4951.00,1.0871,1.0211
recursion,SOLO3_PR_NET,"PR_NET PR_NET PR_NET",4554.50,4451.50,0.9774,0.9610
recursion,SOLO3_PR_SPAWN,"PR_SPAWN PR_SPAWN PR_SPAWN",4554.50,5868.50,1.2885,1.1522
recursion,MIX_TOP1x3,"MTH_MEM MTH_MEM MTH_MEM",4554.50,6219.50,1.3656,1.8813
recursion,MIX_TOP1_TOP2_TOP3,"MTH_MEM MTH_CACHE PR_SPAWN",4554.50,4330.00,0.9507,1.5615
recursion,MIX_TOP1x2_TOP2,"MTH_MEM MTH_MEM MTH_CACHE",4554.50,4453.00,0.9777,1.5313
recursion,MIX_TOP2x3,"MTH_CACHE MTH_CACHE MTH_CACHE",4554.50,4451.00,0.9773,0.9669
recursion,MIX_TOP1_TOP3x2,"MTH_MEM PR_SPAWN PR_SPAWN",4554.50,4239.00,0.9307,1.6695
rijndael_dec,SOLO3_CACHE,"CACHE CACHE CACHE",0,0,0,0
rijndael_dec,SOLO3_BUS,"BUS BUS BUS",0,0,0,0
rijndael_dec,SOLO3_MEM,"MEM MEM MEM",0,0,0,0
rijndael_dec,SOLO3_POINTER,"POINTER POINTER POINTER",0,0,0,0
rijndael_dec,SOLO3_PIPELINE,"PIPELINE PIPELINE PIPELINE",0,0,0,0
rijndael_dec,SOLO3_MTH_CACHE,"MTH_CACHE MTH_CACHE MTH_CACHE",0,0,0,0
rijndael_dec,SOLO3_MTH_BUS,"MTH_BUS MTH_BUS MTH_BUS",0,0,0,0
rijndael_dec,SOLO3_MTH_MEM,"MTH_MEM MTH_MEM MTH_MEM",0,0,0,0
rijndael_dec,SOLO3_MTH_POINTER,"MTH_POINTER MTH_POINTER MTH_POINTER",0,0,0,0
rijndael_dec,SOLO3_MTH_PIPELINE,"MTH_PIPELINE MTH_PIPELINE MTH_PIPELINE",0,0,0,0
rijndael_dec,SOLO3_MTH_SYSCALLS,"MTH_SYSCALLS MTH_SYSCALLS MTH_SYSCALLS",0,0,0,0
rijndael_dec,SOLO3_PR_CACHE,"PR_CACHE PR_CACHE PR_CACHE",0,0,0,0
rijndael_dec,SOLO3_PR_MEMBUS,"PR_MEMBUS PR_MEMBUS PR_MEMBUS",0,0,0,0
rijndael_dec,SOLO3_PR_ROWBUF,"PR_ROWBUF PR_ROWBUF PR_ROWBUF",0,0,0,0
rijndael_dec,SOLO3_PR_POINTER,"PR_POINTER PR_POINTER PR_POINTER",0,0,0,0
rijndael_dec,SOLO3_PR_TLB,"PR_TLB PR_TLB PR_TLB",0,0,0,0
rijndael_dec,SOLO3_PR_DISKIO,"PR_DISKIO PR_DISKIO PR_DISKIO",0,0,0,0
rijndael_dec,SOLO3_PR_FILESYS,"PR_FILESYS PR_FILESYS PR_FILESYS",0,0,0,0
rijndael_dec,SOLO3_PR_NET,"PR_NET PR_NET PR_NET",0,0,0,0
rijndael_dec,SOLO3_PR_SPAWN,"PR_SPAWN PR_SPAWN PR_SPAWN",0,0,0,0
rijndael_dec,MIX_TOP1x3,"BUS BUS BUS",0,0,0,0
rijndael_dec,MIX_TOP1_TOP2_TOP3,"BUS CACHE MEM",0,0,0,0
rijndael_dec,MIX_TOP1x2_TOP2,"BUS BUS CACHE",0,0,0,0
rijndael_dec,MIX_TOP2x3,"CACHE CACHE CACHE",0,0,0,0
rijndael_dec,MIX_TOP1_TOP3x2,"BUS MEM MEM",0,0,0,0
rijndael_enc,SOLO3_CACHE,"CACHE CACHE CACHE",0,0,0,0
rijndael_enc,SOLO3_BUS,"BUS BUS BUS",0,0,0,0
rijndael_enc,SOLO3_MEM,"MEM MEM MEM",0,0,0,0
rijndael_enc,SOLO3_POINTER,"POINTER POINTER POINTER",0,0,0,0
rijndael_enc,SOLO3_PIPELINE,"PIPELINE PIPELINE PIPELINE",0,0,0,0
rijndael_enc,SOLO3_MTH_CACHE,"MTH_CACHE MTH_CACHE MTH_CACHE",0,0,0,0
rijndael_enc,SOLO3_MTH_BUS,"MTH_BUS MTH_BUS MTH_BUS",0,0,0,0
rijndael_enc,SOLO3_MTH_MEM,"MTH_MEM MTH_MEM MTH_MEM",0,0,0,0
rijndael_enc,SOLO3_MTH_POINTER,"MTH_POINTER MTH_POINTER MTH_POINTER",0,0,0,0
rijndael_enc,SOLO3_MTH_PIPELINE,"MTH_PIPELINE MTH_PIPELINE MTH_PIPELINE",0,0,0,0
rijndael_enc,SOLO3_MTH_SYSCALLS,"MTH_SYSCALLS MTH_SYSCALLS MTH_SYSCALLS",0,0,0,0
rijndael_enc,SOLO3_PR_CACHE,"PR_CACHE PR_CACHE PR_CACHE",0,0,0,0
rijndael_enc,SOLO3_PR_MEMBUS,"PR_MEMBUS PR_MEMBUS PR_MEMBUS",0,0,0,0
rijndael_enc,SOLO3_PR_ROWBUF,"PR_ROWBUF PR_ROWBUF PR_ROWBUF",0,0,0,0
rijndael_enc,SOLO3_PR_POINTER,"PR_POINTER PR_POINTER PR_POINTER",0,0,0,0
rijndael_enc,SOLO3_PR_TLB,"PR_TLB PR_TLB PR_TLB",0,0,0,0
rijndael_enc,SOLO3_PR_DISKIO,"PR_DISKIO PR_DISKIO PR_DISKIO",0,0,0,0
rijndael_enc,SOLO3_PR_FILESYS,"PR_FILESYS PR_FILESYS PR_FILESYS",0,0,0,0
rijndael_enc,SOLO3_PR_NET,"PR_NET PR_NET PR_NET",0,0,0,0
rijndael_enc,SOLO3_PR_SPAWN,"PR_SPAWN PR_SPAWN PR_SPAWN",0,0,0,0
rijndael_enc,MIX_TOP1x3,"BUS BUS BUS",0,0,0,0
rijndael_enc,MIX_TOP1_TOP2_TOP3,"BUS CACHE MEM",0,0,0,0
rijndael_enc,MIX_TOP1x2_TOP2,"BUS BUS CACHE",0,0,0,0
rijndael_enc,MIX_TOP2x3,"CACHE CACHE CACHE",0,0,0,0
rijndael_enc,MIX_TOP1_TOP3x2,"BUS MEM MEM",0,0,0,0
sha,SOLO3_CACHE,"CACHE CACHE CACHE",5438545.50,5480334.00,1.0077,1.0087
sha,SOLO3_BUS,"BUS BUS BUS",5438545.50,5479686.50,1.0076,1.0085
sha,SOLO3_MEM,"MEM MEM MEM",5438545.50,5560160.00,1.0224,1.0424
sha,SOLO3_POINTER,"POINTER POINTER POINTER",5438545.50,5495198.50,1.0104,1.0126
sha,SOLO3_PIPELINE,"PIPELINE PIPELINE PIPELINE",5438545.50,5414834.00,0.9956,0.9973
sha,SOLO3_MTH_CACHE,"MTH_CACHE MTH_CACHE MTH_CACHE",5438545.50,5443300.00,1.0009,1.0022
sha,SOLO3_MTH_BUS,"MTH_BUS MTH_BUS MTH_BUS",5438545.50,5490478.50,1.0095,1.0139
sha,SOLO3_MTH_MEM,"MTH_MEM MTH_MEM MTH_MEM",5438545.50,5597440.00,1.0292,1.0567
sha,SOLO3_MTH_POINTER,"MTH_POINTER MTH_POINTER MTH_POINTER",5438545.50,5447726.50,1.0017,1.0020
sha,SOLO3_MTH_PIPELINE,"MTH_PIPELINE MTH_PIPELINE MTH_PIPELINE",5438545.50,5413719.50,0.9954,0.9964
sha,SOLO3_MTH_SYSCALLS,"MTH_SYSCALLS MTH_SYSCALLS MTH_SYSCALLS",5438545.50,5446875.00,1.0015,1.0014
sha,SOLO3_PR_CACHE,"PR_CACHE PR_CACHE PR_CACHE",5438545.50,5516977.00,1.0144,1.0169
sha,SOLO3_PR_MEMBUS,"PR_MEMBUS PR_MEMBUS PR_MEMBUS",5438545.50,5443646.50,1.0009,1.0013
sha,SOLO3_PR_ROWBUF,"PR_ROWBUF PR_ROWBUF PR_ROWBUF",5438545.50,5471242.00,1.0060,1.0059
sha,SOLO3_PR_POINTER,"PR_POINTER PR_POINTER PR_POINTER",5438545.50,5490517.50,1.0096,1.0120
sha,SOLO3_PR_TLB,"PR_TLB PR_TLB PR_TLB",5438545.50,5571415.00,1.0244,1.0269
sha,SOLO3_PR_DISKIO,"PR_DISKIO PR_DISKIO PR_DISKIO",5438545.50,5441926.50,1.0006,1.0017
sha,SOLO3_PR_FILESYS,"PR_FILESYS PR_FILESYS PR_FILESYS",5438545.50,5446827.00,1.0015,1.0045
sha,SOLO3_PR_NET,"PR_NET PR_NET PR_NET",5438545.50,5456075.50,1.0032,1.0038
sha,SOLO3_PR_SPAWN,"PR_SPAWN PR_SPAWN PR_SPAWN",5438545.50,5498163.50,1.0110,1.0119
sha,MIX_TOP1x3,"MTH_MEM MTH_MEM MTH_MEM",5438545.50,5654590.00,1.0397,1.0516
sha,MIX_TOP1_TOP2_TOP3,"MTH_MEM PR_TLB MEM",5438545.50,5723749.50,1.0524,1.1116
sha,MIX_TOP1x2_TOP2,"MTH_MEM MTH_MEM PR_TLB",5438545.50,5642807.00,1.0376,1.0495
sha,MIX_TOP2x3,"PR_TLB PR_TLB PR_TLB",5438545.50,5559610.50,1.0223,1.0226
sha,MIX_TOP1_TOP3x2,"MTH_MEM MEM MEM",5438545.50,5519006.00,1.0148,1.0204
st,SOLO3_CACHE,"CACHE CACHE CACHE",321609.50,322094.00,1.0015,1.0053
st,SOLO3_BUS,"BUS BUS BUS",321609.50,325772.00,1.0129,1.0121
st,SOLO3_MEM,"MEM MEM MEM",321609.50,329903.50,1.0258,1.0515
st,SOLO3_POINTER,"POINTER POINTER POINTER",321609.50,333173.50,1.0360,1.0286
st,SOLO3_PIPELINE,"PIPELINE PIPELINE PIPELINE",321609.50,321720.00,1.0003,0.9977
st,SOLO3_MTH_CACHE,"MTH_CACHE MTH_CACHE MTH_CACHE",321609.50,323387.50,1.0055,1.0032
st,SOLO3_MTH_BUS,"MTH_BUS MTH_BUS MTH_BUS",321609.50,324755.50,1.0098,1.0053
st,SOLO3_MTH_MEM,"MTH_MEM MTH_MEM MTH_MEM",321609.50,326887.00,1.0164,1.0394
st,SOLO3_MTH_POINTER,"MTH_POINTER MTH_POINTER MTH_POINTER",321609.50,322316.50,1.0022,0.9988
st,SOLO3_MTH_PIPELINE,"MTH_PIPELINE MTH_PIPELINE MTH_PIPELINE",321609.50,321703.00,1.0003,0.9957
st,SOLO3_MTH_SYSCALLS,"MTH_SYSCALLS MTH_SYSCALLS MTH_SYSCALLS",321609.50,321878.50,1.0008,0.9976
st,SOLO3_PR_CACHE,"PR_CACHE PR_CACHE PR_CACHE",321609.50,322871.50,1.0039,1.0128
st,SOLO3_PR_MEMBUS,"PR_MEMBUS PR_MEMBUS PR_MEMBUS",321609.50,326389.50,1.0149,1.0132
st,SOLO3_PR_ROWBUF,"PR_ROWBUF PR_ROWBUF PR_ROWBUF",321609.50,321646.00,1.0001,1.0028
st,SOLO3_PR_POINTER,"PR_POINTER PR_POINTER PR_POINTER",321609.50,323005.00,1.0043,1.0004
st,SOLO3_PR_TLB,"PR_TLB PR_TLB PR_TLB",321609.50,326025.50,1.0137,1.0093
st,SOLO3_PR_DISKIO,"PR_DISKIO PR_DISKIO PR_DISKIO",321609.50,323240.50,1.0051,1.0067
st,SOLO3_PR_FILESYS,"PR_FILESYS PR_FILESYS PR_FILESYS",321609.50,325588.50,1.0124,1.0079
st,SOLO3_PR_NET,"PR_NET PR_NET PR_NET",321609.50,322363.50,1.0023,0.9976
st,SOLO3_PR_SPAWN,"PR_SPAWN PR_SPAWN PR_SPAWN",321609.50,333896.50,1.0382,1.0344
st,MIX_TOP1x3,"PR_SPAWN PR_SPAWN PR_SPAWN",321609.50,330487.50,1.0276,1.0212
st,MIX_TOP1_TOP2_TOP3,"PR_SPAWN POINTER MEM",321609.50,345626.00,1.0747,1.0829
st,MIX_TOP1x2_TOP2,"PR_SPAWN PR_SPAWN POINTER",321609.50,332017.00,1.0324,1.0177
st,MIX_TOP2x3,"POINTER POINTER POINTER",321609.50,333185.50,1.0360,1.0272
st,MIX_TOP1_TOP3x2,"PR_SPAWN MEM MEM",321609.50,324501.50,1.0090,1.0269
statemate,SOLO3_CACHE,"CACHE CACHE CACHE",105857.50,106286.50,1.0041,1.0497
statemate,SOLO3_BUS,"BUS BUS BUS",105857.50,133167.50,1.2580,1.2293
statemate,SOLO3_MEM,"MEM MEM MEM",105857.50,106794.00,1.0088,1.1572
statemate,SOLO3_POINTER,"POINTER POINTER POINTER",105857.50,106851.00,1.0094,1.0769
statemate,SOLO3_PIPELINE,"PIPELINE PIPELINE PIPELINE",105857.50,106417.00,1.0053,1.0156
statemate,SOLO3_MTH_CACHE,"MTH_CACHE MTH_CACHE MTH_CACHE",105857.50,128402.50,1.2130,1.1212
statemate,SOLO3_MTH_BUS,"MTH_BUS MTH_BUS MTH_BUS",105857.50,106810.50,1.0090,1.0501
statemate,SOLO3_MTH_MEM,"MTH_MEM MTH_MEM MTH_MEM",105857.50,165775.50,1.5660,1.6466
statemate,SOLO3_MTH_POINTER,"MTH_POINTER MTH_POINTER MTH_POINTER",105857.50,112307.00,1.0609,1.0927
statemate,SOLO3_MTH_PIPELINE,"MTH_PIPELINE MTH_PIPELINE MTH_PIPELINE",105857.50,105889.50,1.0003,1.0055
statemate,SOLO3_MTH_SYSCALLS,"MTH_SYSCALLS MTH_SYSCALLS MTH_SYSCALLS",105857.50,112708.00,1.0647,1.0637
statemate,SOLO3_PR_CACHE,"PR_CACHE PR_CACHE PR_CACHE",105857.50,129318.00,1.2216,1.2173
statemate,SOLO3_PR_MEMBUS,"PR_MEMBUS PR_MEMBUS PR_MEMBUS",105857.50,106096.00,1.0023,1.0069
statemate,SOLO3_PR_ROWBUF,"PR_ROWBUF PR_ROWBUF PR_ROWBUF",105857.50,108906.00,1.0288,1.0736
statemate,SOLO3_PR_POINTER,"PR_POINTER PR_POINTER PR_POINTER",105857.50,111426.50,1.0526,1.0461
statemate,SOLO3_PR_TLB,"PR_TLB PR_TLB PR_TLB",105857.50,109800.50,1.0372,1.0980
statemate,SOLO3_PR_DISKIO,"PR_DISKIO PR_DISKIO PR_DISKIO",105857.50,106039.00,1.0017,1.0119
statemate,SOLO3_PR_FILESYS,"PR_FILESYS PR_FILESYS PR_FILESYS",105857.50,113155.50,1.0689,1.0790
statemate,SOLO3_PR_NET,"PR_NET PR_NET PR_NET",105857.50,106823.50,1.0091,1.0222
statemate,SOLO3_PR_SPAWN,"PR_SPAWN PR_SPAWN PR_SPAWN",105857.50,128787.50,1.2166,1.2099
statemate,MIX_TOP1x3,"MTH_MEM MTH_MEM MTH_MEM",105857.50,109658.50,1.0359,1.2269
statemate,MIX_TOP1_TOP2_TOP3,"MTH_MEM BUS PR_CACHE",105857.50,110694.00,1.0457,1.4148
statemate,MIX_TOP1x2_TOP2,"MTH_MEM MTH_MEM BUS",105857.50,108107.00,1.0213,1.2877
statemate,MIX_TOP2x3,"BUS BUS BUS",105857.50,120766.00,1.1408,1.1448
statemate,MIX_TOP1_TOP3x2,"MTH_MEM PR_CACHE PR_CACHE",105857.50,109428.00,1.0337,1.2721
susan,SOLO3_CACHE,"CACHE CACHE CACHE",78976611.00,79006817.50,1.0004,1.0002
susan,SOLO3_BUS,"BUS BUS BUS",78976611.00,78992393.50,1.0002,1.0007
susan,SOLO3_MEM,"MEM MEM MEM",78976611.00,79660543.00,1.0087,1.0089
susan,SOLO3_POINTER,"POINTER POINTER POINTER",78976611.00,79031288.50,1.0007,1.0010
susan,SOLO3_PIPELINE,"PIPELINE PIPELINE PIPELINE",78976611.00,78899299.50,0.9990,0.9991
susan,SOLO3_MTH_CACHE,"MTH_CACHE MTH_CACHE MTH_CACHE",78976611.00,78995610.00,1.0002,1.0004
susan,SOLO3_MTH_BUS,"MTH_BUS MTH_BUS MTH_BUS",78976611.00,79184825.50,1.0026,1.0036
susan,SOLO3_MTH_MEM,"MTH_MEM MTH_MEM MTH_MEM",78976611.00,79674626.00,1.0088,1.0113
susan,SOLO3_MTH_POINTER,"MTH_POINTER MTH_POINTER MTH_POINTER",78976611.00,79017378.50,1.0005,1.0007
susan,SOLO3_MTH_PIPELINE,"MTH_PIPELINE MTH_PIPELINE MTH_PIPELINE",78976611.00,78954376.50,0.9997,1.0001
susan,SOLO3_MTH_SYSCALLS,"MTH_SYSCALLS MTH_SYSCALLS MTH_SYSCALLS",78976611.00,78939959.50,0.9995,0.9996
susan,SOLO3_PR_CACHE,"PR_CACHE PR_CACHE PR_CACHE",78976611.00,79111071.00,1.0017,1.0018
susan,SOLO3_PR_MEMBUS,"PR_MEMBUS PR_MEMBUS PR_MEMBUS",78976611.00,78899517.00,0.9990,0.9994
susan,SOLO3_PR_ROWBUF,"PR_ROWBUF PR_ROWBUF PR_ROWBUF",78976611.00,78976794.00,1.0000,1.0003
susan,SOLO3_PR_POINTER,"PR_POINTER PR_POINTER PR_POINTER",78976611.00,78895693.50,0.9990,0.9994
susan,SOLO3_PR_TLB,"PR_TLB PR_TLB PR_TLB",78976611.00,79521379.50,1.0069,1.0075
susan,SOLO3_PR_DISKIO,"PR_DISKIO PR_DISKIO PR_DISKIO",78976611.00,78934411.00,0.9995,0.9995
susan,SOLO3_PR_FILESYS,"PR_FILESYS PR_FILESYS PR_FILESYS",78976611.00,79003850.50,1.0003,1.0008
susan,SOLO3_PR_NET,"PR_NET PR_NET PR_NET",78976611.00,79060466.50,1.0011,1.0011
susan,SOLO3_PR_SPAWN,"PR_SPAWN PR_SPAWN PR_SPAWN",78976611.00,79211237.00,1.0030,1.0029
susan,MIX_TOP1x3,"MTH_MEM MTH_MEM MTH_MEM",78976611.00,79767331.50,1.0100,1.0125
susan,MIX_TOP1_TOP2_TOP3,"MTH_MEM MEM PR_TLB",78976611.00,79530899.00,1.0070,1.0086
susan,MIX_TOP1x2_TOP2,"MTH_MEM MTH_MEM MEM",78976611.00,79642706.50,1.0084,1.0114
susan,MIX_TOP2x3,"MEM MEM MEM",78976611.00,79507641.00,1.0067,1.0080
susan,MIX_TOP1_TOP3x2,"MTH_MEM PR_TLB PR_TLB",78976611.00,79721790.00,1.0094,1.0102
test3,SOLO3_CACHE,"CACHE CACHE CACHE",768144447.50,804032001.50,1.0467,1.0492
test3,SOLO3_BUS,"BUS BUS BUS",768144447.50,790431442.50,1.0290,1.0297
test3,SOLO3_MEM,"MEM MEM MEM",768144447.50,1075997177.00,1.4008,1.4029
test3,SOLO3_POINTER,"POINTER POINTER POINTER",768144447.50,801582722.00,1.0435,1.0446
test3,SOLO3_PIPELINE,"PIPELINE PIPELINE PIPELINE",768144447.50,750954252.00,0.9776,0.9823
test3,SOLO3_MTH_CACHE,"MTH_CACHE MTH_CACHE MTH_CACHE",768144447.50,780113343.50,1.0156,1.0166
test3,SOLO3_MTH_BUS,"MTH_BUS MTH_BUS MTH_BUS",768144447.50,795530130.50,1.0357,1.0372
test3,SOLO3_MTH_MEM,"MTH_MEM MTH_MEM MTH_MEM",768144447.50,870158653.00,1.1328,1.1369
test3,SOLO3_MTH_POINTER,"MTH_POINTER MTH_POINTER MTH_POINTER",768144447.50,775944018.00,1.0102,1.0116
test3,SOLO3_MTH_PIPELINE,"MTH_PIPELINE MTH_PIPELINE MTH_PIPELINE",768144447.50,767966082.50,0.9998,1.0036
test3,SOLO3_MTH_SYSCALLS,"MTH_SYSCALLS MTH_SYSCALLS MTH_SYSCALLS",768144447.50,783628408.50,1.0202,1.0222
test3,SOLO3_PR_CACHE,"PR_CACHE PR_CACHE PR_CACHE",768144447.50,811585027.50,1.0566,1.0588
test3,SOLO3_PR_MEMBUS,"PR_MEMBUS PR_MEMBUS PR_MEMBUS",768144447.50,762786803.00,0.9930,1.0013
test3,SOLO3_PR_ROWBUF,"PR_ROWBUF PR_ROWBUF PR_ROWBUF",768144447.50,780807588.50,1.0165,1.0184
test3,SOLO3_PR_POINTER,"PR_POINTER PR_POINTER PR_POINTER",768144447.50,788104787.00,1.0260,1.0294
test3,SOLO3_PR_TLB,"PR_TLB PR_TLB PR_TLB",768144447.50,792669768.00,1.0319,1.0328
test3,SOLO3_PR_DISKIO,"PR_DISKIO PR_DISKIO PR_DISKIO",768144447.50,784648833.00,1.0215,1.0233
test3,SOLO3_PR_FILESYS,"PR_FILESYS PR_FILESYS PR_FILESYS",768144447.50,791509957.50,1.0304,1.0313
test3,SOLO3_PR_NET,"PR_NET PR_NET PR_NET",768144447.50,766736487.00,0.9982,1.0002
test3,SOLO3_PR_SPAWN,"PR_SPAWN PR_SPAWN PR_SPAWN",768144447.50,804436542.50,1.0472,1.0483
test3,MIX_TOP1x3,"MEM MEM MEM",768144447.50,853173956.50,1.1107,1.1137
test3,MIX_TOP1_TOP2_TOP3,"MEM MTH_MEM PR_CACHE",768144447.50,855562747.00,1.1138,1.1150
test3,MIX_TOP1x2_TOP2,"MEM MEM MTH_MEM",768144447.50,851533904.00,1.1086,1.1168
test3,MIX_TOP2x3,"MTH_MEM MTH_MEM MTH_MEM",768144447.50,870783670.00,1.1336,1.1328
test3,MIX_TOP1_TOP3x2,"MEM PR_CACHE PR_CACHE",768144447.50,845906842.00,1.1012,1.1030
